account_id,customer-profile
5524,Need attention
2174,Leaky Bucket
4141,Stars
6182,Leaky Bucket
5324,Leaky Bucket
7446,Stars
965,Need attention
6177,High potential
4855,High potential
5899,Leaky Bucket
387,High potential
2125,Stars
8180,Leaky Bucket
2569,High potential
2114,Need attention
9736,High potential
4939,High potential
6565,Need attention
2278,High potential
9360,High potential
5376,High potential
1993,Need attention
4047,Stars
1409,High potential
7892,High potential
2404,High potential
9422,High potential
1966,Stars
6864,Leaky Bucket
3033,High potential
5710,High potential
7373,High potential
8755,Need attention
10738,Leaky Bucket
4339,Stars
10755,Leaky Bucket
8595,Leaky Bucket
2968,Need attention
8601,Need attention
503,High potential
8430,High potential
2139,Leaky Bucket
1371,Stars
9909,High potential
7286,High potential
6566,Need attention
8614,Stars
4114,Need attention
1331,High potential
2225,Stars
9381,Need attention
6260,Need attention
10383,Need attention
7437,Leaky Bucket
8375,Stars
6853,Need attention
3076,Need attention
1012,Need attention
6518,Need attention
4137,Stars
8082,High potential
1386,Leaky Bucket
9369,Stars
4477,Stars
1357,Need attention
1402,Need attention
6312,Need attention
8132,Need attention
1050,Leaky Bucket
5846,High potential
1859,Need attention
7503,Need attention
10401,Leaky Bucket
1618,Need attention
3332,High potential
2261,High potential
5346,High potential
4119,High potential
535,Stars
5268,Leaky Bucket
273,Leaky Bucket
4452,Leaky Bucket
8504,Stars
771,Leaky Bucket
11178,Leaky Bucket
2230,Leaky Bucket
7516,Leaky Bucket
7247,High potential
11100,High potential
4646,Stars
3037,High potential
1473,Leaky Bucket
1016,Leaky Bucket
4518,Need attention
9370,Need attention
8908,Stars
8373,Leaky Bucket
7533,Leaky Bucket
2683,Need attention
3629,High potential
10991,Need attention
5077,Stars
7431,Need attention
3267,Stars
999,Need attention
9215,High potential
2286,Leaky Bucket
1592,Stars
367,High potential
5234,High potential
9862,Leaky Bucket
9805,Need attention
6205,Leaky Bucket
8442,Leaky Bucket
7386,High potential
7215,Need attention
1491,Need attention
11071,Need attention
3381,Leaky Bucket
11051,Stars
8026,Stars
433,Need attention
9597,Stars
5290,Leaky Bucket
1685,Need attention
5342,High potential
9579,High potential
7660,Leaky Bucket
1461,Leaky Bucket
821,Need attention
11084,Stars
8690,Need attention
2937,Stars
9701,High potential
9949,Need attention
10837,High potential
3120,Leaky Bucket
5885,High potential
4050,Leaky Bucket
3830,Stars
7987,Stars
7798,High potential
92,Leaky Bucket
7055,Need attention
10240,Need attention
3025,Leaky Bucket
9283,Leaky Bucket
9970,Leaky Bucket
2730,Stars
2795,High potential
9260,Need attention
8182,Leaky Bucket
10095,Need attention
8475,Stars
4370,Leaky Bucket
10573,Stars
3712,Leaky Bucket
6637,Stars
3152,Leaky Bucket
5610,Leaky Bucket
6460,High potential
1349,Leaky Bucket
1880,Leaky Bucket
641,Leaky Bucket
8717,Need attention
10314,Need attention
10854,Leaky Bucket
10492,Leaky Bucket
6935,Stars
7698,Leaky Bucket
3559,Leaky Bucket
10562,Stars
10796,Leaky Bucket
2563,Leaky Bucket
3518,High potential
5823,Leaky Bucket
3934,Stars
6982,Need attention
6431,High potential
9733,High potential
5602,Need attention
7829,Leaky Bucket
1324,High potential
326,High potential
7224,Leaky Bucket
6999,Stars
9938,Stars
6422,Need attention
3182,Leaky Bucket
7300,Stars
10424,Stars
8727,Stars
2798,Need attention
1030,Leaky Bucket
624,High potential
5176,Leaky Bucket
5552,High potential
868,Leaky Bucket
380,Need attention
2677,High potential
6521,Stars
6927,High potential
2877,High potential
0,Need attention
1584,Leaky Bucket
7264,Leaky Bucket
6274,Stars
1377,Leaky Bucket
454,Need attention
1755,Leaky Bucket
2075,Stars
4785,Stars
9076,High potential
7079,Need attention
4653,High potential
7375,High potential
709,Need attention
460,Need attention
3726,Leaky Bucket
6798,High potential
5341,Need attention
1606,High potential
9617,Leaky Bucket
3233,Need attention
89,Leaky Bucket
2936,Leaky Bucket
9449,Stars
7297,Leaky Bucket
11004,Leaky Bucket
313,Stars
9940,Need attention
10735,Leaky Bucket
9529,Stars
6439,Need attention
7411,Leaky Bucket
2176,Need attention
9265,Need attention
8867,Need attention
8932,Need attention
10236,Leaky Bucket
6340,Leaky Bucket
10089,Need attention
2227,High potential
10992,Need attention
5304,High potential
309,Need attention
3406,High potential
2661,High potential
3153,Leaky Bucket
10264,High potential
1184,Need attention
4200,Leaky Bucket
9396,High potential
2387,High potential
6690,High potential
1225,Stars
9703,High potential
291,Need attention
4557,Leaky Bucket
2379,Need attention
5726,Leaky Bucket
3066,Leaky Bucket
6336,Leaky Bucket
10967,High potential
2304,Stars
3445,Need attention
7828,Stars
3762,Need attention
4391,Need attention
4669,High potential
10144,High potential
8652,High potential
1672,Stars
8962,Leaky Bucket
9974,High potential
10983,Need attention
8148,Need attention
10102,Stars
4697,High potential
9262,High potential
7254,Leaky Bucket
4543,Need attention
4927,Leaky Bucket
10451,High potential
2926,Need attention
2874,High potential
9738,High potential
7119,Need attention
3924,Stars
5827,Leaky Bucket
5596,Stars
10812,Leaky Bucket
1717,Leaky Bucket
9491,Leaky Bucket
9274,Need attention
6609,High potential
6963,Stars
4440,Stars
1379,High potential
10032,Leaky Bucket
2826,Leaky Bucket
6320,Need attention
3050,Leaky Bucket
231,Leaky Bucket
2392,Leaky Bucket
9478,Need attention
113,Leaky Bucket
1802,Need attention
520,High potential
8275,Leaky Bucket
9750,Need attention
2607,High potential
7214,Need attention
5835,High potential
3896,Leaky Bucket
10350,High potential
7786,High potential
2861,High potential
663,Leaky Bucket
10675,Need attention
2521,High potential
9592,High potential
10151,Need attention
7381,Need attention
4099,High potential
9560,Need attention
1150,Stars
10172,Need attention
11191,Leaky Bucket
9707,Need attention
6245,Need attention
8234,Leaky Bucket
1411,Stars
8553,High potential
1826,Stars
8842,High potential
11030,Leaky Bucket
2579,Stars
175,Need attention
9185,Stars
11056,Need attention
9365,Need attention
6201,Leaky Bucket
2061,High potential
6184,Need attention
6142,Stars
4107,Leaky Bucket
7274,Need attention
9336,Stars
2958,Leaky Bucket
933,High potential
5837,High potential
10704,Need attention
5125,Need attention
4432,High potential
5955,Need attention
2928,Need attention
5680,Leaky Bucket
10313,High potential
2557,Leaky Bucket
1245,Need attention
1519,High potential
10703,High potential
1726,High potential
4459,High potential
1729,Stars
1517,High potential
2098,High potential
9543,Leaky Bucket
6878,High potential
3310,High potential
2724,Leaky Bucket
948,High potential
6720,Leaky Bucket
6202,Need attention
2066,High potential
9799,Need attention
8318,Stars
5642,Leaky Bucket
2669,Stars
455,High potential
7683,Stars
3428,Stars
7414,High potential
6354,High potential
798,High potential
8213,High potential
2488,High potential
9999,Need attention
7617,Leaky Bucket
615,High potential
2552,Leaky Bucket
194,Leaky Bucket
3645,High potential
8890,Stars
5049,High potential
9973,High potential
7301,High potential
10882,Need attention
7030,Need attention
7422,High potential
3523,Need attention
7106,Stars
6504,Leaky Bucket
5067,Stars
4216,Need attention
8581,Need attention
5929,Leaky Bucket
3129,Leaky Bucket
6528,Leaky Bucket
1361,Need attention
6932,Need attention
7284,Leaky Bucket
1340,Stars
8746,Stars
5987,Leaky Bucket
3767,Need attention
3725,Need attention
4324,High potential
238,Need attention
6694,Stars
498,Leaky Bucket
9347,High potential
9699,Stars
10664,Leaky Bucket
5455,Leaky Bucket
456,High potential
5012,High potential
7495,Leaky Bucket
5029,Leaky Bucket
10642,High potential
2106,Leaky Bucket
10364,High potential
5954,Leaky Bucket
1137,Stars
2541,High potential
1142,Leaky Bucket
2276,Need attention
2807,Need attention
6471,Leaky Bucket
6131,Stars
6233,Need attention
4148,High potential
4947,Need attention
3225,High potential
7540,Leaky Bucket
10648,Need attention
1992,Stars
7851,Stars
8594,Leaky Bucket
7059,Stars
2815,Leaky Bucket
2416,Stars
7999,Need attention
9213,High potential
9697,Leaky Bucket
3916,Need attention
2021,Need attention
1581,Leaky Bucket
564,Need attention
6619,High potential
9081,Leaky Bucket
178,Need attention
916,Leaky Bucket
5512,Stars
8970,Need attention
10581,High potential
5300,Leaky Bucket
5154,Leaky Bucket
8346,High potential
1676,Leaky Bucket
9286,Need attention
2426,Need attention
5172,Stars
5562,Need attention
3436,Leaky Bucket
3921,High potential
3403,Need attention
22,High potential
10965,Need attention
9426,Need attention
6605,Stars
3136,Need attention
8737,Leaky Bucket
11088,Need attention
716,Stars
466,Need attention
9135,High potential
10623,Leaky Bucket
8151,High potential
5140,Need attention
10160,High potential
4945,Need attention
10584,Stars
6071,Stars
3386,High potential
8939,Need attention
9925,High potential
4320,Need attention
5389,Leaky Bucket
6036,Stars
182,High potential
203,Need attention
11025,High potential
10203,High potential
4607,Stars
3711,Stars
3696,Leaky Bucket
2532,Stars
9214,Leaky Bucket
4943,Need attention
35,High potential
2258,High potential
4322,Stars
713,Leaky Bucket
4702,Need attention
3281,Leaky Bucket
702,High potential
2004,Stars
4769,Stars
4437,High potential
8724,High potential
10741,High potential
1991,Leaky Bucket
6931,Stars
11096,Leaky Bucket
304,Leaky Bucket
3665,Leaky Bucket
10591,High potential
5036,High potential
5547,Stars
7822,Need attention
8541,Leaky Bucket
10955,Stars
4368,Leaky Bucket
9671,Leaky Bucket
2256,Leaky Bucket
4279,Leaky Bucket
5371,Leaky Bucket
9240,Stars
9460,High potential
9504,Stars
8692,High potential
448,Need attention
8314,Need attention
8420,Leaky Bucket
3174,Need attention
7685,Leaky Bucket
3179,Need attention
9780,Stars
10681,Stars
10232,Leaky Bucket
4184,Leaky Bucket
9120,Need attention
891,Leaky Bucket
10381,Leaky Bucket
3525,High potential
6818,High potential
3526,Leaky Bucket
8181,Leaky Bucket
1029,Stars
7369,Leaky Bucket
2574,Need attention
8159,Leaky Bucket
1160,Leaky Bucket
10242,Leaky Bucket
5253,Leaky Bucket
5966,High potential
5314,High potential
5081,Leaky Bucket
5123,High potential
5756,Leaky Bucket
8036,Leaky Bucket
9058,Need attention
5057,Stars
254,Leaky Bucket
4179,Leaky Bucket
3710,High potential
7627,Need attention
4501,Stars
6424,Leaky Bucket
3075,Stars
4992,Leaky Bucket
5252,High potential
7444,Leaky Bucket
6919,High potential
3537,High potential
10277,High potential
2453,Need attention
7972,Stars
895,Need attention
1177,High potential
7141,High potential
7232,Leaky Bucket
8477,High potential
2457,High potential
988,Stars
7930,Leaky Bucket
4587,Leaky Bucket
6682,High potential
6222,Leaky Bucket
10299,Need attention
3083,Leaky Bucket
8953,High potential
1503,Stars
8650,High potential
10862,High potential
2782,Leaky Bucket
6941,High potential
10972,Stars
10708,Leaky Bucket
6583,Need attention
3641,High potential
10156,Need attention
4299,Need attention
3469,High potential
5063,High potential
10727,Stars
9624,Stars
5156,Stars
4376,Leaky Bucket
8923,Need attention
8461,Leaky Bucket
6945,Need attention
944,High potential
1907,Need attention
701,Stars
3856,Need attention
4149,Stars
2131,Need attention
2942,High potential
1173,Need attention
4381,Leaky Bucket
4611,Need attention
3376,Leaky Bucket
4679,Stars
10928,Stars
4248,Stars
6728,High potential
6661,Need attention
4725,Leaky Bucket
3277,High potential
5555,Stars
2564,Leaky Bucket
946,High potential
3867,Stars
6940,Leaky Bucket
55,Need attention
7093,Leaky Bucket
5084,Stars
1777,High potential
8162,High potential
10826,High potential
8754,High potential
1987,Leaky Bucket
11007,High potential
7426,Leaky Bucket
9153,Stars
10379,Stars
9204,Need attention
3197,Stars
2920,Need attention
6961,Leaky Bucket
4673,Need attention
9937,Stars
8779,High potential
9596,Stars
2891,Stars
4910,Need attention
75,Leaky Bucket
10120,Leaky Bucket
6327,Stars
10142,Need attention
9826,Need attention
1501,Need attention
10767,Stars
7279,Stars
7230,High potential
143,Stars
450,Leaky Bucket
9316,Leaky Bucket
6379,High potential
9239,Leaky Bucket
8315,Leaky Bucket
2868,High potential
10888,Leaky Bucket
1277,Stars
9977,Stars
10196,Stars
6384,Stars
8029,Stars
968,Leaky Bucket
6988,Need attention
4472,Leaky Bucket
6991,High potential
3336,Stars
4301,High potential
1940,High potential
1272,Need attention
1388,High potential
1044,Need attention
6969,Leaky Bucket
10479,Need attention
3619,Need attention
1715,High potential
10159,Need attention
1463,Leaky Bucket
5114,Need attention
4990,Need attention
4329,Leaky Bucket
10936,Need attention
4692,High potential
7212,Leaky Bucket
6086,Stars
437,Stars
11171,Leaky Bucket
11101,Need attention
5329,Leaky Bucket
610,High potential
9384,Need attention
5956,Leaky Bucket
10430,Stars
7875,Stars
7072,Need attention
6255,Stars
6516,High potential
5564,Need attention
5682,Need attention
7458,High potential
5237,Leaky Bucket
7761,Leaky Bucket
5278,Stars
3560,Need attention
7235,Leaky Bucket
10548,Stars
2281,Leaky Bucket
4073,Stars
6974,Stars
7938,Leaky Bucket
7094,Stars
3667,Need attention
7723,Stars
3870,Need attention
4012,Need attention
5909,Stars
10470,High potential
6488,Leaky Bucket
10270,Leaky Bucket
6887,Stars
6406,Stars
7573,High potential
4508,Stars
221,High potential
5331,Need attention
1911,Need attention
20,Leaky Bucket
8786,Need attention
10582,Stars
1915,Stars
8897,High potential
2371,High potential
4303,High potential
6825,High potential
1072,Leaky Bucket
4964,Stars
2461,Leaky Bucket
10736,Stars
3194,Stars
10839,Leaky Bucket
49,Leaky Bucket
4290,Leaky Bucket
10219,High potential
4211,High potential
1135,Leaky Bucket
6299,High potential
10846,Leaky Bucket
347,High potential
6543,Need attention
10446,Need attention
3479,High potential
11075,Leaky Bucket
4442,High potential
199,High potential
6722,Stars
796,Need attention
3749,Need attention
8523,Leaky Bucket
310,Stars
8629,High potential
236,High potential
9930,Stars
3483,Need attention
4599,Leaky Bucket
7326,Leaky Bucket
7352,Leaky Bucket
2350,Need attention
9145,Need attention
2964,Leaky Bucket
5585,High potential
9687,Stars
3732,Need attention
6303,Stars
11176,Stars
2986,Leaky Bucket
7462,High potential
3900,Stars
7034,Leaky Bucket
9493,Need attention
1143,Leaky Bucket
1,Stars
3855,High potential
5536,Need attention
5989,Need attention
9499,Need attention
6768,High potential
2150,Need attention
6646,Leaky Bucket
4887,Leaky Bucket
8560,High potential
3321,Need attention
11003,Leaky Bucket
10402,High potential
9904,Need attention
6141,High potential
5687,Need attention
10856,High potential
5121,Stars
4186,Leaky Bucket
368,High potential
3312,Leaky Bucket
11121,High potential
5332,Stars
5848,Stars
10343,Need attention
5935,Need attention
2895,Leaky Bucket
10262,High potential
7848,High potential
9477,Stars
4856,Need attention
7186,Leaky Bucket
5794,Leaky Bucket
1456,Need attention
4877,Leaky Bucket
425,Need attention
3007,High potential
1031,Need attention
4297,Leaky Bucket
807,Leaky Bucket
9553,High potential
4271,High potential
4120,Leaky Bucket
2036,High potential
115,High potential
4259,Leaky Bucket
8687,High potential
2447,High potential
10140,Stars
9353,Stars
3623,Leaky Bucket
738,Leaky Bucket
7631,Stars
4789,Stars
773,High potential
10602,High potential
1446,Stars
3270,High potential
8443,Leaky Bucket
9653,High potential
8916,Leaky Bucket
8017,Leaky Bucket
5830,Need attention
4597,Need attention
7023,High potential
8086,Leaky Bucket
8825,High potential
2930,Stars
1928,High potential
7108,High potential
10925,Stars
9960,Leaky Bucket
8800,Need attention
9224,Need attention
5519,Stars
5046,Stars
7037,Leaky Bucket
905,Leaky Bucket
8624,Need attention
8945,Leaky Bucket
6445,Stars
2727,Leaky Bucket
6404,High potential
11074,Stars
10150,Stars
1968,Leaky Bucket
6534,Leaky Bucket
9485,Leaky Bucket
7053,Need attention
4654,Stars
9760,Need attention
1048,High potential
10619,Need attention
9308,Need attention
10505,Stars
8362,Stars
2625,Leaky Bucket
4637,Need attention
9972,Leaky Bucket
4483,Need attention
4487,High potential
4988,Leaky Bucket
8931,Stars
5871,High potential
2008,Stars
3139,Stars
10037,Stars
10673,Stars
5303,Stars
538,Leaky Bucket
7922,Need attention
5692,High potential
4843,Stars
6383,Leaky Bucket
1628,Stars
1204,Need attention
3673,Stars
760,Stars
8957,Need attention
4128,Stars
6810,Need attention
5386,Need attention
8700,High potential
3202,Need attention
1328,Stars
8405,Stars
6515,Leaky Bucket
2882,Need attention
7574,Leaky Bucket
6387,Leaky Bucket
5320,High potential
5048,High potential
8146,Leaky Bucket
10031,High potential
5748,Need attention
2134,Need attention
1523,Leaky Bucket
9665,High potential
4640,Need attention
3635,Leaky Bucket
3547,High potential
2456,Leaky Bucket
5633,Leaky Bucket
7801,Stars
10489,Stars
7011,High potential
2620,High potential
3933,High potential
10981,Stars
1734,High potential
10995,High potential
6357,Stars
9209,Need attention
10286,Stars
2611,Need attention
1600,Leaky Bucket
3308,Leaky Bucket
5407,Stars
2166,Leaky Bucket
3955,Leaky Bucket
6634,Leaky Bucket
3056,Stars
5718,Stars
6872,Stars
8164,Stars
4580,Stars
9305,Need attention
453,Leaky Bucket
8545,Stars
9850,High potential
7378,High potential
7646,Stars
1640,Leaky Bucket
5184,Leaky Bucket
8492,Stars
11188,Leaky Bucket
1212,Stars
9097,Leaky Bucket
10473,Need attention
7962,Stars
9984,Need attention
5527,High potential
6374,High potential
7453,High potential
8952,Need attention
241,Need attention
8975,Leaky Bucket
6119,High potential
5236,Need attention
5723,Leaky Bucket
1710,High potential
1970,High potential
5313,Leaky Bucket
10634,Stars
7010,Stars
8562,High potential
3158,High potential
4436,High potential
5287,Leaky Bucket
2445,High potential
6059,Need attention
4550,Leaky Bucket
4240,High potential
8911,Need attention
3706,Leaky Bucket
3628,High potential
10175,Leaky Bucket
8985,Need attention
5204,Need attention
9220,Need attention
9888,Stars
5263,High potential
1020,Stars
9503,High potential
10613,Leaky Bucket
67,Leaky Bucket
6019,Leaky Bucket
5863,High potential
3717,Stars
6730,High potential
10749,High potential
4998,Stars
6287,Leaky Bucket
5985,High potential
4754,Leaky Bucket
4002,Stars
8870,High potential
966,High potential
4767,Stars
9725,Leaky Bucket
4475,Need attention
5740,High potential
5731,High potential
7290,Need attention
3846,High potential
8104,Leaky Bucket
4507,Need attention
11013,Need attention
4491,Need attention
3759,Stars
1162,High potential
2055,Leaky Bucket
10766,Stars
4415,High potential
3005,Stars
2223,Need attention
4817,High potential
2875,Stars
10536,Leaky Bucket
11112,Need attention
3807,Need attention
9197,Leaky Bucket
10832,Leaky Bucket
6421,Need attention
4207,Need attention
577,Leaky Bucket
10855,Leaky Bucket
3081,High potential
3535,Stars
247,High potential
8707,Need attention
9523,Leaky Bucket
6072,Need attention
6295,Need attention
10914,Leaky Bucket
1509,Need attention
5577,Leaky Bucket
7348,Stars
1127,Stars
1833,Leaky Bucket
4944,Stars
9080,High potential
6466,Leaky Bucket
9964,Stars
4790,Stars
10245,Need attention
1109,High potential
6001,Need attention
5538,Stars
10552,High potential
1545,Leaky Bucket
7409,Leaky Bucket
4444,Leaky Bucket
146,Stars
6271,Leaky Bucket
10065,Leaky Bucket
4741,Stars
246,Stars
375,Need attention
1524,Need attention
10022,Leaky Bucket
7451,Stars
11010,Leaky Bucket
4356,Stars
3885,Leaky Bucket
1175,Leaky Bucket
880,High potential
2320,Leaky Bucket
850,Stars
4713,High potential
675,High potential
5025,Leaky Bucket
2308,High potential
5995,High potential
6749,Need attention
1010,Leaky Bucket
8977,High potential
4756,Stars
3412,Need attention
606,Leaky Bucket
5961,Leaky Bucket
2975,Need attention
2894,Stars
7613,Leaky Bucket
10542,High potential
8015,Need attention
10617,Leaky Bucket
11166,High potential
849,Need attention
523,High potential
4066,Leaky Bucket
8414,Leaky Bucket
819,Stars
4961,Leaky Bucket
749,Leaky Bucket
5430,Need attention
7755,Leaky Bucket
10525,High potential
1453,Need attention
8310,Need attention
10710,High potential
5031,Need attention
2613,Leaky Bucket
213,Leaky Bucket
967,Leaky Bucket
1077,Need attention
7959,Stars
640,Need attention
4252,Leaky Bucket
8432,Need attention
6218,Need attention
6905,Need attention
5922,Leaky Bucket
3598,Need attention
6116,Leaky Bucket
6263,High potential
10486,Need attention
2410,Stars
193,Leaky Bucket
3363,Leaky Bucket
8278,Need attention
10660,Stars
8686,High potential
1604,Leaky Bucket
5907,High potential
10669,High potential
2918,High potential
5735,Stars
359,High potential
8387,High potential
1829,Need attention
3839,High potential
9392,Leaky Bucket
2292,Leaky Bucket
10466,Leaky Bucket
9855,Stars
4088,High potential
5231,Leaky Bucket
590,Need attention
8732,Need attention
2315,Leaky Bucket
3515,Leaky Bucket
2245,High potential
6283,Need attention
2246,Leaky Bucket
6606,Need attention
5545,Stars
7342,Need attention
837,Leaky Bucket
9500,Need attention
3602,Leaky Bucket
234,High potential
2995,Stars
1118,Need attention
7789,Stars
3068,Leaky Bucket
8955,Leaky Bucket
945,High potential
5644,Leaky Bucket
7192,Need attention
2324,Stars
697,Need attention
3439,High potential
1506,High potential
232,Stars
8876,High potential
4500,Stars
9739,High potential
10395,High potential
1176,Leaky Bucket
1627,Need attention
938,Leaky Bucket
2740,Leaky Bucket
257,Need attention
4058,Stars
7736,High potential
8210,Leaky Bucket
833,Leaky Bucket
6230,High potential
7325,High potential
1307,Leaky Bucket
1502,High potential
6211,Leaky Bucket
843,Stars
4174,Leaky Bucket
9757,Stars
6918,High potential
286,Leaky Bucket
11086,Leaky Bucket
1921,Leaky Bucket
4138,Stars
7718,Stars
1291,High potential
6862,Leaky Bucket
4136,High potential
803,High potential
4298,Leaky Bucket
10833,Stars
9606,Stars
8534,Stars
5153,Need attention
961,Stars
5011,Stars
6653,High potential
9094,Need attention
810,Stars
5493,Leaky Bucket
2147,Need attention
5107,Leaky Bucket
3979,Need attention
6049,Stars
8147,High potential
1857,Leaky Bucket
3910,Stars
5207,Need attention
11114,High potential
5429,Leaky Bucket
9400,Stars
1740,Stars
7488,Need attention
195,High potential
635,Need attention
7527,High potential
10319,Need attention
2296,Leaky Bucket
10637,High potential
2931,Need attention
907,Leaky Bucket
3698,Need attention
9516,Need attention
679,High potential
7384,Leaky Bucket
5043,High potential
5267,High potential
339,High potential
2516,High potential
9010,Need attention
378,Need attention
4808,Leaky Bucket
5068,Leaky Bucket
7628,Leaky Bucket
7128,Leaky Bucket
2811,Leaky Bucket
3551,Leaky Bucket
1663,Leaky Bucket
5543,Need attention
1577,Stars
10641,High potential
5336,Stars
6024,Need attention
1878,Leaky Bucket
3099,High potential
6055,Need attention
5841,Need attention
3972,High potential
4394,Stars
5758,Stars
6658,Need attention
4603,Stars
8427,Need attention
10260,Leaky Bucket
7143,Stars
8789,Leaky Bucket
6197,High potential
4554,Leaky Bucket
4937,Leaky Bucket
1920,Leaky Bucket
8749,Leaky Bucket
1650,Need attention
10377,High potential
9206,Stars
10971,High potential
6398,Leaky Bucket
9212,Need attention
7937,Leaky Bucket
839,Leaky Bucket
4246,Leaky Bucket
158,Stars
4832,Leaky Bucket
5621,High potential
1945,Stars
5147,Stars
2535,Need attention
11039,Leaky Bucket
9495,Need attention
9635,Leaky Bucket
2173,Leaky Bucket
942,High potential
9386,Leaky Bucket
5510,High potential
873,Need attention
2253,High potential
5181,High potential
979,High potential
10390,High potential
4698,High potential
7793,Stars
1745,Need attention
10590,Need attention
5080,Stars
8369,High potential
5232,Stars
2407,Need attention
3834,Need attention
7912,High potential
7712,Stars
1065,Stars
7275,Leaky Bucket
1343,Need attention
1384,Leaky Bucket
9967,High potential
6181,Need attention
10507,Stars
2674,Need attention
2698,Leaky Bucket
3231,Leaky Bucket
4096,Leaky Bucket
10476,Stars
5948,Leaky Bucket
9140,Leaky Bucket
10258,High potential
5675,High potential
4743,Need attention
8805,High potential
1542,Leaky Bucket
6770,Leaky Bucket
8773,High potential
10420,Leaky Bucket
7514,Leaky Bucket
793,High potential
10909,Stars
8702,Leaky Bucket
4791,High potential
2963,Stars
8216,Leaky Bucket
8140,Leaky Bucket
10146,Leaky Bucket
5289,High potential
2587,Leaky Bucket
4405,Stars
8663,Leaky Bucket
2589,Leaky Bucket
3421,Need attention
10490,High potential
4094,High potential
9958,Stars
2534,Leaky Bucket
4188,High potential
6613,High potential
10827,High potential
5491,High potential
8402,Stars
8783,High potential
10010,High potential
618,Need attention
9121,Need attention
361,Leaky Bucket
4310,Stars
2678,High potential
6376,Need attention
524,High potential
10341,Leaky Bucket
5654,Leaky Bucket
4098,Leaky Bucket
5824,Leaky Bucket
7000,Stars
2561,Need attention
5229,Leaky Bucket
4086,High potential
2428,High potential
8254,High potential
2836,Leaky Bucket
8418,Leaky Bucket
1362,High potential
7152,High potential
10033,Leaky Bucket
9349,Stars
274,Leaky Bucket
3388,Stars
922,High potential
8588,High potential
2518,High potential
574,Leaky Bucket
3220,High potential
5967,Leaky Bucket
1183,Leaky Bucket
6856,High potential
4530,Need attention
1553,Stars
4682,Leaky Bucket
8204,Need attention
5221,Need attention
1232,Stars
1927,Stars
5788,High potential
6652,Stars
6246,Stars
5975,Leaky Bucket
6875,High potential
4399,Stars
4042,High potential
2157,High potential
10133,Stars
2525,High potential
8233,Stars
9483,Stars
2945,Leaky Bucket
10403,Leaky Bucket
5074,High potential
10524,Need attention
4690,High potential
7521,Need attention
7196,Leaky Bucket
4406,Need attention
9672,Leaky Bucket
4864,High potential
4706,High potential
4070,Need attention
25,Need attention
3697,High potential
217,Need attention
4220,Leaky Bucket
5286,Leaky Bucket
9559,Stars
2849,Need attention
7787,Need attention
3102,Leaky Bucket
5868,Leaky Bucket
8370,Need attention
9988,Need attention
2939,Stars
5529,Stars
9743,Need attention
5763,Leaky Bucket
3478,Need attention
7494,High potential
1763,Need attention
7250,Stars
2005,Leaky Bucket
10770,Stars
6885,Leaky Bucket
2072,Need attention
9463,Need attention
6318,Need attention
4093,High potential
5751,Leaky Bucket
3340,High potential
3594,Need attention
3584,Need attention
3643,Stars
851,Stars
7706,Need attention
3967,Stars
10128,Need attention
486,Stars
9,High potential
9451,Need attention
9264,Stars
3865,High potential
2853,Leaky Bucket
1490,Need attention
6310,Leaky Bucket
10380,Leaky Bucket
3887,High potential
4278,Need attention
8643,Need attention
1998,Leaky Bucket
10795,Leaky Bucket
11110,High potential
2408,Need attention
202,Stars
7998,High potential
830,Stars
3536,High potential
6050,Need attention
125,High potential
3463,Stars
2804,High potential
3745,High potential
9771,High potential
451,Leaky Bucket
10530,Stars
1079,Need attention
8920,Need attention
6678,Leaky Bucket
3852,Need attention
528,Need attention
73,High potential
5589,Need attention
10212,High potential
6365,Leaky Bucket
5636,High potential
591,Need attention
2217,High potential
2544,Leaky Bucket
7725,Stars
8091,Need attention
7321,Stars
5462,Need attention
7791,Leaky Bucket
955,High potential
4037,High potential
6642,High potential
2793,Stars
5424,High potential
879,Leaky Bucket
9530,High potential
4828,Stars
10699,Leaky Bucket
1497,High potential
7476,Need attention
4390,Stars
10478,Need attention
1081,Need attention
4261,Need attention
9916,High potential
5350,Stars
8135,Leaky Bucket
8685,High potential
4967,High potential
2130,Leaky Bucket
9298,Stars
8175,High potential
6257,Need attention
3790,Leaky Bucket
9952,Stars
3503,Stars
5223,Leaky Bucket
4608,Stars
1626,Leaky Bucket
4764,High potential
2471,Leaky Bucket
5892,High potential
2612,Stars
4971,High potential
5185,Need attention
10069,High potential
2262,Leaky Bucket
1131,Leaky Bucket
1041,High potential
24,Leaky Bucket
3409,Leaky Bucket
7022,Need attention
7943,Leaky Bucket
5272,Need attention
5453,Need attention
2565,Need attention
800,Leaky Bucket
11092,Leaky Bucket
5062,Leaky Bucket
8969,Need attention
4656,Need attention
4480,Stars
9971,Stars
6729,Need attention
1773,High potential
9242,Stars
1764,Leaky Bucket
6215,Leaky Bucket
10099,Stars
5423,Leaky Bucket
940,Leaky Bucket
3011,Stars
3298,Need attention
8286,Leaky Bucket
9668,High potential
5120,Need attention
6097,High potential
7019,High potential
7408,Leaky Bucket
8041,Need attention
252,High potential
9986,Leaky Bucket
3276,Leaky Bucket
3859,Stars
3570,Leaky Bucket
3783,Leaky Bucket
10207,High potential
10906,Leaky Bucket
3427,Need attention
5209,High potential
10711,Stars
10785,Leaky Bucket
2814,High potential
6866,Leaky Bucket
1665,Stars
6575,Need attention
3829,Leaky Bucket
3091,Stars
10141,High potential
5177,Leaky Bucket
7005,Stars
6409,Need attention
7485,Leaky Bucket
8079,Leaky Bucket
8395,Need attention
10352,High potential
4931,Stars
13,Leaky Bucket
1834,Leaky Bucket
2285,High potential
2295,Stars
1378,Stars
2781,Stars
1165,High potential
1404,High potential
6457,Stars
2639,Leaky Bucket
8299,Leaky Bucket
6437,High potential
6912,Stars
7327,Leaky Bucket
5299,Stars
4127,Need attention
8143,Leaky Bucket
1964,Stars
3690,Need attention
3433,Need attention
3389,Need attention
4712,High potential
1170,High potential
6347,High potential
4065,High potential
8230,Leaky Bucket
1215,Stars
5939,Leaky Bucket
2156,High potential
7788,Leaky Bucket
10323,Leaky Bucket
7947,Leaky Bucket
1891,Need attention
2570,Stars
9256,Need attention
295,Stars
7397,Stars
6349,Need attention
10790,High potential
10398,High potential
2431,High potential
550,Need attention
1890,High potential
10742,Need attention
10356,High potential
4676,Stars
8852,Need attention
3565,Leaky Bucket
5294,Leaky Bucket
1958,Stars
7349,High potential
8799,Leaky Bucket
1351,Need attention
1045,High potential
7732,Stars
8070,Leaky Bucket
477,Stars
7832,Stars
2202,High potential
7396,Need attention
4055,Leaky Bucket
10340,High potential
10091,Need attention
7629,Leaky Bucket
10640,Leaky Bucket
3498,Need attention
6742,High potential
1172,Need attention
569,Stars
4686,Stars
1381,Leaky Bucket
2634,Leaky Bucket
10905,High potential
1744,High potential
1000,Need attention
3828,Need attention
8605,Leaky Bucket
10304,High potential
4351,High potential
10129,Stars
2499,Need attention
10092,Need attention
7500,Stars
5796,Stars
10556,Leaky Bucket
1064,Leaky Bucket
48,Leaky Bucket
7610,High potential
263,Leaky Bucket
10814,Need attention
9710,Need attention
9292,Need attention
10250,High potential
7881,Stars
5847,Need attention
737,Need attention
3571,Need attention
7807,High potential
3878,Leaky Bucket
5092,High potential
2154,High potential
5394,High potential
3798,Leaky Bucket
3524,Leaky Bucket
5247,Leaky Bucket
5883,Need attention
2118,Stars
8812,High potential
6616,Stars
2797,Stars
4328,Leaky Bucket
9167,Need attention
10560,Leaky Bucket
2631,Need attention
8312,Leaky Bucket
5534,Leaky Bucket
5093,High potential
7592,High potential
8895,Need attention
8584,Need attention
2694,Leaky Bucket
8910,High potential
7433,High potential
164,High potential
10477,Leaky Bucket
2681,Stars
5150,High potential
5283,Leaky Bucket
9645,Need attention
10678,Stars
7261,High potential
9648,High potential
2870,High potential
8008,Leaky Bucket
1513,Need attention
6173,Stars
1419,Leaky Bucket
9150,Leaky Bucket
7960,Stars
1250,Leaky Bucket
9905,High potential
10691,High potential
7002,Stars
2952,Leaky Bucket
8439,Stars
762,Stars
2831,Stars
6977,Need attention
6289,High potential
4168,High potential
8397,Leaky Bucket
9284,Need attention
6237,Leaky Bucket
3130,High potential
1619,Stars
1990,Need attention
5513,High potential
269,Need attention
8093,Stars
10513,Need attention
10177,Need attention
2549,High potential
5782,Stars
10057,Stars
10307,Leaky Bucket
8566,Leaky Bucket
2415,Stars
5684,Leaky Bucket
8334,Leaky Bucket
9166,Stars
1440,Need attention
78,Leaky Bucket
5441,Leaky Bucket
5302,Need attention
4687,Need attention
1087,High potential
6859,Leaky Bucket
9860,High potential
7129,Need attention
5866,Leaky Bucket
10521,Leaky Bucket
7393,High potential
7849,Stars
332,High potential
9847,Need attention
531,Need attention
9576,High potential
6906,Need attention
7419,Leaky Bucket
3170,Stars
8527,Stars
7872,Need attention
9931,Leaky Bucket
10595,High potential
4609,Stars
5010,Leaky Bucket
4427,Need attention
11148,High potential
1168,Need attention
9595,Need attention
10163,Stars
2886,Stars
6710,High potential
5316,High potential
9029,Need attention
521,High potential
1459,Need attention
10241,Leaky Bucket
1630,Stars
3254,Stars
9064,Need attention
3678,Need attention
4227,Leaky Bucket
9467,Leaky Bucket
8486,High potential
2186,Stars
3286,Leaky Bucket
8602,Need attention
3722,Leaky Bucket
6715,Need attention
4796,Leaky Bucket
9612,Leaky Bucket
3766,High potential
1399,Stars
1570,Need attention
3426,Need attention
3074,Need attention
8341,Leaky Bucket
5180,Leaky Bucket
6461,Need attention
7679,Leaky Bucket
10702,High potential
7505,Leaky Bucket
5113,Stars
10858,Stars
2961,High potential
2747,Need attention
3010,Stars
5790,High potential
6892,Stars
1743,Stars
3578,Leaky Bucket
8462,High potential
5558,Stars
4619,Stars
8780,Need attention
10789,High potential
10779,Leaky Bucket
5896,Stars
2337,Leaky Bucket
10951,Leaky Bucket
544,Need attention
17,Stars
10680,Leaky Bucket
3265,High potential
5623,Leaky Bucket
5832,Stars
5544,Need attention
6417,Need attention
5831,Need attention
7101,Need attention
10176,High potential
2326,High potential
4385,High potential
2929,High potential
10686,High potential
2546,Leaky Bucket
3283,Stars
3138,Need attention
4994,Stars
7966,Need attention
3112,Leaky Bucket
10872,Need attention
2181,Need attention
1867,Need attention
1518,Need attention
5734,Leaky Bucket
2878,Stars
1458,Leaky Bucket
7007,Leaky Bucket
6200,Need attention
1403,High potential
4827,High potential
6250,Need attention
9291,Leaky Bucket
2478,Leaky Bucket
1139,Stars
5138,High potential
5393,High potential
10413,Stars
5015,High potential
10868,Need attention
10676,Need attention
2495,Stars
7842,High potential
9955,High potential
6663,Leaky Bucket
2162,Stars
3434,Stars
7919,Need attention
5626,Stars
6428,Stars
8514,Leaky Bucket
10448,High potential
2109,Need attention
7530,Leaky Bucket
8925,Need attention
3009,Need attention
6355,Leaky Bucket
3517,High potential
1158,Leaky Bucket
6203,Stars
7165,Stars
3595,Stars
8537,Need attention
4331,Stars
6281,Need attention
4338,Leaky Bucket
2452,High potential
9507,High potential
8360,Leaky Bucket
10311,Leaky Bucket
5117,High potential
4867,Leaky Bucket
9289,Leaky Bucket
10913,High potential
3032,High potential
8524,High potential
3334,Stars
4470,High potential
1406,High potential
8619,High potential
10821,High potential
4552,High potential
898,Leaky Bucket
9797,Stars
10949,Stars
8212,High potential
6248,Stars
10164,Stars
4547,High potential
6815,Stars
4122,Need attention
10841,High potential
5370,High potential
176,Stars
4860,High potential
10757,Leaky Bucket
4023,High potential
6679,Leaky Bucket
9923,Leaky Bucket
7181,Leaky Bucket
3599,Need attention
405,High potential
6870,Stars
832,Stars
2002,Need attention
3657,High potential
500,Stars
1951,High potential
3262,Need attention
4102,High potential
7042,High potential
10598,High potential
255,Leaky Bucket
2375,High potential
9829,Leaky Bucket
6214,High potential
4954,Leaky Bucket
7861,Stars
4837,Need attention
9423,Leaky Bucket
4198,High potential
153,Leaky Bucket
9323,Need attention
10001,High potential
3945,Need attention
3799,Stars
8625,Leaky Bucket
3491,Need attention
983,Leaky Bucket
9119,Stars
4786,Need attention
5872,Need attention
6568,High potential
5628,Need attention
5631,Need attention
4974,Need attention
8416,Leaky Bucket
5454,Leaky Bucket
4095,High potential
5474,Leaky Bucket
4268,Leaky Bucket
10701,Stars
3507,Need attention
2079,Stars
626,High potential
4426,Stars
2591,Stars
10509,Leaky Bucket
6382,Leaky Bucket
6673,High potential
7441,Need attention
1071,Stars
10061,Need attention
8775,Leaky Bucket
2345,Stars
322,High potential
10897,Need attention
123,Need attention
6103,Leaky Bucket
7899,Need attention
10500,Leaky Bucket
1655,Leaky Bucket
2406,Leaky Bucket
2712,Stars
5517,Leaky Bucket
10643,High potential
2254,Need attention
10281,Stars
6958,High potential
954,Leaky Bucket
4643,High potential
6497,High potential
5396,Need attention
1052,Need attention
2802,Need attention
6343,Stars
6507,Leaky Bucket
7901,Leaky Bucket
4865,Leaky Bucket
2686,Leaky Bucket
3107,Stars
7734,Need attention
1146,Need attention
11031,High potential
7428,Stars
975,High potential
1103,Need attention
3422,Need attention
1055,Leaky Bucket
6544,Stars
1241,High potential
2909,Stars
5802,High potential
1407,High potential
6183,High potential
340,Need attention
5991,High potential
3104,Need attention
9729,Need attention
1008,Need attention
11091,Leaky Bucket
3969,Leaky Bucket
1916,Leaky Bucket
9907,Stars
87,Leaky Bucket
8659,Stars
6262,Need attention
6147,High potential
8832,High potential
10067,Leaky Bucket
7532,High potential
4915,Need attention
2115,Leaky Bucket
2088,Stars
2493,Stars
6292,Need attention
1631,Need attention
10104,Leaky Bucket
3006,High potential
3919,Need attention
11181,Stars
642,High potential
4369,Stars
10127,Leaky Bucket
271,Leaky Bucket
4973,Leaky Bucket
2948,Leaky Bucket
2715,High potential
10432,Leaky Bucket
9216,Leaky Bucket
7124,High potential
9727,Leaky Bucket
5136,Stars
9790,Stars
1818,Leaky Bucket
1100,Leaky Bucket
7873,Stars
10609,Leaky Bucket
6950,Leaky Bucket
7233,Need attention
9481,Leaky Bucket
7699,Leaky Bucket
2711,High potential
8933,Leaky Bucket
8726,Leaky Bucket
1515,Leaky Bucket
5186,Stars
10157,Leaky Bucket
5667,Need attention
902,Stars
977,Leaky Bucket
7313,Need attention
7600,Leaky Bucket
9706,High potential
2429,Need attention
3520,Need attention
10394,Stars
4548,Leaky Bucket
9362,Stars
3968,Need attention
4084,Stars
6721,Stars
2829,Stars
1772,Need attention
1544,Need attention
492,High potential
4377,High potential
4541,Leaky Bucket
1321,Leaky Bucket
8858,High potential
3266,Leaky Bucket
11187,High potential
8207,Leaky Bucket
9723,Need attention
2666,Stars
5721,Stars
10652,Stars
1646,Leaky Bucket
4418,Need attention
2656,High potential
7990,High potential
8722,Need attention
7118,Need attention
2980,High potential
1839,Leaky Bucket
10722,Stars
2632,High potential
9014,Leaky Bucket
7620,Leaky Bucket
10968,Need attention
11133,High potential
2736,Need attention
1876,High potential
5959,High potential
1092,Need attention
4333,Leaky Bucket
3850,High potential
6168,Leaky Bucket
607,High potential
10469,Stars
6983,Leaky Bucket
3661,Need attention
9303,High potential
692,High potential
736,High potential
9589,Stars
4838,High potential
9246,High potential
6261,Stars
7366,Need attention
10659,High potential
1448,Leaky Bucket
4286,Stars
4749,Need attention
4478,Need attention
4201,High potential
10084,Leaky Bucket
7004,High potential
9817,Need attention
8080,High potential
8372,High potential
10870,Need attention
4001,Stars
7270,Stars
8235,Stars
9405,High potential
