account_id,fish-segment
5524,Fish - Biggest consumer
2174,Fish - Low consumer
4141,Fish - Biggest consumer
6182,Fish - Frequent consumer
5324,Fish - Frequent consumer
7446,Non consumer
965,Fish - Frequent consumer
6177,Fish - Low consumer
4855,Fish - Low consumer
5899,Fish - Low consumer
387,Fish - Frequent consumer
2125,Fish - Biggest consumer
8180,Fish - Low consumer
2569,Fish - Low consumer
2114,Fish - Frequent consumer
9736,Fish - Low consumer
4939,Fish - Biggest consumer
6565,Non consumer
2278,Fish - Frequent consumer
9360,Fish - Biggest consumer
5376,Fish - Low consumer
1993,Non consumer
4047,Fish - Frequent consumer
1409,Fish - Frequent consumer
7892,Fish - Frequent consumer
2404,Fish - Low consumer
9422,Fish - Frequent consumer
1966,Fish - Frequent consumer
6864,Fish - Low consumer
3033,Fish - Frequent consumer
5710,Fish - Low consumer
7373,Fish - Frequent consumer
8755,Fish - Biggest consumer
10738,Fish - Low consumer
4339,Non consumer
10755,Fish - Frequent consumer
8595,Fish - Low consumer
2968,Fish - Biggest consumer
8601,Fish - Biggest consumer
503,Fish - Low consumer
8430,Fish - Low consumer
2139,Fish - Low consumer
1371,Fish - Biggest consumer
9909,Fish - Frequent consumer
7286,Fish - Low consumer
6566,Fish - Frequent consumer
8614,Fish - Frequent consumer
4114,Fish - Frequent consumer
1331,Fish - Frequent consumer
2225,Fish - Biggest consumer
9381,Fish - Frequent consumer
6260,Fish - Biggest consumer
10383,Fish - Biggest consumer
7437,Fish - Low consumer
8375,Non consumer
6853,Fish - Biggest consumer
3076,Fish - Frequent consumer
1012,Fish - Frequent consumer
6518,Non consumer
4137,Fish - Biggest consumer
8082,Fish - Low consumer
1386,Non consumer
9369,Fish - Biggest consumer
4477,Fish - Frequent consumer
1357,Fish - Frequent consumer
1402,Fish - Biggest consumer
6312,Fish - Biggest consumer
8132,Non consumer
1050,Fish - Low consumer
5846,Fish - Low consumer
1859,Fish - Biggest consumer
7503,Fish - Biggest consumer
10401,Non consumer
1618,Non consumer
3332,Fish - Frequent consumer
2261,Fish - Low consumer
5346,Fish - Frequent consumer
4119,Fish - Frequent consumer
535,Fish - Frequent consumer
5268,Fish - Frequent consumer
273,Non consumer
4452,Non consumer
8504,Fish - Biggest consumer
771,Fish - Low consumer
11178,Non consumer
2230,Non consumer
7516,Fish - Frequent consumer
7247,Non consumer
11100,Non consumer
4646,Fish - Biggest consumer
3037,Fish - Biggest consumer
1473,Fish - Low consumer
1016,Fish - Low consumer
4518,Fish - Biggest consumer
9370,Fish - Biggest consumer
8908,Fish - Frequent consumer
8373,Fish - Frequent consumer
7533,Fish - Low consumer
2683,Fish - Biggest consumer
3629,Fish - Low consumer
10991,Fish - Frequent consumer
5077,Fish - Frequent consumer
7431,Fish - Frequent consumer
3267,Non consumer
999,Fish - Frequent consumer
9215,Non consumer
2286,Non consumer
1592,Fish - Biggest consumer
367,Fish - Biggest consumer
5234,Non consumer
9862,Fish - Frequent consumer
9805,Fish - Frequent consumer
6205,Non consumer
8442,Fish - Low consumer
7386,Fish - Frequent consumer
7215,Fish - Frequent consumer
1491,Fish - Frequent consumer
11071,Fish - Biggest consumer
3381,Non consumer
11051,Fish - Frequent consumer
8026,Fish - Biggest consumer
433,Non consumer
9597,Fish - Frequent consumer
5290,Fish - Low consumer
1685,Fish - Frequent consumer
5342,Fish - Frequent consumer
9579,Fish - Low consumer
7660,Fish - Low consumer
1461,Fish - Low consumer
821,Fish - Frequent consumer
11084,Fish - Frequent consumer
8690,Fish - Frequent consumer
2937,Fish - Frequent consumer
9701,Fish - Biggest consumer
9949,Fish - Frequent consumer
10837,Fish - Frequent consumer
3120,Non consumer
5885,Fish - Frequent consumer
4050,Fish - Frequent consumer
3830,Fish - Frequent consumer
7987,Fish - Frequent consumer
7798,Fish - Frequent consumer
92,Fish - Frequent consumer
7055,Non consumer
10240,Fish - Frequent consumer
3025,Fish - Low consumer
9283,Fish - Low consumer
9970,Fish - Frequent consumer
2730,Fish - Biggest consumer
2795,Non consumer
9260,Fish - Frequent consumer
8182,Fish - Frequent consumer
10095,Fish - Frequent consumer
8475,Fish - Low consumer
4370,Fish - Low consumer
10573,Fish - Biggest consumer
3712,Fish - Frequent consumer
6637,Fish - Biggest consumer
3152,Fish - Frequent consumer
5610,Fish - Frequent consumer
6460,Fish - Frequent consumer
1349,Fish - Low consumer
1880,Non consumer
641,Non consumer
8717,Fish - Biggest consumer
10314,Fish - Biggest consumer
10854,Non consumer
10492,Fish - Low consumer
6935,Fish - Biggest consumer
7698,Fish - Low consumer
3559,Fish - Low consumer
10562,Fish - Frequent consumer
10796,Non consumer
2563,Fish - Low consumer
3518,Fish - Frequent consumer
5823,Non consumer
3934,Fish - Frequent consumer
6982,Fish - Biggest consumer
6431,Fish - Low consumer
9733,Fish - Frequent consumer
5602,Fish - Biggest consumer
7829,Fish - Frequent consumer
1324,Fish - Low consumer
326,Fish - Frequent consumer
7224,Fish - Low consumer
6999,Fish - Frequent consumer
9938,Fish - Frequent consumer
6422,Fish - Frequent consumer
3182,Fish - Frequent consumer
7300,Fish - Low consumer
10424,Fish - Biggest consumer
8727,Fish - Frequent consumer
2798,Fish - Biggest consumer
1030,Non consumer
624,Fish - Frequent consumer
5176,Fish - Frequent consumer
5552,Fish - Frequent consumer
868,Non consumer
380,Fish - Frequent consumer
2677,Fish - Biggest consumer
6521,Fish - Frequent consumer
6927,Non consumer
2877,Fish - Frequent consumer
0,Fish - Biggest consumer
1584,Fish - Frequent consumer
7264,Non consumer
6274,Fish - Frequent consumer
1377,Non consumer
454,Fish - Frequent consumer
1755,Fish - Frequent consumer
2075,Fish - Biggest consumer
4785,Fish - Frequent consumer
9076,Non consumer
7079,Fish - Frequent consumer
4653,Fish - Low consumer
7375,Non consumer
709,Non consumer
460,Fish - Biggest consumer
3726,Fish - Low consumer
6798,Fish - Low consumer
5341,Fish - Biggest consumer
1606,Fish - Low consumer
9617,Fish - Low consumer
3233,Fish - Frequent consumer
89,Fish - Low consumer
2936,Non consumer
9449,Fish - Frequent consumer
7297,Fish - Frequent consumer
11004,Fish - Frequent consumer
313,Fish - Biggest consumer
9940,Fish - Biggest consumer
10735,Fish - Low consumer
9529,Fish - Biggest consumer
6439,Non consumer
7411,Non consumer
2176,Fish - Biggest consumer
9265,Fish - Biggest consumer
8867,Fish - Biggest consumer
8932,Fish - Biggest consumer
10236,Fish - Low consumer
6340,Non consumer
10089,Fish - Frequent consumer
2227,Fish - Frequent consumer
10992,Fish - Frequent consumer
5304,Non consumer
309,Fish - Frequent consumer
3406,Fish - Frequent consumer
2661,Fish - Frequent consumer
3153,Non consumer
10264,Fish - Low consumer
1184,Fish - Frequent consumer
4200,Fish - Frequent consumer
9396,Fish - Low consumer
2387,Fish - Low consumer
6690,Fish - Low consumer
1225,Fish - Biggest consumer
9703,Non consumer
291,Fish - Biggest consumer
4557,Fish - Frequent consumer
2379,Fish - Biggest consumer
5726,Non consumer
3066,Fish - Low consumer
6336,Fish - Frequent consumer
10967,Fish - Low consumer
2304,Fish - Frequent consumer
3445,Fish - Biggest consumer
7828,Fish - Biggest consumer
3762,Fish - Frequent consumer
4391,Fish - Frequent consumer
4669,Fish - Frequent consumer
10144,Non consumer
8652,Fish - Biggest consumer
1672,Fish - Frequent consumer
8962,Non consumer
9974,Fish - Low consumer
10983,Fish - Biggest consumer
8148,Fish - Frequent consumer
10102,Fish - Biggest consumer
4697,Fish - Low consumer
9262,Non consumer
7254,Fish - Frequent consumer
4543,Fish - Biggest consumer
4927,Fish - Frequent consumer
10451,Non consumer
2926,Non consumer
2874,Fish - Low consumer
9738,Non consumer
7119,Fish - Frequent consumer
3924,Non consumer
5827,Fish - Low consumer
5596,Fish - Frequent consumer
10812,Fish - Low consumer
1717,Fish - Frequent consumer
9491,Fish - Low consumer
9274,Fish - Biggest consumer
6609,Fish - Frequent consumer
6963,Fish - Frequent consumer
4440,Non consumer
1379,Fish - Frequent consumer
10032,Fish - Low consumer
2826,Fish - Low consumer
6320,Fish - Biggest consumer
3050,Fish - Low consumer
231,Non consumer
2392,Fish - Low consumer
9478,Fish - Biggest consumer
113,Fish - Low consumer
1802,Fish - Frequent consumer
520,Fish - Low consumer
8275,Non consumer
9750,Fish - Biggest consumer
2607,Fish - Frequent consumer
7214,Fish - Frequent consumer
5835,Fish - Low consumer
3896,Non consumer
10350,Non consumer
7786,Fish - Frequent consumer
2861,Fish - Low consumer
663,Fish - Frequent consumer
10675,Non consumer
2521,Fish - Low consumer
9592,Fish - Low consumer
10151,Fish - Biggest consumer
7381,Fish - Biggest consumer
4099,Fish - Frequent consumer
9560,Fish - Frequent consumer
1150,Fish - Biggest consumer
10172,Fish - Biggest consumer
11191,Fish - Frequent consumer
9707,Non consumer
6245,Fish - Frequent consumer
8234,Non consumer
1411,Fish - Biggest consumer
8553,Non consumer
1826,Fish - Biggest consumer
8842,Fish - Frequent consumer
11030,Non consumer
2579,Fish - Frequent consumer
175,Fish - Frequent consumer
9185,Fish - Frequent consumer
11056,Fish - Biggest consumer
9365,Non consumer
6201,Non consumer
2061,Non consumer
6184,Fish - Biggest consumer
6142,Fish - Biggest consumer
4107,Fish - Frequent consumer
7274,Fish - Biggest consumer
9336,Non consumer
2958,Fish - Frequent consumer
933,Fish - Low consumer
5837,Fish - Low consumer
10704,Fish - Frequent consumer
5125,Fish - Biggest consumer
4432,Fish - Low consumer
5955,Fish - Biggest consumer
2928,Fish - Frequent consumer
5680,Non consumer
10313,Fish - Low consumer
2557,Fish - Low consumer
1245,Fish - Frequent consumer
1519,Fish - Low consumer
10703,Non consumer
1726,Fish - Frequent consumer
4459,Fish - Low consumer
1729,Fish - Frequent consumer
1517,Fish - Low consumer
2098,Non consumer
9543,Non consumer
6878,Fish - Biggest consumer
3310,Fish - Frequent consumer
2724,Non consumer
948,Fish - Low consumer
6720,Fish - Low consumer
6202,Fish - Frequent consumer
2066,Fish - Low consumer
9799,Fish - Frequent consumer
8318,Fish - Frequent consumer
5642,Non consumer
2669,Fish - Biggest consumer
455,Fish - Low consumer
7683,Non consumer
3428,Fish - Biggest consumer
7414,Fish - Frequent consumer
6354,Fish - Low consumer
798,Fish - Frequent consumer
8213,Fish - Low consumer
2488,Non consumer
9999,Fish - Biggest consumer
7617,Fish - Low consumer
615,Fish - Frequent consumer
2552,Non consumer
194,Fish - Low consumer
3645,Fish - Frequent consumer
8890,Fish - Frequent consumer
5049,Fish - Low consumer
9973,Fish - Low consumer
7301,Fish - Low consumer
10882,Fish - Frequent consumer
7030,Fish - Frequent consumer
7422,Fish - Biggest consumer
3523,Non consumer
7106,Fish - Biggest consumer
6504,Fish - Frequent consumer
5067,Fish - Frequent consumer
4216,Fish - Biggest consumer
8581,Fish - Frequent consumer
5929,Fish - Low consumer
3129,Fish - Frequent consumer
6528,Fish - Low consumer
1361,Fish - Frequent consumer
6932,Fish - Frequent consumer
7284,Fish - Low consumer
1340,Fish - Biggest consumer
8746,Non consumer
5987,Fish - Frequent consumer
3767,Fish - Biggest consumer
3725,Fish - Frequent consumer
4324,Fish - Frequent consumer
238,Fish - Biggest consumer
6694,Fish - Frequent consumer
498,Fish - Low consumer
9347,Fish - Low consumer
9699,Fish - Frequent consumer
10664,Fish - Low consumer
5455,Fish - Low consumer
456,Fish - Low consumer
5012,Fish - Frequent consumer
7495,Fish - Frequent consumer
5029,Fish - Low consumer
10642,Fish - Low consumer
2106,Fish - Frequent consumer
10364,Fish - Low consumer
5954,Fish - Frequent consumer
1137,Fish - Frequent consumer
2541,Fish - Frequent consumer
1142,Fish - Frequent consumer
2276,Fish - Frequent consumer
2807,Fish - Frequent consumer
6471,Fish - Frequent consumer
6131,Fish - Biggest consumer
6233,Fish - Frequent consumer
4148,Fish - Frequent consumer
4947,Fish - Biggest consumer
3225,Fish - Low consumer
7540,Fish - Frequent consumer
10648,Fish - Biggest consumer
1992,Fish - Frequent consumer
7851,Fish - Biggest consumer
8594,Fish - Low consumer
7059,Fish - Biggest consumer
2815,Fish - Frequent consumer
2416,Fish - Frequent consumer
7999,Fish - Frequent consumer
9213,Fish - Low consumer
9697,Fish - Frequent consumer
3916,Fish - Frequent consumer
2021,Fish - Biggest consumer
1581,Fish - Low consumer
564,Fish - Frequent consumer
6619,Fish - Low consumer
9081,Fish - Low consumer
178,Fish - Biggest consumer
916,Fish - Low consumer
5512,Non consumer
8970,Fish - Low consumer
10581,Fish - Frequent consumer
5300,Non consumer
5154,Fish - Low consumer
8346,Fish - Frequent consumer
1676,Non consumer
9286,Fish - Biggest consumer
2426,Fish - Biggest consumer
5172,Fish - Frequent consumer
5562,Fish - Frequent consumer
3436,Fish - Low consumer
3921,Fish - Frequent consumer
3403,Fish - Biggest consumer
22,Fish - Frequent consumer
10965,Fish - Biggest consumer
9426,Fish - Frequent consumer
6605,Fish - Frequent consumer
3136,Fish - Frequent consumer
8737,Fish - Low consumer
11088,Fish - Frequent consumer
716,Fish - Frequent consumer
466,Fish - Biggest consumer
9135,Fish - Low consumer
10623,Non consumer
8151,Fish - Frequent consumer
5140,Fish - Biggest consumer
10160,Fish - Low consumer
4945,Fish - Frequent consumer
10584,Fish - Biggest consumer
6071,Fish - Biggest consumer
3386,Fish - Low consumer
8939,Fish - Frequent consumer
9925,Non consumer
4320,Fish - Biggest consumer
5389,Fish - Frequent consumer
6036,Fish - Biggest consumer
182,Non consumer
203,Fish - Biggest consumer
11025,Fish - Low consumer
10203,Fish - Low consumer
4607,Fish - Frequent consumer
3711,Fish - Frequent consumer
3696,Fish - Low consumer
2532,Fish - Frequent consumer
9214,Fish - Frequent consumer
4943,Non consumer
35,Fish - Frequent consumer
2258,Fish - Frequent consumer
4322,Fish - Frequent consumer
713,Fish - Biggest consumer
4702,Fish - Biggest consumer
3281,Fish - Frequent consumer
702,Fish - Biggest consumer
2004,Fish - Biggest consumer
4769,Non consumer
4437,Fish - Low consumer
8724,Fish - Low consumer
10741,Fish - Frequent consumer
1991,Non consumer
6931,Fish - Biggest consumer
11096,Fish - Frequent consumer
304,Fish - Low consumer
3665,Fish - Frequent consumer
10591,Fish - Frequent consumer
5036,Fish - Low consumer
5547,Non consumer
7822,Fish - Frequent consumer
8541,Fish - Low consumer
10955,Fish - Frequent consumer
4368,Fish - Frequent consumer
9671,Fish - Low consumer
2256,Non consumer
4279,Fish - Low consumer
5371,Fish - Frequent consumer
9240,Fish - Low consumer
9460,Fish - Frequent consumer
9504,Fish - Biggest consumer
8692,Fish - Frequent consumer
448,Fish - Biggest consumer
8314,Fish - Frequent consumer
8420,Fish - Frequent consumer
3174,Fish - Frequent consumer
7685,Fish - Frequent consumer
3179,Fish - Frequent consumer
9780,Fish - Biggest consumer
10681,Fish - Biggest consumer
10232,Fish - Frequent consumer
4184,Fish - Low consumer
9120,Fish - Biggest consumer
891,Fish - Low consumer
10381,Non consumer
3525,Non consumer
6818,Fish - Frequent consumer
3526,Non consumer
8181,Fish - Frequent consumer
1029,Non consumer
7369,Fish - Low consumer
2574,Non consumer
8159,Fish - Frequent consumer
1160,Fish - Frequent consumer
10242,Non consumer
5253,Fish - Frequent consumer
5966,Non consumer
5314,Fish - Frequent consumer
5081,Fish - Low consumer
5123,Fish - Frequent consumer
5756,Non consumer
8036,Fish - Frequent consumer
9058,Fish - Frequent consumer
5057,Fish - Frequent consumer
254,Fish - Low consumer
4179,Fish - Low consumer
3710,Fish - Low consumer
7627,Fish - Biggest consumer
4501,Fish - Biggest consumer
6424,Fish - Frequent consumer
3075,Fish - Frequent consumer
4992,Fish - Low consumer
5252,Fish - Frequent consumer
7444,Non consumer
6919,Fish - Frequent consumer
3537,Fish - Low consumer
10277,Non consumer
2453,Fish - Frequent consumer
7972,Fish - Biggest consumer
895,Non consumer
1177,Fish - Low consumer
7141,Fish - Low consumer
7232,Fish - Low consumer
8477,Fish - Low consumer
2457,Fish - Frequent consumer
988,Fish - Biggest consumer
7930,Fish - Frequent consumer
4587,Fish - Frequent consumer
6682,Fish - Low consumer
6222,Fish - Low consumer
10299,Fish - Frequent consumer
3083,Fish - Frequent consumer
8953,Non consumer
1503,Fish - Low consumer
8650,Fish - Low consumer
10862,Fish - Frequent consumer
2782,Fish - Frequent consumer
6941,Fish - Frequent consumer
10972,Fish - Frequent consumer
10708,Non consumer
6583,Fish - Biggest consumer
3641,Fish - Low consumer
10156,Fish - Biggest consumer
4299,Fish - Biggest consumer
3469,Fish - Frequent consumer
5063,Fish - Frequent consumer
10727,Fish - Frequent consumer
9624,Fish - Frequent consumer
5156,Fish - Biggest consumer
4376,Fish - Frequent consumer
8923,Fish - Frequent consumer
8461,Non consumer
6945,Fish - Frequent consumer
944,Fish - Frequent consumer
1907,Fish - Frequent consumer
701,Fish - Biggest consumer
3856,Fish - Frequent consumer
4149,Fish - Frequent consumer
2131,Fish - Frequent consumer
2942,Fish - Low consumer
1173,Non consumer
4381,Fish - Frequent consumer
4611,Fish - Biggest consumer
3376,Fish - Frequent consumer
4679,Fish - Biggest consumer
10928,Fish - Frequent consumer
4248,Fish - Biggest consumer
6728,Fish - Low consumer
6661,Fish - Frequent consumer
4725,Non consumer
3277,Fish - Frequent consumer
5555,Fish - Low consumer
2564,Fish - Low consumer
946,Fish - Frequent consumer
3867,Non consumer
6940,Fish - Low consumer
55,Fish - Frequent consumer
7093,Non consumer
5084,Fish - Biggest consumer
1777,Fish - Frequent consumer
8162,Fish - Low consumer
10826,Fish - Frequent consumer
8754,Non consumer
1987,Fish - Frequent consumer
11007,Non consumer
7426,Fish - Frequent consumer
9153,Fish - Biggest consumer
10379,Fish - Frequent consumer
9204,Fish - Frequent consumer
3197,Fish - Biggest consumer
2920,Fish - Frequent consumer
6961,Non consumer
4673,Fish - Frequent consumer
9937,Fish - Frequent consumer
8779,Fish - Frequent consumer
9596,Fish - Frequent consumer
2891,Fish - Frequent consumer
4910,Fish - Biggest consumer
75,Fish - Biggest consumer
10120,Fish - Low consumer
6327,Fish - Frequent consumer
10142,Fish - Frequent consumer
9826,Fish - Biggest consumer
1501,Fish - Frequent consumer
10767,Non consumer
7279,Fish - Frequent consumer
7230,Fish - Low consumer
143,Fish - Biggest consumer
450,Fish - Frequent consumer
9316,Fish - Low consumer
6379,Non consumer
9239,Fish - Low consumer
8315,Fish - Low consumer
2868,Fish - Low consumer
10888,Fish - Frequent consumer
1277,Fish - Biggest consumer
9977,Fish - Frequent consumer
10196,Fish - Frequent consumer
6384,Non consumer
8029,Fish - Frequent consumer
968,Fish - Frequent consumer
6988,Fish - Frequent consumer
4472,Fish - Low consumer
6991,Fish - Frequent consumer
3336,Non consumer
4301,Fish - Low consumer
1940,Fish - Low consumer
1272,Fish - Frequent consumer
1388,Fish - Frequent consumer
1044,Fish - Frequent consumer
6969,Fish - Frequent consumer
10479,Fish - Biggest consumer
3619,Fish - Frequent consumer
1715,Fish - Frequent consumer
10159,Non consumer
1463,Fish - Low consumer
5114,Non consumer
4990,Fish - Frequent consumer
4329,Fish - Low consumer
10936,Fish - Biggest consumer
4692,Fish - Frequent consumer
7212,Non consumer
6086,Fish - Biggest consumer
437,Fish - Biggest consumer
11171,Fish - Frequent consumer
11101,Fish - Frequent consumer
5329,Non consumer
610,Fish - Low consumer
9384,Fish - Frequent consumer
5956,Fish - Frequent consumer
10430,Fish - Frequent consumer
7875,Fish - Frequent consumer
7072,Fish - Biggest consumer
6255,Fish - Frequent consumer
6516,Fish - Frequent consumer
5564,Fish - Biggest consumer
5682,Fish - Frequent consumer
7458,Fish - Low consumer
5237,Fish - Low consumer
7761,Fish - Frequent consumer
5278,Fish - Biggest consumer
3560,Fish - Biggest consumer
7235,Fish - Low consumer
10548,Fish - Biggest consumer
2281,Non consumer
4073,Fish - Frequent consumer
6974,Fish - Frequent consumer
7938,Fish - Frequent consumer
7094,Fish - Biggest consumer
3667,Fish - Frequent consumer
7723,Fish - Biggest consumer
3870,Fish - Biggest consumer
4012,Fish - Frequent consumer
5909,Fish - Frequent consumer
10470,Non consumer
6488,Non consumer
10270,Fish - Frequent consumer
6887,Fish - Frequent consumer
6406,Fish - Biggest consumer
7573,Fish - Low consumer
4508,Fish - Frequent consumer
221,Fish - Low consumer
5331,Fish - Biggest consumer
1911,Fish - Biggest consumer
20,Fish - Frequent consumer
8786,Fish - Frequent consumer
10582,Fish - Biggest consumer
1915,Fish - Biggest consumer
8897,Fish - Frequent consumer
2371,Fish - Low consumer
4303,Fish - Low consumer
6825,Non consumer
1072,Non consumer
4964,Fish - Biggest consumer
2461,Non consumer
10736,Fish - Biggest consumer
3194,Fish - Biggest consumer
10839,Fish - Frequent consumer
49,Fish - Low consumer
4290,Fish - Low consumer
10219,Fish - Low consumer
4211,Fish - Low consumer
1135,Non consumer
6299,Fish - Frequent consumer
10846,Fish - Frequent consumer
347,Fish - Frequent consumer
6543,Fish - Biggest consumer
10446,Fish - Frequent consumer
3479,Fish - Frequent consumer
11075,Fish - Frequent consumer
4442,Fish - Frequent consumer
199,Fish - Frequent consumer
6722,Fish - Biggest consumer
796,Fish - Frequent consumer
3749,Fish - Biggest consumer
8523,Fish - Frequent consumer
310,Fish - Frequent consumer
8629,Fish - Low consumer
236,Fish - Frequent consumer
9930,Fish - Frequent consumer
3483,Fish - Biggest consumer
4599,Non consumer
7326,Fish - Low consumer
7352,Fish - Frequent consumer
2350,Fish - Frequent consumer
9145,Fish - Biggest consumer
2964,Fish - Low consumer
5585,Fish - Low consumer
9687,Fish - Frequent consumer
3732,Fish - Biggest consumer
6303,Fish - Biggest consumer
11176,Fish - Frequent consumer
2986,Fish - Low consumer
7462,Fish - Frequent consumer
3900,Non consumer
7034,Fish - Frequent consumer
9493,Fish - Frequent consumer
1143,Fish - Low consumer
1,Fish - Frequent consumer
3855,Fish - Frequent consumer
5536,Fish - Frequent consumer
5989,Fish - Frequent consumer
9499,Fish - Frequent consumer
6768,Fish - Low consumer
2150,Fish - Biggest consumer
6646,Fish - Frequent consumer
4887,Fish - Frequent consumer
8560,Fish - Frequent consumer
3321,Non consumer
11003,Non consumer
10402,Fish - Low consumer
9904,Fish - Frequent consumer
6141,Non consumer
5687,Fish - Frequent consumer
10856,Non consumer
5121,Fish - Frequent consumer
4186,Fish - Frequent consumer
368,Fish - Frequent consumer
3312,Fish - Frequent consumer
11121,Fish - Frequent consumer
5332,Fish - Biggest consumer
5848,Fish - Biggest consumer
10343,Non consumer
5935,Non consumer
2895,Fish - Frequent consumer
10262,Non consumer
7848,Fish - Frequent consumer
9477,Fish - Frequent consumer
4856,Fish - Biggest consumer
7186,Non consumer
5794,Non consumer
1456,Fish - Biggest consumer
4877,Non consumer
425,Fish - Biggest consumer
3007,Non consumer
1031,Fish - Frequent consumer
4297,Fish - Low consumer
807,Non consumer
9553,Fish - Low consumer
4271,Fish - Biggest consumer
4120,Fish - Frequent consumer
2036,Fish - Frequent consumer
115,Fish - Frequent consumer
4259,Non consumer
8687,Fish - Biggest consumer
2447,Fish - Frequent consumer
10140,Fish - Frequent consumer
9353,Fish - Frequent consumer
3623,Fish - Frequent consumer
738,Fish - Frequent consumer
7631,Fish - Frequent consumer
4789,Fish - Biggest consumer
773,Fish - Frequent consumer
10602,Fish - Frequent consumer
1446,Fish - Biggest consumer
3270,Fish - Frequent consumer
8443,Fish - Low consumer
9653,Fish - Low consumer
8916,Non consumer
8017,Fish - Low consumer
5830,Fish - Biggest consumer
4597,Fish - Biggest consumer
7023,Non consumer
8086,Non consumer
8825,Fish - Biggest consumer
2930,Fish - Biggest consumer
1928,Fish - Low consumer
7108,Fish - Frequent consumer
10925,Fish - Frequent consumer
9960,Fish - Frequent consumer
8800,Fish - Biggest consumer
9224,Fish - Frequent consumer
5519,Fish - Biggest consumer
5046,Fish - Biggest consumer
7037,Fish - Frequent consumer
905,Fish - Low consumer
8624,Fish - Frequent consumer
8945,Non consumer
6445,Fish - Frequent consumer
2727,Fish - Frequent consumer
6404,Non consumer
11074,Fish - Biggest consumer
10150,Fish - Frequent consumer
1968,Fish - Frequent consumer
6534,Non consumer
9485,Fish - Frequent consumer
7053,Fish - Biggest consumer
4654,Fish - Frequent consumer
9760,Non consumer
1048,Fish - Frequent consumer
10619,Fish - Biggest consumer
9308,Fish - Biggest consumer
10505,Fish - Frequent consumer
8362,Non consumer
2625,Fish - Frequent consumer
4637,Fish - Biggest consumer
9972,Non consumer
4483,Fish - Biggest consumer
4487,Fish - Low consumer
4988,Non consumer
8931,Fish - Biggest consumer
5871,Fish - Frequent consumer
2008,Fish - Biggest consumer
3139,Fish - Biggest consumer
10037,Fish - Biggest consumer
10673,Fish - Frequent consumer
5303,Fish - Biggest consumer
538,Fish - Frequent consumer
7922,Fish - Frequent consumer
5692,Fish - Frequent consumer
4843,Fish - Frequent consumer
6383,Fish - Low consumer
1628,Fish - Biggest consumer
1204,Fish - Frequent consumer
3673,Fish - Frequent consumer
760,Fish - Biggest consumer
8957,Fish - Biggest consumer
4128,Fish - Frequent consumer
6810,Fish - Frequent consumer
5386,Fish - Biggest consumer
8700,Fish - Frequent consumer
3202,Non consumer
1328,Fish - Frequent consumer
8405,Fish - Frequent consumer
6515,Fish - Low consumer
2882,Fish - Frequent consumer
7574,Fish - Low consumer
6387,Non consumer
5320,Fish - Low consumer
5048,Fish - Frequent consumer
8146,Fish - Low consumer
10031,Fish - Low consumer
5748,Fish - Low consumer
2134,Fish - Biggest consumer
1523,Fish - Low consumer
9665,Fish - Low consumer
4640,Fish - Frequent consumer
3635,Fish - Frequent consumer
3547,Fish - Low consumer
2456,Non consumer
5633,Fish - Frequent consumer
7801,Fish - Frequent consumer
10489,Fish - Frequent consumer
7011,Non consumer
2620,Non consumer
3933,Fish - Biggest consumer
10981,Fish - Frequent consumer
1734,Fish - Low consumer
10995,Fish - Frequent consumer
6357,Fish - Frequent consumer
9209,Fish - Frequent consumer
10286,Fish - Biggest consumer
2611,Fish - Biggest consumer
1600,Fish - Frequent consumer
3308,Fish - Low consumer
5407,Fish - Frequent consumer
2166,Non consumer
3955,Fish - Low consumer
6634,Non consumer
3056,Fish - Frequent consumer
5718,Fish - Biggest consumer
6872,Fish - Low consumer
8164,Fish - Frequent consumer
4580,Fish - Biggest consumer
9305,Fish - Biggest consumer
453,Non consumer
8545,Fish - Frequent consumer
9850,Non consumer
7378,Fish - Frequent consumer
7646,Fish - Biggest consumer
1640,Non consumer
5184,Fish - Low consumer
8492,Fish - Biggest consumer
11188,Fish - Frequent consumer
1212,Fish - Biggest consumer
9097,Fish - Frequent consumer
10473,Fish - Frequent consumer
7962,Fish - Biggest consumer
9984,Fish - Frequent consumer
5527,Fish - Low consumer
6374,Non consumer
7453,Fish - Biggest consumer
8952,Fish - Frequent consumer
241,Fish - Biggest consumer
8975,Fish - Low consumer
6119,Non consumer
5236,Fish - Biggest consumer
5723,Fish - Low consumer
1710,Non consumer
1970,Fish - Frequent consumer
5313,Non consumer
10634,Fish - Frequent consumer
7010,Fish - Biggest consumer
8562,Fish - Frequent consumer
3158,Fish - Low consumer
4436,Fish - Frequent consumer
5287,Fish - Low consumer
2445,Non consumer
6059,Fish - Frequent consumer
4550,Non consumer
4240,Fish - Frequent consumer
8911,Fish - Biggest consumer
3706,Non consumer
3628,Fish - Frequent consumer
10175,Non consumer
8985,Fish - Biggest consumer
5204,Fish - Biggest consumer
9220,Fish - Biggest consumer
9888,Fish - Biggest consumer
5263,Fish - Low consumer
1020,Fish - Biggest consumer
9503,Fish - Frequent consumer
10613,Fish - Low consumer
67,Non consumer
6019,Fish - Low consumer
5863,Fish - Frequent consumer
3717,Fish - Low consumer
6730,Non consumer
10749,Fish - Frequent consumer
4998,Fish - Frequent consumer
6287,Non consumer
5985,Non consumer
4754,Fish - Frequent consumer
4002,Fish - Biggest consumer
8870,Fish - Frequent consumer
966,Fish - Frequent consumer
4767,Fish - Biggest consumer
9725,Non consumer
4475,Fish - Biggest consumer
5740,Fish - Frequent consumer
5731,Fish - Low consumer
7290,Fish - Frequent consumer
3846,Non consumer
8104,Non consumer
4507,Fish - Frequent consumer
11013,Fish - Biggest consumer
4491,Non consumer
3759,Fish - Frequent consumer
1162,Fish - Biggest consumer
2055,Fish - Low consumer
10766,Fish - Frequent consumer
4415,Fish - Low consumer
3005,Fish - Biggest consumer
2223,Fish - Frequent consumer
4817,Non consumer
2875,Fish - Frequent consumer
10536,Fish - Low consumer
11112,Fish - Biggest consumer
3807,Fish - Frequent consumer
9197,Fish - Low consumer
10832,Fish - Low consumer
6421,Fish - Biggest consumer
4207,Fish - Frequent consumer
577,Non consumer
10855,Fish - Frequent consumer
3081,Fish - Low consumer
3535,Fish - Biggest consumer
247,Fish - Frequent consumer
8707,Fish - Frequent consumer
9523,Fish - Low consumer
6072,Fish - Biggest consumer
6295,Fish - Frequent consumer
10914,Fish - Low consumer
1509,Fish - Biggest consumer
5577,Fish - Low consumer
7348,Fish - Biggest consumer
1127,Fish - Frequent consumer
1833,Fish - Frequent consumer
4944,Fish - Frequent consumer
9080,Fish - Low consumer
6466,Fish - Low consumer
9964,Fish - Frequent consumer
4790,Fish - Frequent consumer
10245,Fish - Biggest consumer
1109,Non consumer
6001,Fish - Frequent consumer
5538,Fish - Biggest consumer
10552,Fish - Biggest consumer
1545,Fish - Frequent consumer
7409,Fish - Frequent consumer
4444,Fish - Frequent consumer
146,Fish - Frequent consumer
6271,Non consumer
10065,Fish - Frequent consumer
4741,Fish - Frequent consumer
246,Fish - Frequent consumer
375,Fish - Biggest consumer
1524,Fish - Frequent consumer
10022,Non consumer
7451,Fish - Biggest consumer
11010,Fish - Low consumer
4356,Non consumer
3885,Fish - Low consumer
1175,Fish - Frequent consumer
880,Fish - Frequent consumer
2320,Fish - Frequent consumer
850,Fish - Biggest consumer
4713,Fish - Low consumer
675,Fish - Frequent consumer
5025,Fish - Frequent consumer
2308,Fish - Frequent consumer
5995,Fish - Low consumer
6749,Fish - Biggest consumer
1010,Fish - Low consumer
8977,Fish - Low consumer
4756,Non consumer
3412,Fish - Frequent consumer
606,Fish - Low consumer
5961,Fish - Low consumer
2975,Fish - Biggest consumer
2894,Non consumer
7613,Fish - Frequent consumer
10542,Fish - Low consumer
8015,Fish - Biggest consumer
10617,Fish - Low consumer
11166,Fish - Low consumer
849,Fish - Frequent consumer
523,Fish - Frequent consumer
4066,Fish - Low consumer
8414,Non consumer
819,Fish - Frequent consumer
4961,Fish - Low consumer
749,Fish - Low consumer
5430,Fish - Frequent consumer
7755,Non consumer
10525,Non consumer
1453,Fish - Frequent consumer
8310,Fish - Biggest consumer
10710,Fish - Low consumer
5031,Fish - Frequent consumer
2613,Fish - Low consumer
213,Non consumer
967,Fish - Frequent consumer
1077,Fish - Biggest consumer
7959,Fish - Biggest consumer
640,Fish - Biggest consumer
4252,Fish - Frequent consumer
8432,Fish - Frequent consumer
6218,Non consumer
6905,Fish - Frequent consumer
5922,Non consumer
3598,Fish - Frequent consumer
6116,Fish - Frequent consumer
6263,Fish - Frequent consumer
10486,Fish - Frequent consumer
2410,Fish - Biggest consumer
193,Fish - Low consumer
3363,Fish - Frequent consumer
8278,Fish - Biggest consumer
10660,Non consumer
8686,Non consumer
1604,Fish - Frequent consumer
5907,Non consumer
10669,Fish - Frequent consumer
2918,Non consumer
5735,Fish - Biggest consumer
359,Fish - Low consumer
8387,Fish - Low consumer
1829,Non consumer
3839,Fish - Frequent consumer
9392,Non consumer
2292,Fish - Low consumer
10466,Fish - Low consumer
9855,Non consumer
4088,Fish - Frequent consumer
5231,Non consumer
590,Fish - Biggest consumer
8732,Fish - Frequent consumer
2315,Fish - Frequent consumer
3515,Fish - Frequent consumer
2245,Fish - Low consumer
6283,Fish - Frequent consumer
2246,Fish - Frequent consumer
6606,Fish - Frequent consumer
5545,Fish - Frequent consumer
7342,Fish - Biggest consumer
837,Fish - Frequent consumer
9500,Fish - Biggest consumer
3602,Fish - Low consumer
234,Fish - Low consumer
2995,Fish - Biggest consumer
1118,Fish - Frequent consumer
7789,Fish - Frequent consumer
3068,Non consumer
8955,Non consumer
945,Fish - Low consumer
5644,Fish - Low consumer
7192,Fish - Biggest consumer
2324,Fish - Frequent consumer
697,Fish - Frequent consumer
3439,Fish - Low consumer
1506,Fish - Low consumer
232,Fish - Frequent consumer
8876,Non consumer
4500,Fish - Biggest consumer
9739,Fish - Low consumer
10395,Fish - Low consumer
1176,Fish - Low consumer
1627,Fish - Frequent consumer
938,Fish - Low consumer
2740,Fish - Low consumer
257,Fish - Frequent consumer
4058,Fish - Frequent consumer
7736,Fish - Low consumer
8210,Fish - Low consumer
833,Non consumer
6230,Fish - Frequent consumer
7325,Fish - Low consumer
1307,Fish - Frequent consumer
1502,Fish - Low consumer
6211,Non consumer
843,Fish - Frequent consumer
4174,Fish - Low consumer
9757,Fish - Biggest consumer
6918,Fish - Frequent consumer
286,Non consumer
11086,Fish - Low consumer
1921,Fish - Low consumer
4138,Fish - Frequent consumer
7718,Fish - Biggest consumer
1291,Fish - Frequent consumer
6862,Fish - Low consumer
4136,Fish - Frequent consumer
803,Non consumer
4298,Non consumer
10833,Fish - Frequent consumer
9606,Fish - Frequent consumer
8534,Fish - Frequent consumer
5153,Fish - Biggest consumer
961,Fish - Frequent consumer
5011,Fish - Frequent consumer
6653,Fish - Low consumer
9094,Fish - Frequent consumer
810,Fish - Biggest consumer
5493,Non consumer
2147,Fish - Biggest consumer
5107,Fish - Low consumer
3979,Fish - Frequent consumer
6049,Fish - Biggest consumer
8147,Non consumer
1857,Non consumer
3910,Fish - Biggest consumer
5207,Fish - Frequent consumer
11114,Fish - Low consumer
5429,Fish - Low consumer
9400,Fish - Frequent consumer
1740,Fish - Frequent consumer
7488,Fish - Biggest consumer
195,Fish - Low consumer
635,Fish - Frequent consumer
7527,Fish - Frequent consumer
10319,Fish - Frequent consumer
2296,Fish - Low consumer
10637,Fish - Frequent consumer
2931,Fish - Frequent consumer
907,Fish - Low consumer
3698,Fish - Biggest consumer
9516,Fish - Biggest consumer
679,Non consumer
7384,Fish - Frequent consumer
5043,Fish - Biggest consumer
5267,Fish - Low consumer
339,Fish - Low consumer
2516,Fish - Low consumer
9010,Fish - Biggest consumer
378,Fish - Frequent consumer
4808,Fish - Low consumer
5068,Fish - Low consumer
7628,Fish - Low consumer
7128,Non consumer
2811,Non consumer
3551,Fish - Frequent consumer
1663,Fish - Low consumer
5543,Fish - Frequent consumer
1577,Fish - Biggest consumer
10641,Fish - Frequent consumer
5336,Fish - Low consumer
6024,Fish - Biggest consumer
1878,Fish - Low consumer
3099,Fish - Low consumer
6055,Fish - Biggest consumer
5841,Fish - Frequent consumer
3972,Fish - Frequent consumer
4394,Fish - Frequent consumer
5758,Non consumer
6658,Fish - Frequent consumer
4603,Non consumer
8427,Fish - Biggest consumer
10260,Fish - Frequent consumer
7143,Fish - Frequent consumer
8789,Fish - Frequent consumer
6197,Non consumer
4554,Fish - Frequent consumer
4937,Fish - Low consumer
1920,Fish - Low consumer
8749,Fish - Low consumer
1650,Fish - Frequent consumer
10377,Fish - Frequent consumer
9206,Fish - Biggest consumer
10971,Fish - Frequent consumer
6398,Fish - Frequent consumer
9212,Fish - Frequent consumer
7937,Fish - Low consumer
839,Fish - Low consumer
4246,Fish - Low consumer
158,Fish - Biggest consumer
4832,Fish - Low consumer
5621,Fish - Biggest consumer
1945,Fish - Biggest consumer
5147,Fish - Biggest consumer
2535,Non consumer
11039,Fish - Biggest consumer
9495,Fish - Biggest consumer
9635,Fish - Low consumer
2173,Non consumer
942,Fish - Frequent consumer
9386,Fish - Low consumer
5510,Non consumer
873,Non consumer
2253,Fish - Frequent consumer
5181,Non consumer
979,Fish - Frequent consumer
10390,Fish - Low consumer
4698,Fish - Biggest consumer
7793,Non consumer
1745,Fish - Biggest consumer
10590,Non consumer
5080,Fish - Biggest consumer
8369,Fish - Low consumer
5232,Fish - Frequent consumer
2407,Fish - Biggest consumer
3834,Fish - Biggest consumer
7912,Non consumer
7712,Fish - Biggest consumer
1065,Fish - Biggest consumer
7275,Fish - Low consumer
1343,Fish - Frequent consumer
1384,Fish - Frequent consumer
9967,Fish - Frequent consumer
6181,Fish - Frequent consumer
10507,Non consumer
2674,Fish - Biggest consumer
2698,Fish - Frequent consumer
3231,Fish - Low consumer
4096,Fish - Frequent consumer
10476,Fish - Frequent consumer
5948,Fish - Frequent consumer
9140,Fish - Low consumer
10258,Non consumer
5675,Fish - Low consumer
4743,Fish - Frequent consumer
8805,Non consumer
1542,Fish - Low consumer
6770,Non consumer
8773,Non consumer
10420,Fish - Low consumer
7514,Fish - Frequent consumer
793,Fish - Low consumer
10909,Fish - Frequent consumer
8702,Non consumer
4791,Fish - Low consumer
2963,Fish - Biggest consumer
8216,Fish - Frequent consumer
8140,Fish - Low consumer
10146,Non consumer
5289,Fish - Frequent consumer
2587,Non consumer
4405,Fish - Frequent consumer
8663,Non consumer
2589,Fish - Frequent consumer
3421,Fish - Frequent consumer
10490,Fish - Biggest consumer
4094,Fish - Low consumer
9958,Non consumer
2534,Fish - Low consumer
4188,Fish - Frequent consumer
6613,Fish - Frequent consumer
10827,Fish - Low consumer
5491,Fish - Frequent consumer
8402,Fish - Biggest consumer
8783,Fish - Frequent consumer
10010,Fish - Low consumer
618,Fish - Biggest consumer
9121,Fish - Biggest consumer
361,Fish - Low consumer
4310,Fish - Biggest consumer
2678,Fish - Low consumer
6376,Fish - Frequent consumer
524,Fish - Frequent consumer
10341,Fish - Frequent consumer
5654,Fish - Low consumer
4098,Non consumer
5824,Non consumer
7000,Fish - Frequent consumer
2561,Fish - Frequent consumer
5229,Non consumer
4086,Fish - Frequent consumer
2428,Fish - Frequent consumer
8254,Non consumer
2836,Non consumer
8418,Fish - Frequent consumer
1362,Fish - Biggest consumer
7152,Fish - Low consumer
10033,Fish - Frequent consumer
9349,Fish - Biggest consumer
274,Fish - Low consumer
3388,Fish - Low consumer
922,Fish - Low consumer
8588,Fish - Low consumer
2518,Fish - Low consumer
574,Fish - Low consumer
3220,Fish - Frequent consumer
5967,Fish - Frequent consumer
1183,Fish - Low consumer
6856,Fish - Low consumer
4530,Fish - Biggest consumer
1553,Fish - Biggest consumer
4682,Fish - Frequent consumer
8204,Fish - Biggest consumer
5221,Fish - Frequent consumer
1232,Fish - Biggest consumer
1927,Fish - Frequent consumer
5788,Fish - Frequent consumer
6652,Fish - Biggest consumer
6246,Non consumer
5975,Non consumer
6875,Fish - Biggest consumer
4399,Fish - Biggest consumer
4042,Fish - Low consumer
2157,Fish - Frequent consumer
10133,Fish - Biggest consumer
2525,Fish - Biggest consumer
8233,Fish - Frequent consumer
9483,Fish - Biggest consumer
2945,Non consumer
10403,Fish - Frequent consumer
5074,Fish - Low consumer
10524,Fish - Frequent consumer
4690,Non consumer
7521,Fish - Biggest consumer
7196,Non consumer
4406,Fish - Biggest consumer
9672,Fish - Frequent consumer
4864,Fish - Frequent consumer
4706,Non consumer
4070,Fish - Biggest consumer
25,Fish - Frequent consumer
3697,Fish - Frequent consumer
217,Fish - Biggest consumer
4220,Non consumer
5286,Fish - Frequent consumer
9559,Non consumer
2849,Fish - Biggest consumer
7787,Fish - Frequent consumer
3102,Fish - Low consumer
5868,Fish - Frequent consumer
8370,Fish - Biggest consumer
9988,Fish - Biggest consumer
2939,Fish - Frequent consumer
5529,Non consumer
9743,Fish - Biggest consumer
5763,Fish - Frequent consumer
3478,Fish - Frequent consumer
7494,Fish - Low consumer
1763,Fish - Biggest consumer
7250,Fish - Frequent consumer
2005,Non consumer
10770,Fish - Biggest consumer
6885,Fish - Low consumer
2072,Fish - Frequent consumer
9463,Fish - Biggest consumer
6318,Fish - Frequent consumer
4093,Fish - Frequent consumer
5751,Fish - Frequent consumer
3340,Fish - Low consumer
3594,Fish - Frequent consumer
3584,Fish - Frequent consumer
3643,Fish - Frequent consumer
851,Fish - Frequent consumer
7706,Fish - Biggest consumer
3967,Fish - Frequent consumer
10128,Non consumer
486,Fish - Frequent consumer
9,Non consumer
9451,Fish - Biggest consumer
9264,Fish - Biggest consumer
3865,Fish - Low consumer
2853,Fish - Low consumer
1490,Fish - Frequent consumer
6310,Fish - Frequent consumer
10380,Fish - Low consumer
3887,Fish - Frequent consumer
4278,Fish - Frequent consumer
8643,Fish - Biggest consumer
1998,Fish - Frequent consumer
10795,Fish - Low consumer
11110,Non consumer
2408,Fish - Frequent consumer
202,Fish - Biggest consumer
7998,Fish - Frequent consumer
830,Fish - Frequent consumer
3536,Fish - Frequent consumer
6050,Fish - Frequent consumer
125,Fish - Low consumer
3463,Non consumer
2804,Non consumer
3745,Non consumer
9771,Fish - Frequent consumer
451,Fish - Low consumer
10530,Fish - Biggest consumer
1079,Non consumer
8920,Fish - Biggest consumer
6678,Fish - Low consumer
3852,Fish - Frequent consumer
528,Fish - Biggest consumer
73,Non consumer
5589,Fish - Frequent consumer
10212,Non consumer
6365,Fish - Frequent consumer
5636,Fish - Frequent consumer
591,Fish - Frequent consumer
2217,Fish - Low consumer
2544,Fish - Low consumer
7725,Fish - Frequent consumer
8091,Fish - Frequent consumer
7321,Fish - Frequent consumer
5462,Fish - Frequent consumer
7791,Non consumer
955,Fish - Low consumer
4037,Fish - Frequent consumer
6642,Fish - Frequent consumer
2793,Fish - Biggest consumer
5424,Fish - Frequent consumer
879,Non consumer
9530,Fish - Low consumer
4828,Fish - Biggest consumer
10699,Fish - Low consumer
1497,Fish - Frequent consumer
7476,Non consumer
4390,Fish - Biggest consumer
10478,Non consumer
1081,Fish - Frequent consumer
4261,Fish - Frequent consumer
9916,Non consumer
5350,Fish - Biggest consumer
8135,Fish - Frequent consumer
8685,Fish - Low consumer
4967,Non consumer
2130,Fish - Frequent consumer
9298,Fish - Frequent consumer
8175,Fish - Low consumer
6257,Fish - Frequent consumer
3790,Non consumer
9952,Fish - Frequent consumer
3503,Fish - Frequent consumer
5223,Fish - Low consumer
4608,Fish - Frequent consumer
1626,Fish - Low consumer
4764,Fish - Frequent consumer
2471,Fish - Frequent consumer
5892,Fish - Frequent consumer
2612,Fish - Frequent consumer
4971,Fish - Frequent consumer
5185,Fish - Biggest consumer
10069,Fish - Low consumer
2262,Fish - Frequent consumer
1131,Non consumer
1041,Fish - Low consumer
24,Non consumer
3409,Fish - Low consumer
7022,Fish - Biggest consumer
7943,Fish - Low consumer
5272,Fish - Frequent consumer
5453,Fish - Biggest consumer
2565,Fish - Frequent consumer
800,Non consumer
11092,Fish - Low consumer
5062,Non consumer
8969,Non consumer
4656,Fish - Frequent consumer
4480,Fish - Low consumer
9971,Fish - Frequent consumer
6729,Fish - Biggest consumer
1773,Fish - Frequent consumer
9242,Fish - Frequent consumer
1764,Fish - Frequent consumer
6215,Fish - Low consumer
10099,Fish - Biggest consumer
5423,Fish - Low consumer
940,Fish - Frequent consumer
3011,Fish - Frequent consumer
3298,Fish - Frequent consumer
8286,Non consumer
9668,Non consumer
5120,Fish - Biggest consumer
6097,Fish - Low consumer
7019,Fish - Frequent consumer
7408,Non consumer
8041,Fish - Biggest consumer
252,Fish - Biggest consumer
9986,Fish - Low consumer
3276,Fish - Low consumer
3859,Non consumer
3570,Fish - Low consumer
3783,Non consumer
10207,Non consumer
10906,Fish - Frequent consumer
3427,Non consumer
5209,Fish - Frequent consumer
10711,Fish - Biggest consumer
10785,Fish - Low consumer
2814,Fish - Low consumer
6866,Fish - Low consumer
1665,Non consumer
6575,Fish - Frequent consumer
3829,Fish - Frequent consumer
3091,Fish - Biggest consumer
10141,Non consumer
5177,Fish - Low consumer
7005,Fish - Frequent consumer
6409,Fish - Frequent consumer
7485,Fish - Frequent consumer
8079,Fish - Frequent consumer
8395,Fish - Frequent consumer
10352,Fish - Low consumer
4931,Fish - Low consumer
13,Non consumer
1834,Fish - Low consumer
2285,Fish - Low consumer
2295,Fish - Biggest consumer
1378,Fish - Biggest consumer
2781,Fish - Biggest consumer
1165,Fish - Frequent consumer
1404,Fish - Frequent consumer
6457,Fish - Frequent consumer
2639,Fish - Frequent consumer
8299,Fish - Frequent consumer
6437,Fish - Frequent consumer
6912,Fish - Frequent consumer
7327,Fish - Frequent consumer
5299,Fish - Frequent consumer
4127,Fish - Biggest consumer
8143,Fish - Low consumer
1964,Fish - Frequent consumer
3690,Fish - Frequent consumer
3433,Fish - Biggest consumer
3389,Fish - Biggest consumer
4712,Fish - Frequent consumer
1170,Fish - Frequent consumer
6347,Fish - Frequent consumer
4065,Non consumer
8230,Fish - Frequent consumer
1215,Fish - Biggest consumer
5939,Fish - Frequent consumer
2156,Non consumer
7788,Non consumer
10323,Fish - Low consumer
7947,Non consumer
1891,Fish - Frequent consumer
2570,Fish - Frequent consumer
9256,Fish - Biggest consumer
295,Fish - Biggest consumer
7397,Fish - Frequent consumer
6349,Fish - Biggest consumer
10790,Non consumer
10398,Fish - Frequent consumer
2431,Fish - Frequent consumer
550,Fish - Biggest consumer
1890,Fish - Low consumer
10742,Fish - Frequent consumer
10356,Non consumer
4676,Fish - Biggest consumer
8852,Non consumer
3565,Non consumer
5294,Fish - Frequent consumer
1958,Non consumer
7349,Fish - Low consumer
8799,Fish - Low consumer
1351,Fish - Frequent consumer
1045,Fish - Frequent consumer
7732,Fish - Biggest consumer
8070,Fish - Low consumer
477,Fish - Biggest consumer
7832,Non consumer
2202,Fish - Low consumer
7396,Fish - Biggest consumer
4055,Fish - Frequent consumer
10340,Fish - Frequent consumer
10091,Fish - Frequent consumer
7629,Fish - Low consumer
10640,Fish - Frequent consumer
3498,Fish - Frequent consumer
6742,Fish - Low consumer
1172,Fish - Frequent consumer
569,Fish - Biggest consumer
4686,Fish - Frequent consumer
1381,Fish - Frequent consumer
2634,Fish - Frequent consumer
10905,Non consumer
1744,Fish - Low consumer
1000,Fish - Frequent consumer
3828,Fish - Biggest consumer
8605,Non consumer
10304,Fish - Frequent consumer
4351,Non consumer
10129,Fish - Biggest consumer
2499,Fish - Frequent consumer
10092,Fish - Biggest consumer
7500,Fish - Frequent consumer
5796,Fish - Frequent consumer
10556,Fish - Frequent consumer
1064,Non consumer
48,Non consumer
7610,Fish - Frequent consumer
263,Fish - Low consumer
10814,Fish - Biggest consumer
9710,Non consumer
9292,Fish - Frequent consumer
10250,Fish - Frequent consumer
7881,Fish - Frequent consumer
5847,Fish - Biggest consumer
737,Fish - Biggest consumer
3571,Fish - Frequent consumer
7807,Fish - Frequent consumer
3878,Fish - Frequent consumer
5092,Fish - Low consumer
2154,Fish - Frequent consumer
5394,Fish - Frequent consumer
3798,Non consumer
3524,Fish - Low consumer
5247,Fish - Low consumer
5883,Fish - Frequent consumer
2118,Fish - Biggest consumer
8812,Fish - Frequent consumer
6616,Fish - Biggest consumer
2797,Fish - Biggest consumer
4328,Fish - Frequent consumer
9167,Fish - Biggest consumer
10560,Non consumer
2631,Fish - Biggest consumer
8312,Fish - Low consumer
5534,Fish - Low consumer
5093,Fish - Frequent consumer
7592,Fish - Low consumer
8895,Fish - Frequent consumer
8584,Fish - Biggest consumer
2694,Non consumer
8910,Non consumer
7433,Fish - Frequent consumer
164,Fish - Low consumer
10477,Non consumer
2681,Fish - Biggest consumer
5150,Fish - Frequent consumer
5283,Non consumer
9645,Fish - Frequent consumer
10678,Fish - Frequent consumer
7261,Fish - Frequent consumer
9648,Non consumer
2870,Fish - Frequent consumer
8008,Fish - Frequent consumer
1513,Fish - Biggest consumer
6173,Fish - Frequent consumer
1419,Fish - Frequent consumer
9150,Non consumer
7960,Fish - Biggest consumer
1250,Fish - Frequent consumer
9905,Fish - Frequent consumer
10691,Non consumer
7002,Non consumer
2952,Fish - Low consumer
8439,Fish - Frequent consumer
762,Fish - Biggest consumer
2831,Fish - Biggest consumer
6977,Fish - Biggest consumer
6289,Non consumer
4168,Fish - Low consumer
8397,Non consumer
9284,Non consumer
6237,Fish - Low consumer
3130,Fish - Frequent consumer
1619,Fish - Biggest consumer
1990,Fish - Biggest consumer
5513,Non consumer
269,Non consumer
8093,Fish - Frequent consumer
10513,Fish - Biggest consumer
10177,Fish - Biggest consumer
2549,Non consumer
5782,Fish - Biggest consumer
10057,Fish - Biggest consumer
10307,Fish - Frequent consumer
8566,Non consumer
2415,Fish - Biggest consumer
5684,Non consumer
8334,Fish - Low consumer
9166,Fish - Biggest consumer
1440,Fish - Biggest consumer
78,Non consumer
5441,Fish - Frequent consumer
5302,Fish - Biggest consumer
4687,Fish - Frequent consumer
1087,Fish - Frequent consumer
6859,Fish - Frequent consumer
9860,Fish - Low consumer
7129,Fish - Frequent consumer
5866,Fish - Frequent consumer
10521,Fish - Frequent consumer
7393,Fish - Low consumer
7849,Fish - Biggest consumer
332,Non consumer
9847,Fish - Frequent consumer
531,Fish - Biggest consumer
9576,Fish - Low consumer
6906,Fish - Frequent consumer
7419,Non consumer
3170,Fish - Frequent consumer
8527,Fish - Low consumer
7872,Non consumer
9931,Fish - Low consumer
10595,Fish - Frequent consumer
4609,Fish - Low consumer
5010,Fish - Low consumer
4427,Fish - Frequent consumer
11148,Fish - Low consumer
1168,Fish - Frequent consumer
9595,Fish - Frequent consumer
10163,Fish - Biggest consumer
2886,Non consumer
6710,Fish - Low consumer
5316,Fish - Low consumer
9029,Fish - Biggest consumer
521,Fish - Low consumer
1459,Fish - Biggest consumer
10241,Fish - Low consumer
1630,Fish - Frequent consumer
3254,Fish - Biggest consumer
9064,Fish - Biggest consumer
3678,Fish - Frequent consumer
4227,Fish - Low consumer
9467,Fish - Low consumer
8486,Fish - Frequent consumer
2186,Fish - Biggest consumer
3286,Fish - Low consumer
8602,Fish - Biggest consumer
3722,Non consumer
6715,Non consumer
4796,Fish - Low consumer
9612,Fish - Low consumer
3766,Fish - Biggest consumer
1399,Fish - Biggest consumer
1570,Fish - Frequent consumer
3426,Fish - Frequent consumer
3074,Fish - Frequent consumer
8341,Non consumer
5180,Non consumer
6461,Fish - Frequent consumer
7679,Fish - Low consumer
10702,Fish - Frequent consumer
7505,Non consumer
5113,Fish - Biggest consumer
10858,Fish - Biggest consumer
2961,Fish - Frequent consumer
2747,Fish - Biggest consumer
3010,Fish - Biggest consumer
5790,Fish - Frequent consumer
6892,Non consumer
1743,Fish - Biggest consumer
3578,Fish - Frequent consumer
8462,Fish - Frequent consumer
5558,Fish - Frequent consumer
4619,Fish - Low consumer
8780,Fish - Frequent consumer
10789,Fish - Low consumer
10779,Non consumer
5896,Fish - Frequent consumer
2337,Fish - Low consumer
10951,Non consumer
544,Fish - Biggest consumer
17,Fish - Frequent consumer
10680,Fish - Low consumer
3265,Fish - Frequent consumer
5623,Non consumer
5832,Fish - Biggest consumer
5544,Fish - Biggest consumer
6417,Fish - Frequent consumer
5831,Fish - Biggest consumer
7101,Non consumer
10176,Non consumer
2326,Fish - Frequent consumer
4385,Non consumer
2929,Fish - Frequent consumer
10686,Non consumer
2546,Fish - Frequent consumer
3283,Fish - Frequent consumer
3138,Fish - Biggest consumer
4994,Fish - Biggest consumer
7966,Fish - Biggest consumer
3112,Non consumer
10872,Non consumer
2181,Fish - Frequent consumer
1867,Fish - Biggest consumer
1518,Fish - Frequent consumer
5734,Fish - Low consumer
2878,Fish - Frequent consumer
1458,Fish - Low consumer
7007,Fish - Low consumer
6200,Fish - Biggest consumer
1403,Fish - Low consumer
4827,Fish - Frequent consumer
6250,Fish - Frequent consumer
9291,Non consumer
2478,Fish - Frequent consumer
1139,Non consumer
5138,Fish - Low consumer
5393,Fish - Low consumer
10413,Fish - Biggest consumer
5015,Fish - Low consumer
10868,Fish - Biggest consumer
10676,Fish - Biggest consumer
2495,Fish - Biggest consumer
7842,Fish - Frequent consumer
9955,Fish - Frequent consumer
6663,Non consumer
2162,Fish - Biggest consumer
3434,Fish - Biggest consumer
7919,Fish - Frequent consumer
5626,Fish - Frequent consumer
6428,Fish - Biggest consumer
8514,Fish - Low consumer
10448,Fish - Frequent consumer
2109,Fish - Frequent consumer
7530,Fish - Frequent consumer
8925,Fish - Biggest consumer
3009,Non consumer
6355,Fish - Frequent consumer
3517,Fish - Frequent consumer
1158,Fish - Low consumer
6203,Fish - Biggest consumer
7165,Fish - Frequent consumer
3595,Fish - Biggest consumer
8537,Fish - Biggest consumer
4331,Fish - Frequent consumer
6281,Fish - Frequent consumer
4338,Non consumer
2452,Fish - Frequent consumer
9507,Fish - Low consumer
8360,Fish - Frequent consumer
10311,Fish - Low consumer
5117,Fish - Biggest consumer
4867,Fish - Low consumer
9289,Non consumer
10913,Non consumer
3032,Fish - Frequent consumer
8524,Fish - Frequent consumer
3334,Fish - Biggest consumer
4470,Fish - Low consumer
1406,Fish - Frequent consumer
8619,Fish - Low consumer
10821,Non consumer
4552,Fish - Frequent consumer
898,Fish - Low consumer
9797,Fish - Low consumer
10949,Fish - Biggest consumer
8212,Fish - Frequent consumer
6248,Fish - Biggest consumer
10164,Fish - Biggest consumer
4547,Fish - Low consumer
6815,Fish - Frequent consumer
4122,Fish - Biggest consumer
10841,Fish - Frequent consumer
5370,Non consumer
176,Fish - Frequent consumer
4860,Fish - Low consumer
10757,Fish - Low consumer
4023,Fish - Frequent consumer
6679,Non consumer
9923,Non consumer
7181,Fish - Low consumer
3599,Fish - Biggest consumer
405,Fish - Low consumer
6870,Fish - Frequent consumer
832,Fish - Frequent consumer
2002,Fish - Biggest consumer
3657,Fish - Frequent consumer
500,Fish - Frequent consumer
1951,Fish - Biggest consumer
3262,Fish - Frequent consumer
4102,Fish - Low consumer
7042,Fish - Frequent consumer
10598,Fish - Low consumer
255,Non consumer
2375,Non consumer
9829,Fish - Frequent consumer
6214,Fish - Low consumer
4954,Fish - Frequent consumer
7861,Fish - Frequent consumer
4837,Fish - Biggest consumer
9423,Fish - Frequent consumer
4198,Non consumer
153,Fish - Low consumer
9323,Fish - Frequent consumer
10001,Fish - Frequent consumer
3945,Non consumer
3799,Fish - Frequent consumer
8625,Non consumer
3491,Fish - Biggest consumer
983,Fish - Frequent consumer
9119,Fish - Frequent consumer
4786,Fish - Biggest consumer
5872,Fish - Frequent consumer
6568,Fish - Frequent consumer
5628,Fish - Biggest consumer
5631,Fish - Frequent consumer
4974,Fish - Frequent consumer
8416,Fish - Frequent consumer
5454,Fish - Low consumer
4095,Fish - Frequent consumer
5474,Fish - Low consumer
4268,Non consumer
10701,Fish - Biggest consumer
3507,Fish - Biggest consumer
2079,Fish - Biggest consumer
626,Non consumer
4426,Fish - Low consumer
2591,Fish - Biggest consumer
10509,Non consumer
6382,Fish - Low consumer
6673,Fish - Frequent consumer
7441,Fish - Frequent consumer
1071,Fish - Biggest consumer
10061,Non consumer
8775,Fish - Frequent consumer
2345,Fish - Biggest consumer
322,Non consumer
10897,Fish - Frequent consumer
123,Fish - Frequent consumer
6103,Fish - Frequent consumer
7899,Fish - Frequent consumer
10500,Fish - Frequent consumer
1655,Fish - Low consumer
2406,Fish - Frequent consumer
2712,Fish - Biggest consumer
5517,Non consumer
10643,Fish - Biggest consumer
2254,Fish - Biggest consumer
10281,Fish - Frequent consumer
6958,Non consumer
954,Fish - Frequent consumer
4643,Fish - Frequent consumer
6497,Fish - Frequent consumer
5396,Fish - Frequent consumer
1052,Fish - Frequent consumer
2802,Fish - Biggest consumer
6343,Fish - Biggest consumer
6507,Fish - Low consumer
7901,Fish - Low consumer
4865,Fish - Frequent consumer
2686,Fish - Frequent consumer
3107,Fish - Frequent consumer
7734,Fish - Biggest consumer
1146,Fish - Frequent consumer
11031,Fish - Low consumer
7428,Fish - Biggest consumer
975,Fish - Frequent consumer
1103,Fish - Frequent consumer
3422,Fish - Frequent consumer
1055,Fish - Low consumer
6544,Fish - Frequent consumer
1241,Fish - Frequent consumer
2909,Fish - Frequent consumer
5802,Fish - Frequent consumer
1407,Fish - Low consumer
6183,Fish - Low consumer
340,Non consumer
5991,Fish - Low consumer
3104,Fish - Frequent consumer
9729,Fish - Frequent consumer
1008,Fish - Frequent consumer
11091,Fish - Low consumer
3969,Fish - Frequent consumer
1916,Fish - Frequent consumer
9907,Fish - Frequent consumer
87,Fish - Frequent consumer
8659,Fish - Frequent consumer
6262,Fish - Frequent consumer
6147,Fish - Low consumer
8832,Fish - Frequent consumer
10067,Non consumer
7532,Fish - Low consumer
4915,Fish - Biggest consumer
2115,Non consumer
2088,Fish - Biggest consumer
2493,Fish - Frequent consumer
6292,Fish - Frequent consumer
1631,Non consumer
10104,Non consumer
3006,Fish - Frequent consumer
3919,Fish - Frequent consumer
11181,Fish - Low consumer
642,Fish - Frequent consumer
4369,Fish - Biggest consumer
10127,Fish - Low consumer
271,Fish - Low consumer
4973,Fish - Low consumer
2948,Fish - Low consumer
2715,Fish - Low consumer
10432,Fish - Low consumer
9216,Fish - Low consumer
7124,Fish - Frequent consumer
9727,Fish - Frequent consumer
5136,Non consumer
9790,Fish - Frequent consumer
1818,Non consumer
1100,Non consumer
7873,Fish - Frequent consumer
10609,Fish - Low consumer
6950,Non consumer
7233,Fish - Biggest consumer
9481,Fish - Frequent consumer
7699,Fish - Low consumer
2711,Fish - Low consumer
8933,Fish - Low consumer
8726,Fish - Frequent consumer
1515,Fish - Low consumer
5186,Fish - Frequent consumer
10157,Fish - Frequent consumer
5667,Fish - Frequent consumer
902,Fish - Low consumer
977,Fish - Frequent consumer
7313,Fish - Biggest consumer
7600,Fish - Frequent consumer
9706,Fish - Low consumer
2429,Fish - Biggest consumer
3520,Non consumer
10394,Fish - Biggest consumer
4548,Non consumer
9362,Fish - Frequent consumer
3968,Fish - Frequent consumer
4084,Fish - Biggest consumer
6721,Fish - Frequent consumer
2829,Non consumer
1772,Fish - Biggest consumer
1544,Fish - Biggest consumer
492,Fish - Low consumer
4377,Fish - Frequent consumer
4541,Fish - Low consumer
1321,Non consumer
8858,Non consumer
3266,Fish - Low consumer
11187,Fish - Frequent consumer
8207,Fish - Low consumer
9723,Fish - Frequent consumer
2666,Fish - Biggest consumer
5721,Fish - Frequent consumer
10652,Fish - Biggest consumer
1646,Fish - Frequent consumer
4418,Fish - Biggest consumer
2656,Non consumer
7990,Fish - Low consumer
8722,Fish - Biggest consumer
7118,Fish - Frequent consumer
2980,Fish - Low consumer
1839,Fish - Frequent consumer
10722,Fish - Frequent consumer
2632,Fish - Frequent consumer
9014,Fish - Low consumer
7620,Fish - Frequent consumer
10968,Fish - Biggest consumer
11133,Fish - Low consumer
2736,Fish - Biggest consumer
1876,Fish - Frequent consumer
5959,Non consumer
1092,Fish - Biggest consumer
4333,Non consumer
3850,Fish - Frequent consumer
6168,Non consumer
607,Fish - Frequent consumer
10469,Fish - Biggest consumer
6983,Fish - Low consumer
3661,Fish - Biggest consumer
9303,Fish - Low consumer
692,Non consumer
736,Fish - Low consumer
9589,Fish - Biggest consumer
4838,Non consumer
9246,Fish - Frequent consumer
6261,Fish - Frequent consumer
7366,Fish - Biggest consumer
10659,Fish - Low consumer
1448,Non consumer
4286,Fish - Frequent consumer
4749,Fish - Frequent consumer
4478,Fish - Frequent consumer
4201,Fish - Low consumer
10084,Fish - Frequent consumer
7004,Fish - Frequent consumer
9817,Fish - Frequent consumer
8080,Fish - Low consumer
8372,Fish - Low consumer
10870,Fish - Frequent consumer
4001,Non consumer
7270,Fish - Frequent consumer
8235,Fish - Biggest consumer
9405,Fish - Low consumer
