account_id,fruits-segment
5524,Fruits - Biggest consumer
2174,Fruits - Low consumer
4141,Fruits - Biggest consumer
6182,Fruits - Low consumer
5324,Fruits - Frequent consumer
7446,Fruits - Frequent consumer
965,Fruits - Biggest consumer
6177,Fruits - Frequent consumer
4855,Non consumer
5899,Non consumer
387,Fruits - Frequent consumer
2125,Fruits - Biggest consumer
8180,Fruits - Low consumer
2569,Fruits - Frequent consumer
2114,Fruits - Frequent consumer
9736,Fruits - Frequent consumer
4939,Fruits - Frequent consumer
6565,Fruits - Biggest consumer
2278,Fruits - Frequent consumer
9360,Fruits - Low consumer
5376,Fruits - Low consumer
1993,Non consumer
4047,Non consumer
1409,Fruits - Low consumer
7892,Fruits - Low consumer
2404,Fruits - Low consumer
9422,Fruits - Low consumer
1966,Fruits - Biggest consumer
6864,Fruits - Low consumer
3033,Fruits - Frequent consumer
5710,Non consumer
7373,Fruits - Frequent consumer
8755,Fruits - Frequent consumer
10738,Non consumer
4339,Fruits - Frequent consumer
10755,Fruits - Low consumer
8595,Non consumer
2968,Fruits - Frequent consumer
8601,Fruits - Biggest consumer
503,Fruits - Low consumer
8430,Non consumer
2139,Fruits - Low consumer
1371,Fruits - Biggest consumer
9909,Fruits - Frequent consumer
7286,Fruits - Frequent consumer
6566,Fruits - Biggest consumer
8614,Fruits - Frequent consumer
4114,Fruits - Frequent consumer
1331,Fruits - Frequent consumer
2225,Fruits - Biggest consumer
9381,Fruits - Frequent consumer
6260,Fruits - Biggest consumer
10383,Fruits - Frequent consumer
7437,Non consumer
8375,Non consumer
6853,Fruits - Frequent consumer
3076,Fruits - Frequent consumer
1012,Fruits - Frequent consumer
6518,Non consumer
4137,Fruits - Frequent consumer
8082,Fruits - Low consumer
1386,Non consumer
9369,Fruits - Frequent consumer
4477,Fruits - Biggest consumer
1357,Fruits - Biggest consumer
1402,Fruits - Frequent consumer
6312,Fruits - Biggest consumer
8132,Fruits - Frequent consumer
1050,Fruits - Frequent consumer
5846,Fruits - Low consumer
1859,Fruits - Biggest consumer
7503,Fruits - Biggest consumer
10401,Non consumer
1618,Non consumer
3332,Fruits - Low consumer
2261,Fruits - Low consumer
5346,Fruits - Frequent consumer
4119,Fruits - Frequent consumer
535,Fruits - Frequent consumer
5268,Fruits - Frequent consumer
273,Non consumer
4452,Fruits - Frequent consumer
8504,Fruits - Biggest consumer
771,Fruits - Frequent consumer
11178,Fruits - Low consumer
2230,Fruits - Low consumer
7516,Fruits - Low consumer
7247,Non consumer
11100,Fruits - Low consumer
4646,Fruits - Frequent consumer
3037,Fruits - Biggest consumer
1473,Fruits - Low consumer
1016,Fruits - Low consumer
4518,Fruits - Biggest consumer
9370,Fruits - Biggest consumer
8908,Fruits - Biggest consumer
8373,Fruits - Low consumer
7533,Fruits - Low consumer
2683,Fruits - Biggest consumer
3629,Fruits - Low consumer
10991,Fruits - Biggest consumer
5077,Fruits - Biggest consumer
7431,Fruits - Frequent consumer
3267,Non consumer
999,Fruits - Biggest consumer
9215,Non consumer
2286,Fruits - Low consumer
1592,Fruits - Biggest consumer
367,Fruits - Biggest consumer
5234,Fruits - Frequent consumer
9862,Fruits - Frequent consumer
9805,Fruits - Biggest consumer
6205,Fruits - Low consumer
8442,Non consumer
7386,Non consumer
7215,Fruits - Frequent consumer
1491,Fruits - Frequent consumer
11071,Fruits - Biggest consumer
3381,Non consumer
11051,Fruits - Frequent consumer
8026,Fruits - Biggest consumer
433,Fruits - Frequent consumer
9597,Fruits - Biggest consumer
5290,Non consumer
1685,Fruits - Frequent consumer
5342,Fruits - Low consumer
9579,Fruits - Low consumer
7660,Non consumer
1461,Fruits - Low consumer
821,Fruits - Biggest consumer
11084,Non consumer
8690,Fruits - Frequent consumer
2937,Fruits - Frequent consumer
9701,Fruits - Frequent consumer
9949,Fruits - Frequent consumer
10837,Fruits - Low consumer
3120,Fruits - Low consumer
5885,Fruits - Low consumer
4050,Fruits - Frequent consumer
3830,Fruits - Frequent consumer
7987,Fruits - Frequent consumer
7798,Fruits - Frequent consumer
92,Fruits - Frequent consumer
7055,Non consumer
10240,Fruits - Frequent consumer
3025,Fruits - Frequent consumer
9283,Fruits - Low consumer
9970,Fruits - Frequent consumer
2730,Fruits - Frequent consumer
2795,Non consumer
9260,Fruits - Frequent consumer
8182,Fruits - Low consumer
10095,Fruits - Frequent consumer
8475,Fruits - Low consumer
4370,Fruits - Low consumer
10573,Fruits - Frequent consumer
3712,Fruits - Frequent consumer
6637,Fruits - Biggest consumer
3152,Fruits - Frequent consumer
5610,Fruits - Low consumer
6460,Fruits - Low consumer
1349,Fruits - Frequent consumer
1880,Non consumer
641,Non consumer
8717,Fruits - Biggest consumer
10314,Fruits - Biggest consumer
10854,Non consumer
10492,Non consumer
6935,Fruits - Frequent consumer
7698,Fruits - Low consumer
3559,Fruits - Frequent consumer
10562,Fruits - Frequent consumer
10796,Fruits - Low consumer
2563,Fruits - Frequent consumer
3518,Fruits - Low consumer
5823,Non consumer
3934,Non consumer
6982,Fruits - Frequent consumer
6431,Fruits - Low consumer
9733,Fruits - Low consumer
5602,Fruits - Frequent consumer
7829,Fruits - Frequent consumer
1324,Fruits - Low consumer
326,Fruits - Frequent consumer
7224,Non consumer
6999,Fruits - Frequent consumer
9938,Fruits - Frequent consumer
6422,Fruits - Biggest consumer
3182,Fruits - Low consumer
7300,Fruits - Low consumer
10424,Fruits - Biggest consumer
8727,Fruits - Frequent consumer
2798,Fruits - Frequent consumer
1030,Non consumer
624,Fruits - Low consumer
5176,Fruits - Frequent consumer
5552,Fruits - Frequent consumer
868,Non consumer
380,Fruits - Biggest consumer
2677,Fruits - Frequent consumer
6521,Fruits - Frequent consumer
6927,Non consumer
2877,Non consumer
0,Fruits - Frequent consumer
1584,Fruits - Frequent consumer
7264,Non consumer
6274,Fruits - Frequent consumer
1377,Fruits - Low consumer
454,Fruits - Frequent consumer
1755,Fruits - Frequent consumer
2075,Fruits - Frequent consumer
4785,Fruits - Frequent consumer
9076,Fruits - Low consumer
7079,Fruits - Frequent consumer
4653,Non consumer
7375,Fruits - Frequent consumer
709,Fruits - Frequent consumer
460,Fruits - Biggest consumer
3726,Fruits - Low consumer
6798,Fruits - Frequent consumer
5341,Fruits - Biggest consumer
1606,Fruits - Low consumer
9617,Fruits - Low consumer
3233,Fruits - Frequent consumer
89,Fruits - Frequent consumer
2936,Non consumer
9449,Fruits - Frequent consumer
7297,Fruits - Low consumer
11004,Non consumer
313,Fruits - Biggest consumer
9940,Fruits - Biggest consumer
10735,Fruits - Low consumer
9529,Fruits - Biggest consumer
6439,Non consumer
7411,Non consumer
2176,Fruits - Frequent consumer
9265,Fruits - Biggest consumer
8867,Fruits - Biggest consumer
8932,Fruits - Frequent consumer
10236,Fruits - Low consumer
6340,Fruits - Low consumer
10089,Fruits - Biggest consumer
2227,Fruits - Biggest consumer
10992,Fruits - Frequent consumer
5304,Non consumer
309,Fruits - Frequent consumer
3406,Fruits - Frequent consumer
2661,Fruits - Low consumer
3153,Non consumer
10264,Fruits - Low consumer
1184,Fruits - Frequent consumer
4200,Fruits - Low consumer
9396,Non consumer
2387,Fruits - Low consumer
6690,Fruits - Low consumer
1225,Fruits - Biggest consumer
9703,Fruits - Low consumer
291,Fruits - Biggest consumer
4557,Fruits - Frequent consumer
2379,Fruits - Biggest consumer
5726,Fruits - Frequent consumer
3066,Non consumer
6336,Fruits - Low consumer
10967,Fruits - Frequent consumer
2304,Fruits - Frequent consumer
3445,Fruits - Biggest consumer
7828,Fruits - Biggest consumer
3762,Non consumer
4391,Fruits - Frequent consumer
4669,Fruits - Frequent consumer
10144,Fruits - Frequent consumer
8652,Fruits - Frequent consumer
1672,Fruits - Frequent consumer
8962,Non consumer
9974,Fruits - Frequent consumer
10983,Fruits - Biggest consumer
8148,Fruits - Frequent consumer
10102,Fruits - Biggest consumer
4697,Fruits - Low consumer
9262,Fruits - Frequent consumer
7254,Non consumer
4543,Fruits - Biggest consumer
4927,Fruits - Low consumer
10451,Fruits - Low consumer
2926,Non consumer
2874,Fruits - Low consumer
9738,Fruits - Low consumer
7119,Fruits - Frequent consumer
3924,Non consumer
5827,Non consumer
5596,Fruits - Frequent consumer
10812,Non consumer
1717,Fruits - Frequent consumer
9491,Fruits - Low consumer
9274,Fruits - Biggest consumer
6609,Fruits - Frequent consumer
6963,Fruits - Frequent consumer
4440,Non consumer
1379,Fruits - Low consumer
10032,Fruits - Frequent consumer
2826,Non consumer
6320,Fruits - Biggest consumer
3050,Non consumer
231,Non consumer
2392,Fruits - Low consumer
9478,Fruits - Biggest consumer
113,Non consumer
1802,Fruits - Frequent consumer
520,Fruits - Low consumer
8275,Non consumer
9750,Fruits - Biggest consumer
2607,Fruits - Frequent consumer
7214,Non consumer
5835,Fruits - Low consumer
3896,Fruits - Low consumer
10350,Non consumer
7786,Fruits - Frequent consumer
2861,Fruits - Low consumer
663,Fruits - Low consumer
10675,Fruits - Frequent consumer
2521,Fruits - Low consumer
9592,Fruits - Low consumer
10151,Fruits - Biggest consumer
7381,Fruits - Biggest consumer
4099,Fruits - Low consumer
9560,Fruits - Biggest consumer
1150,Fruits - Biggest consumer
10172,Fruits - Frequent consumer
11191,Fruits - Frequent consumer
9707,Non consumer
6245,Fruits - Frequent consumer
8234,Fruits - Frequent consumer
1411,Fruits - Frequent consumer
8553,Non consumer
1826,Fruits - Biggest consumer
8842,Non consumer
11030,Non consumer
2579,Fruits - Frequent consumer
175,Fruits - Biggest consumer
9185,Fruits - Frequent consumer
11056,Fruits - Biggest consumer
9365,Non consumer
6201,Fruits - Low consumer
2061,Non consumer
6184,Fruits - Biggest consumer
6142,Fruits - Frequent consumer
4107,Fruits - Frequent consumer
7274,Fruits - Biggest consumer
9336,Non consumer
2958,Fruits - Low consumer
933,Non consumer
5837,Fruits - Frequent consumer
10704,Non consumer
5125,Non consumer
4432,Fruits - Low consumer
5955,Fruits - Frequent consumer
2928,Non consumer
5680,Fruits - Low consumer
10313,Fruits - Low consumer
2557,Fruits - Low consumer
1245,Fruits - Frequent consumer
1519,Fruits - Low consumer
10703,Non consumer
1726,Fruits - Frequent consumer
4459,Fruits - Low consumer
1729,Fruits - Frequent consumer
1517,Fruits - Frequent consumer
2098,Non consumer
9543,Fruits - Frequent consumer
6878,Fruits - Frequent consumer
3310,Fruits - Low consumer
2724,Non consumer
948,Fruits - Frequent consumer
6720,Fruits - Frequent consumer
6202,Fruits - Biggest consumer
2066,Non consumer
9799,Fruits - Frequent consumer
8318,Fruits - Biggest consumer
5642,Fruits - Low consumer
2669,Fruits - Biggest consumer
455,Fruits - Frequent consumer
7683,Fruits - Frequent consumer
3428,Non consumer
7414,Fruits - Low consumer
6354,Fruits - Low consumer
798,Non consumer
8213,Fruits - Low consumer
2488,Fruits - Low consumer
9999,Fruits - Biggest consumer
7617,Fruits - Frequent consumer
615,Fruits - Frequent consumer
2552,Non consumer
194,Non consumer
3645,Fruits - Low consumer
8890,Fruits - Frequent consumer
5049,Non consumer
9973,Fruits - Frequent consumer
7301,Fruits - Frequent consumer
10882,Fruits - Biggest consumer
7030,Non consumer
7422,Fruits - Biggest consumer
3523,Fruits - Frequent consumer
7106,Non consumer
6504,Fruits - Frequent consumer
5067,Fruits - Frequent consumer
4216,Fruits - Biggest consumer
8581,Non consumer
5929,Fruits - Low consumer
3129,Fruits - Low consumer
6528,Fruits - Low consumer
1361,Fruits - Biggest consumer
6932,Fruits - Frequent consumer
7284,Non consumer
1340,Fruits - Biggest consumer
8746,Non consumer
5987,Fruits - Low consumer
3767,Non consumer
3725,Fruits - Frequent consumer
4324,Non consumer
238,Fruits - Biggest consumer
6694,Fruits - Biggest consumer
498,Non consumer
9347,Non consumer
9699,Fruits - Frequent consumer
10664,Fruits - Low consumer
5455,Non consumer
456,Fruits - Frequent consumer
5012,Fruits - Low consumer
7495,Fruits - Frequent consumer
5029,Fruits - Low consumer
10642,Fruits - Low consumer
2106,Fruits - Frequent consumer
10364,Non consumer
5954,Fruits - Frequent consumer
1137,Fruits - Biggest consumer
2541,Fruits - Frequent consumer
1142,Fruits - Frequent consumer
2276,Fruits - Frequent consumer
2807,Fruits - Frequent consumer
6471,Fruits - Low consumer
6131,Fruits - Biggest consumer
6233,Fruits - Frequent consumer
4148,Fruits - Frequent consumer
4947,Fruits - Frequent consumer
3225,Fruits - Frequent consumer
7540,Fruits - Frequent consumer
10648,Fruits - Biggest consumer
1992,Non consumer
7851,Non consumer
8594,Non consumer
7059,Fruits - Biggest consumer
2815,Fruits - Frequent consumer
2416,Fruits - Frequent consumer
7999,Fruits - Frequent consumer
9213,Fruits - Low consumer
9697,Fruits - Frequent consumer
3916,Fruits - Frequent consumer
2021,Fruits - Biggest consumer
1581,Non consumer
564,Fruits - Frequent consumer
6619,Fruits - Low consumer
9081,Fruits - Low consumer
178,Non consumer
916,Fruits - Low consumer
5512,Non consumer
8970,Fruits - Frequent consumer
10581,Fruits - Frequent consumer
5300,Fruits - Frequent consumer
5154,Fruits - Low consumer
8346,Fruits - Frequent consumer
1676,Fruits - Low consumer
9286,Fruits - Frequent consumer
2426,Fruits - Biggest consumer
5172,Non consumer
5562,Fruits - Frequent consumer
3436,Non consumer
3921,Fruits - Low consumer
3403,Fruits - Frequent consumer
22,Fruits - Low consumer
10965,Fruits - Frequent consumer
9426,Non consumer
6605,Fruits - Frequent consumer
3136,Fruits - Frequent consumer
8737,Fruits - Low consumer
11088,Non consumer
716,Non consumer
466,Fruits - Frequent consumer
9135,Fruits - Low consumer
10623,Non consumer
8151,Fruits - Frequent consumer
5140,Non consumer
10160,Non consumer
4945,Fruits - Frequent consumer
10584,Fruits - Biggest consumer
6071,Fruits - Biggest consumer
3386,Fruits - Low consumer
8939,Fruits - Biggest consumer
9925,Fruits - Low consumer
4320,Fruits - Biggest consumer
5389,Fruits - Frequent consumer
6036,Fruits - Biggest consumer
182,Non consumer
203,Fruits - Frequent consumer
11025,Non consumer
10203,Fruits - Frequent consumer
4607,Fruits - Frequent consumer
3711,Fruits - Biggest consumer
3696,Fruits - Low consumer
2532,Fruits - Biggest consumer
9214,Fruits - Low consumer
4943,Fruits - Frequent consumer
35,Fruits - Low consumer
2258,Fruits - Low consumer
4322,Fruits - Frequent consumer
713,Fruits - Frequent consumer
4702,Fruits - Biggest consumer
3281,Fruits - Frequent consumer
702,Fruits - Biggest consumer
2004,Fruits - Biggest consumer
4769,Fruits - Low consumer
4437,Fruits - Frequent consumer
8724,Fruits - Low consumer
10741,Fruits - Frequent consumer
1991,Non consumer
6931,Fruits - Biggest consumer
11096,Fruits - Low consumer
304,Fruits - Low consumer
3665,Fruits - Frequent consumer
10591,Fruits - Frequent consumer
5036,Fruits - Low consumer
5547,Fruits - Frequent consumer
7822,Fruits - Frequent consumer
8541,Fruits - Low consumer
10955,Fruits - Biggest consumer
4368,Fruits - Frequent consumer
9671,Fruits - Low consumer
2256,Non consumer
4279,Fruits - Low consumer
5371,Fruits - Frequent consumer
9240,Non consumer
9460,Fruits - Low consumer
9504,Fruits - Frequent consumer
8692,Fruits - Frequent consumer
448,Fruits - Biggest consumer
8314,Fruits - Biggest consumer
8420,Fruits - Low consumer
3174,Fruits - Frequent consumer
7685,Fruits - Frequent consumer
3179,Fruits - Biggest consumer
9780,Fruits - Frequent consumer
10681,Fruits - Biggest consumer
10232,Fruits - Frequent consumer
4184,Fruits - Low consumer
9120,Fruits - Frequent consumer
891,Non consumer
10381,Non consumer
3525,Non consumer
6818,Non consumer
3526,Non consumer
8181,Fruits - Frequent consumer
1029,Fruits - Frequent consumer
7369,Fruits - Frequent consumer
2574,Fruits - Frequent consumer
8159,Non consumer
1160,Fruits - Low consumer
10242,Non consumer
5253,Fruits - Frequent consumer
5966,Non consumer
5314,Fruits - Low consumer
5081,Non consumer
5123,Fruits - Frequent consumer
5756,Non consumer
8036,Fruits - Low consumer
9058,Fruits - Frequent consumer
5057,Fruits - Biggest consumer
254,Fruits - Low consumer
4179,Fruits - Frequent consumer
3710,Non consumer
7627,Fruits - Biggest consumer
4501,Fruits - Biggest consumer
6424,Fruits - Frequent consumer
3075,Fruits - Frequent consumer
4992,Fruits - Low consumer
5252,Fruits - Frequent consumer
7444,Non consumer
6919,Fruits - Frequent consumer
3537,Fruits - Low consumer
10277,Non consumer
2453,Fruits - Frequent consumer
7972,Fruits - Frequent consumer
895,Fruits - Frequent consumer
1177,Fruits - Low consumer
7141,Fruits - Frequent consumer
7232,Non consumer
8477,Fruits - Low consumer
2457,Fruits - Low consumer
988,Non consumer
7930,Fruits - Frequent consumer
4587,Fruits - Frequent consumer
6682,Fruits - Frequent consumer
6222,Non consumer
10299,Fruits - Biggest consumer
3083,Fruits - Frequent consumer
8953,Non consumer
1503,Fruits - Low consumer
8650,Fruits - Frequent consumer
10862,Fruits - Frequent consumer
2782,Non consumer
6941,Fruits - Frequent consumer
10972,Fruits - Frequent consumer
10708,Fruits - Frequent consumer
6583,Fruits - Frequent consumer
3641,Fruits - Low consumer
10156,Fruits - Biggest consumer
4299,Fruits - Frequent consumer
3469,Fruits - Frequent consumer
5063,Fruits - Frequent consumer
10727,Fruits - Biggest consumer
9624,Fruits - Biggest consumer
5156,Fruits - Biggest consumer
4376,Fruits - Frequent consumer
8923,Fruits - Frequent consumer
8461,Non consumer
6945,Fruits - Frequent consumer
944,Fruits - Biggest consumer
1907,Fruits - Biggest consumer
701,Fruits - Frequent consumer
3856,Fruits - Biggest consumer
4149,Fruits - Biggest consumer
2131,Fruits - Biggest consumer
2942,Fruits - Low consumer
1173,Fruits - Biggest consumer
4381,Fruits - Low consumer
4611,Fruits - Biggest consumer
3376,Fruits - Frequent consumer
4679,Non consumer
10928,Fruits - Low consumer
4248,Fruits - Frequent consumer
6728,Non consumer
6661,Fruits - Biggest consumer
4725,Fruits - Low consumer
3277,Fruits - Low consumer
5555,Fruits - Low consumer
2564,Fruits - Low consumer
946,Fruits - Biggest consumer
3867,Fruits - Biggest consumer
6940,Fruits - Low consumer
55,Non consumer
7093,Fruits - Frequent consumer
5084,Fruits - Biggest consumer
1777,Fruits - Low consumer
8162,Fruits - Low consumer
10826,Fruits - Low consumer
8754,Non consumer
1987,Fruits - Frequent consumer
11007,Non consumer
7426,Fruits - Frequent consumer
9153,Fruits - Biggest consumer
10379,Fruits - Frequent consumer
9204,Fruits - Biggest consumer
3197,Fruits - Biggest consumer
2920,Non consumer
6961,Fruits - Low consumer
4673,Fruits - Frequent consumer
9937,Fruits - Biggest consumer
8779,Fruits - Low consumer
9596,Fruits - Frequent consumer
2891,Fruits - Frequent consumer
4910,Fruits - Biggest consumer
75,Fruits - Frequent consumer
10120,Fruits - Frequent consumer
6327,Fruits - Frequent consumer
10142,Fruits - Frequent consumer
9826,Fruits - Biggest consumer
1501,Fruits - Frequent consumer
10767,Fruits - Frequent consumer
7279,Fruits - Biggest consumer
7230,Non consumer
143,Non consumer
450,Fruits - Frequent consumer
9316,Non consumer
6379,Fruits - Low consumer
9239,Fruits - Low consumer
8315,Fruits - Low consumer
2868,Fruits - Low consumer
10888,Fruits - Frequent consumer
1277,Fruits - Frequent consumer
9977,Fruits - Frequent consumer
10196,Fruits - Biggest consumer
6384,Fruits - Frequent consumer
8029,Fruits - Frequent consumer
968,Fruits - Frequent consumer
6988,Fruits - Biggest consumer
4472,Non consumer
6991,Fruits - Frequent consumer
3336,Non consumer
4301,Fruits - Low consumer
1940,Fruits - Low consumer
1272,Fruits - Biggest consumer
1388,Fruits - Frequent consumer
1044,Fruits - Frequent consumer
6969,Fruits - Frequent consumer
10479,Fruits - Frequent consumer
3619,Fruits - Frequent consumer
1715,Fruits - Low consumer
10159,Fruits - Biggest consumer
1463,Fruits - Low consumer
5114,Fruits - Frequent consumer
4990,Non consumer
4329,Non consumer
10936,Fruits - Biggest consumer
4692,Non consumer
7212,Non consumer
6086,Fruits - Frequent consumer
437,Fruits - Biggest consumer
11171,Fruits - Low consumer
11101,Fruits - Frequent consumer
5329,Non consumer
610,Fruits - Low consumer
9384,Fruits - Frequent consumer
5956,Fruits - Low consumer
10430,Fruits - Frequent consumer
7875,Non consumer
7072,Fruits - Biggest consumer
6255,Fruits - Frequent consumer
6516,Non consumer
5564,Fruits - Biggest consumer
5682,Fruits - Frequent consumer
7458,Fruits - Low consumer
5237,Fruits - Low consumer
7761,Fruits - Frequent consumer
5278,Fruits - Frequent consumer
3560,Fruits - Frequent consumer
7235,Fruits - Frequent consumer
10548,Fruits - Frequent consumer
2281,Fruits - Low consumer
4073,Fruits - Biggest consumer
6974,Fruits - Frequent consumer
7938,Fruits - Frequent consumer
7094,Fruits - Biggest consumer
3667,Fruits - Biggest consumer
7723,Fruits - Biggest consumer
3870,Fruits - Frequent consumer
4012,Fruits - Frequent consumer
5909,Fruits - Frequent consumer
10470,Fruits - Low consumer
6488,Non consumer
10270,Fruits - Frequent consumer
6887,Fruits - Frequent consumer
6406,Fruits - Biggest consumer
7573,Fruits - Low consumer
4508,Fruits - Frequent consumer
221,Fruits - Low consumer
5331,Fruits - Biggest consumer
1911,Fruits - Biggest consumer
20,Fruits - Frequent consumer
8786,Fruits - Frequent consumer
10582,Fruits - Frequent consumer
1915,Fruits - Biggest consumer
8897,Fruits - Frequent consumer
2371,Fruits - Low consumer
4303,Fruits - Low consumer
6825,Non consumer
1072,Non consumer
4964,Fruits - Frequent consumer
2461,Fruits - Low consumer
10736,Non consumer
3194,Fruits - Frequent consumer
10839,Fruits - Frequent consumer
49,Fruits - Low consumer
4290,Fruits - Low consumer
10219,Fruits - Low consumer
4211,Fruits - Frequent consumer
1135,Fruits - Low consumer
6299,Fruits - Biggest consumer
10846,Fruits - Frequent consumer
347,Fruits - Frequent consumer
6543,Fruits - Biggest consumer
10446,Fruits - Frequent consumer
3479,Fruits - Frequent consumer
11075,Fruits - Low consumer
4442,Fruits - Frequent consumer
199,Fruits - Low consumer
6722,Fruits - Frequent consumer
796,Fruits - Biggest consumer
3749,Fruits - Biggest consumer
8523,Fruits - Low consumer
310,Fruits - Frequent consumer
8629,Fruits - Low consumer
236,Fruits - Frequent consumer
9930,Fruits - Biggest consumer
3483,Fruits - Frequent consumer
4599,Non consumer
7326,Fruits - Low consumer
7352,Fruits - Frequent consumer
2350,Fruits - Biggest consumer
9145,Fruits - Frequent consumer
2964,Fruits - Frequent consumer
5585,Fruits - Low consumer
9687,Fruits - Biggest consumer
3732,Non consumer
6303,Fruits - Biggest consumer
11176,Fruits - Frequent consumer
2986,Fruits - Low consumer
7462,Non consumer
3900,Fruits - Frequent consumer
7034,Fruits - Frequent consumer
9493,Fruits - Biggest consumer
1143,Fruits - Frequent consumer
1,Fruits - Frequent consumer
3855,Fruits - Low consumer
5536,Fruits - Frequent consumer
5989,Fruits - Biggest consumer
9499,Fruits - Frequent consumer
6768,Fruits - Low consumer
2150,Fruits - Frequent consumer
6646,Non consumer
4887,Fruits - Frequent consumer
8560,Fruits - Frequent consumer
3321,Fruits - Frequent consumer
11003,Fruits - Frequent consumer
10402,Fruits - Low consumer
9904,Fruits - Biggest consumer
6141,Fruits - Frequent consumer
5687,Fruits - Biggest consumer
10856,Non consumer
5121,Fruits - Frequent consumer
4186,Fruits - Frequent consumer
368,Fruits - Biggest consumer
3312,Fruits - Frequent consumer
11121,Fruits - Frequent consumer
5332,Fruits - Biggest consumer
5848,Fruits - Biggest consumer
10343,Fruits - Biggest consumer
5935,Fruits - Frequent consumer
2895,Fruits - Low consumer
10262,Fruits - Low consumer
7848,Fruits - Low consumer
9477,Non consumer
4856,Fruits - Biggest consumer
7186,Non consumer
5794,Non consumer
1456,Fruits - Biggest consumer
4877,Non consumer
425,Fruits - Biggest consumer
3007,Fruits - Low consumer
1031,Fruits - Frequent consumer
4297,Fruits - Low consumer
807,Fruits - Low consumer
9553,Fruits - Low consumer
4271,Fruits - Frequent consumer
4120,Fruits - Frequent consumer
2036,Fruits - Frequent consumer
115,Fruits - Frequent consumer
4259,Non consumer
8687,Fruits - Biggest consumer
2447,Fruits - Frequent consumer
10140,Non consumer
9353,Fruits - Biggest consumer
3623,Non consumer
738,Fruits - Frequent consumer
7631,Fruits - Biggest consumer
4789,Fruits - Frequent consumer
773,Fruits - Low consumer
10602,Fruits - Frequent consumer
1446,Fruits - Biggest consumer
3270,Fruits - Frequent consumer
8443,Fruits - Frequent consumer
9653,Fruits - Low consumer
8916,Fruits - Low consumer
8017,Non consumer
5830,Fruits - Biggest consumer
4597,Fruits - Biggest consumer
7023,Fruits - Low consumer
8086,Non consumer
8825,Fruits - Frequent consumer
2930,Fruits - Biggest consumer
1928,Fruits - Low consumer
7108,Fruits - Frequent consumer
10925,Fruits - Frequent consumer
9960,Non consumer
8800,Fruits - Frequent consumer
9224,Fruits - Frequent consumer
5519,Fruits - Biggest consumer
5046,Fruits - Biggest consumer
7037,Fruits - Biggest consumer
905,Fruits - Frequent consumer
8624,Fruits - Frequent consumer
8945,Non consumer
6445,Fruits - Biggest consumer
2727,Fruits - Frequent consumer
6404,Fruits - Frequent consumer
11074,Fruits - Biggest consumer
10150,Fruits - Frequent consumer
1968,Fruits - Low consumer
6534,Non consumer
9485,Fruits - Frequent consumer
7053,Fruits - Frequent consumer
4654,Fruits - Frequent consumer
9760,Non consumer
1048,Fruits - Low consumer
10619,Fruits - Frequent consumer
9308,Fruits - Biggest consumer
10505,Fruits - Frequent consumer
8362,Fruits - Frequent consumer
2625,Fruits - Frequent consumer
4637,Fruits - Biggest consumer
9972,Non consumer
4483,Fruits - Frequent consumer
4487,Fruits - Frequent consumer
4988,Fruits - Frequent consumer
8931,Fruits - Biggest consumer
5871,Fruits - Frequent consumer
2008,Fruits - Frequent consumer
3139,Fruits - Biggest consumer
10037,Fruits - Biggest consumer
10673,Fruits - Biggest consumer
5303,Non consumer
538,Fruits - Frequent consumer
7922,Non consumer
5692,Fruits - Low consumer
4843,Fruits - Frequent consumer
6383,Non consumer
1628,Fruits - Frequent consumer
1204,Non consumer
3673,Fruits - Frequent consumer
760,Fruits - Frequent consumer
8957,Fruits - Biggest consumer
4128,Fruits - Frequent consumer
6810,Fruits - Biggest consumer
5386,Fruits - Frequent consumer
8700,Fruits - Frequent consumer
3202,Non consumer
1328,Fruits - Frequent consumer
8405,Fruits - Frequent consumer
6515,Fruits - Low consumer
2882,Fruits - Frequent consumer
7574,Non consumer
6387,Non consumer
5320,Fruits - Frequent consumer
5048,Fruits - Frequent consumer
8146,Non consumer
10031,Fruits - Low consumer
5748,Fruits - Frequent consumer
2134,Fruits - Frequent consumer
1523,Fruits - Low consumer
9665,Fruits - Low consumer
4640,Fruits - Biggest consumer
3635,Non consumer
3547,Fruits - Frequent consumer
2456,Fruits - Low consumer
5633,Fruits - Frequent consumer
7801,Fruits - Biggest consumer
10489,Fruits - Frequent consumer
7011,Fruits - Low consumer
2620,Non consumer
3933,Fruits - Frequent consumer
10981,Fruits - Biggest consumer
1734,Non consumer
10995,Fruits - Frequent consumer
6357,Fruits - Frequent consumer
9209,Fruits - Biggest consumer
10286,Fruits - Frequent consumer
2611,Fruits - Biggest consumer
1600,Fruits - Low consumer
3308,Fruits - Frequent consumer
5407,Fruits - Frequent consumer
2166,Fruits - Low consumer
3955,Fruits - Low consumer
6634,Fruits - Low consumer
3056,Fruits - Frequent consumer
5718,Fruits - Biggest consumer
6872,Fruits - Low consumer
8164,Fruits - Biggest consumer
4580,Fruits - Frequent consumer
9305,Fruits - Frequent consumer
453,Non consumer
8545,Fruits - Frequent consumer
9850,Fruits - Frequent consumer
7378,Fruits - Frequent consumer
7646,Fruits - Biggest consumer
1640,Non consumer
5184,Fruits - Low consumer
8492,Non consumer
11188,Fruits - Frequent consumer
1212,Fruits - Frequent consumer
9097,Fruits - Frequent consumer
10473,Fruits - Frequent consumer
7962,Fruits - Frequent consumer
9984,Fruits - Frequent consumer
5527,Fruits - Frequent consumer
6374,Fruits - Low consumer
7453,Fruits - Frequent consumer
8952,Fruits - Biggest consumer
241,Fruits - Frequent consumer
8975,Fruits - Low consumer
6119,Non consumer
5236,Non consumer
5723,Fruits - Low consumer
1710,Fruits - Frequent consumer
1970,Non consumer
5313,Non consumer
10634,Fruits - Biggest consumer
7010,Fruits - Biggest consumer
8562,Fruits - Low consumer
3158,Fruits - Low consumer
4436,Fruits - Frequent consumer
5287,Fruits - Low consumer
2445,Fruits - Low consumer
6059,Fruits - Frequent consumer
4550,Non consumer
4240,Fruits - Frequent consumer
8911,Fruits - Biggest consumer
3706,Fruits - Frequent consumer
3628,Fruits - Frequent consumer
10175,Non consumer
8985,Fruits - Biggest consumer
5204,Fruits - Biggest consumer
9220,Fruits - Biggest consumer
9888,Fruits - Biggest consumer
5263,Fruits - Frequent consumer
1020,Fruits - Biggest consumer
9503,Fruits - Frequent consumer
10613,Fruits - Low consumer
67,Non consumer
6019,Fruits - Low consumer
5863,Non consumer
3717,Fruits - Frequent consumer
6730,Fruits - Low consumer
10749,Fruits - Frequent consumer
4998,Fruits - Frequent consumer
6287,Non consumer
5985,Fruits - Low consumer
4754,Fruits - Frequent consumer
4002,Fruits - Biggest consumer
8870,Fruits - Frequent consumer
966,Fruits - Frequent consumer
4767,Fruits - Biggest consumer
9725,Non consumer
4475,Fruits - Frequent consumer
5740,Fruits - Low consumer
5731,Non consumer
7290,Fruits - Biggest consumer
3846,Fruits - Frequent consumer
8104,Non consumer
4507,Fruits - Frequent consumer
11013,Fruits - Frequent consumer
4491,Non consumer
3759,Fruits - Frequent consumer
1162,Fruits - Biggest consumer
2055,Non consumer
10766,Fruits - Frequent consumer
4415,Fruits - Low consumer
3005,Fruits - Biggest consumer
2223,Fruits - Frequent consumer
4817,Fruits - Low consumer
2875,Fruits - Biggest consumer
10536,Non consumer
11112,Fruits - Biggest consumer
3807,Fruits - Frequent consumer
9197,Non consumer
10832,Fruits - Frequent consumer
6421,Fruits - Biggest consumer
4207,Fruits - Biggest consumer
577,Fruits - Low consumer
10855,Fruits - Frequent consumer
3081,Fruits - Low consumer
3535,Fruits - Biggest consumer
247,Fruits - Frequent consumer
8707,Fruits - Frequent consumer
9523,Non consumer
6072,Fruits - Biggest consumer
6295,Fruits - Frequent consumer
10914,Fruits - Low consumer
1509,Fruits - Frequent consumer
5577,Non consumer
7348,Fruits - Biggest consumer
1127,Fruits - Frequent consumer
1833,Fruits - Frequent consumer
4944,Fruits - Frequent consumer
9080,Fruits - Low consumer
6466,Non consumer
9964,Fruits - Biggest consumer
4790,Fruits - Frequent consumer
10245,Fruits - Biggest consumer
1109,Non consumer
6001,Fruits - Frequent consumer
5538,Fruits - Biggest consumer
10552,Fruits - Biggest consumer
1545,Fruits - Frequent consumer
7409,Fruits - Low consumer
4444,Non consumer
146,Fruits - Biggest consumer
6271,Non consumer
10065,Fruits - Low consumer
4741,Fruits - Frequent consumer
246,Fruits - Frequent consumer
375,Fruits - Biggest consumer
1524,Fruits - Biggest consumer
10022,Non consumer
7451,Fruits - Frequent consumer
11010,Fruits - Low consumer
4356,Fruits - Frequent consumer
3885,Fruits - Low consumer
1175,Fruits - Frequent consumer
880,Fruits - Frequent consumer
2320,Fruits - Frequent consumer
850,Fruits - Frequent consumer
4713,Non consumer
675,Non consumer
5025,Fruits - Frequent consumer
2308,Fruits - Frequent consumer
5995,Fruits - Low consumer
6749,Fruits - Biggest consumer
1010,Non consumer
8977,Fruits - Low consumer
4756,Fruits - Frequent consumer
3412,Fruits - Frequent consumer
606,Fruits - Low consumer
5961,Fruits - Low consumer
2975,Fruits - Frequent consumer
2894,Fruits - Biggest consumer
7613,Fruits - Frequent consumer
10542,Fruits - Low consumer
8015,Fruits - Biggest consumer
10617,Fruits - Low consumer
11166,Fruits - Frequent consumer
849,Fruits - Biggest consumer
523,Non consumer
4066,Fruits - Frequent consumer
8414,Non consumer
819,Fruits - Biggest consumer
4961,Non consumer
749,Fruits - Frequent consumer
5430,Non consumer
7755,Fruits - Low consumer
10525,Non consumer
1453,Fruits - Frequent consumer
8310,Fruits - Biggest consumer
10710,Fruits - Low consumer
5031,Fruits - Frequent consumer
2613,Fruits - Frequent consumer
213,Non consumer
967,Fruits - Frequent consumer
1077,Fruits - Biggest consumer
7959,Fruits - Biggest consumer
640,Fruits - Biggest consumer
4252,Fruits - Frequent consumer
8432,Non consumer
6218,Fruits - Low consumer
6905,Fruits - Biggest consumer
5922,Non consumer
3598,Fruits - Frequent consumer
6116,Fruits - Frequent consumer
6263,Fruits - Frequent consumer
10486,Fruits - Biggest consumer
2410,Fruits - Frequent consumer
193,Non consumer
3363,Fruits - Frequent consumer
8278,Fruits - Biggest consumer
10660,Fruits - Frequent consumer
8686,Fruits - Frequent consumer
1604,Fruits - Low consumer
5907,Non consumer
10669,Fruits - Frequent consumer
2918,Fruits - Frequent consumer
5735,Fruits - Biggest consumer
359,Fruits - Frequent consumer
8387,Fruits - Frequent consumer
1829,Non consumer
3839,Fruits - Frequent consumer
9392,Fruits - Low consumer
2292,Fruits - Low consumer
10466,Fruits - Low consumer
9855,Non consumer
4088,Fruits - Low consumer
5231,Fruits - Low consumer
590,Fruits - Biggest consumer
8732,Non consumer
2315,Non consumer
3515,Fruits - Frequent consumer
2245,Fruits - Low consumer
6283,Fruits - Frequent consumer
2246,Fruits - Frequent consumer
6606,Fruits - Frequent consumer
5545,Fruits - Frequent consumer
7342,Fruits - Biggest consumer
837,Fruits - Frequent consumer
9500,Fruits - Biggest consumer
3602,Fruits - Low consumer
234,Fruits - Low consumer
2995,Fruits - Frequent consumer
1118,Fruits - Frequent consumer
7789,Fruits - Biggest consumer
3068,Fruits - Frequent consumer
8955,Non consumer
945,Fruits - Low consumer
5644,Fruits - Low consumer
7192,Fruits - Biggest consumer
2324,Fruits - Frequent consumer
697,Fruits - Biggest consumer
3439,Fruits - Frequent consumer
1506,Fruits - Frequent consumer
232,Fruits - Biggest consumer
8876,Non consumer
4500,Non consumer
9739,Non consumer
10395,Fruits - Biggest consumer
1176,Fruits - Frequent consumer
1627,Fruits - Biggest consumer
938,Fruits - Low consumer
2740,Fruits - Low consumer
257,Fruits - Frequent consumer
4058,Fruits - Frequent consumer
7736,Fruits - Frequent consumer
8210,Fruits - Low consumer
833,Non consumer
6230,Fruits - Frequent consumer
7325,Non consumer
1307,Fruits - Frequent consumer
1502,Fruits - Low consumer
6211,Non consumer
843,Non consumer
4174,Fruits - Low consumer
9757,Fruits - Frequent consumer
6918,Fruits - Low consumer
286,Fruits - Frequent consumer
11086,Fruits - Frequent consumer
1921,Fruits - Low consumer
4138,Fruits - Biggest consumer
7718,Fruits - Biggest consumer
1291,Fruits - Frequent consumer
6862,Fruits - Low consumer
4136,Fruits - Frequent consumer
803,Non consumer
4298,Non consumer
10833,Fruits - Frequent consumer
9606,Fruits - Frequent consumer
8534,Fruits - Frequent consumer
5153,Fruits - Biggest consumer
961,Fruits - Frequent consumer
5011,Fruits - Frequent consumer
6653,Non consumer
9094,Fruits - Frequent consumer
810,Fruits - Biggest consumer
5493,Non consumer
2147,Fruits - Biggest consumer
5107,Non consumer
3979,Fruits - Frequent consumer
6049,Fruits - Biggest consumer
8147,Non consumer
1857,Non consumer
3910,Fruits - Biggest consumer
5207,Fruits - Frequent consumer
11114,Fruits - Low consumer
5429,Fruits - Low consumer
9400,Fruits - Frequent consumer
1740,Fruits - Frequent consumer
7488,Fruits - Frequent consumer
195,Fruits - Frequent consumer
635,Fruits - Frequent consumer
7527,Fruits - Frequent consumer
10319,Fruits - Frequent consumer
2296,Fruits - Low consumer
10637,Non consumer
2931,Fruits - Frequent consumer
907,Fruits - Frequent consumer
3698,Fruits - Biggest consumer
9516,Fruits - Biggest consumer
679,Fruits - Low consumer
7384,Fruits - Biggest consumer
5043,Fruits - Frequent consumer
5267,Fruits - Low consumer
339,Non consumer
2516,Fruits - Low consumer
9010,Fruits - Biggest consumer
378,Fruits - Biggest consumer
4808,Fruits - Low consumer
5068,Fruits - Low consumer
7628,Fruits - Frequent consumer
7128,Non consumer
2811,Non consumer
3551,Fruits - Low consumer
1663,Fruits - Low consumer
5543,Fruits - Frequent consumer
1577,Fruits - Biggest consumer
10641,Fruits - Frequent consumer
5336,Fruits - Low consumer
6024,Fruits - Frequent consumer
1878,Fruits - Frequent consumer
3099,Fruits - Frequent consumer
6055,Fruits - Biggest consumer
5841,Fruits - Frequent consumer
3972,Fruits - Frequent consumer
4394,Fruits - Frequent consumer
5758,Non consumer
6658,Fruits - Biggest consumer
4603,Fruits - Frequent consumer
8427,Fruits - Frequent consumer
10260,Fruits - Frequent consumer
7143,Fruits - Biggest consumer
8789,Fruits - Frequent consumer
6197,Non consumer
4554,Fruits - Biggest consumer
4937,Fruits - Low consumer
1920,Fruits - Low consumer
8749,Fruits - Low consumer
1650,Fruits - Biggest consumer
10377,Fruits - Frequent consumer
9206,Fruits - Biggest consumer
10971,Fruits - Frequent consumer
6398,Fruits - Frequent consumer
9212,Non consumer
7937,Fruits - Frequent consumer
839,Fruits - Low consumer
4246,Fruits - Frequent consumer
158,Fruits - Biggest consumer
4832,Fruits - Frequent consumer
5621,Fruits - Biggest consumer
1945,Fruits - Frequent consumer
5147,Fruits - Biggest consumer
2535,Non consumer
11039,Fruits - Frequent consumer
9495,Fruits - Biggest consumer
9635,Fruits - Low consumer
2173,Fruits - Frequent consumer
942,Fruits - Frequent consumer
9386,Non consumer
5510,Fruits - Frequent consumer
873,Non consumer
2253,Non consumer
5181,Fruits - Low consumer
979,Fruits - Frequent consumer
10390,Fruits - Frequent consumer
4698,Fruits - Biggest consumer
7793,Fruits - Frequent consumer
1745,Fruits - Biggest consumer
10590,Fruits - Biggest consumer
5080,Non consumer
8369,Fruits - Low consumer
5232,Fruits - Frequent consumer
2407,Fruits - Frequent consumer
3834,Fruits - Biggest consumer
7912,Fruits - Frequent consumer
7712,Fruits - Frequent consumer
1065,Fruits - Biggest consumer
7275,Fruits - Low consumer
1343,Fruits - Frequent consumer
1384,Fruits - Low consumer
9967,Fruits - Frequent consumer
6181,Fruits - Frequent consumer
10507,Fruits - Frequent consumer
2674,Fruits - Frequent consumer
2698,Fruits - Frequent consumer
3231,Fruits - Low consumer
4096,Fruits - Frequent consumer
10476,Fruits - Frequent consumer
5948,Fruits - Frequent consumer
9140,Fruits - Low consumer
10258,Non consumer
5675,Non consumer
4743,Fruits - Frequent consumer
8805,Fruits - Frequent consumer
1542,Non consumer
6770,Fruits - Frequent consumer
8773,Non consumer
10420,Fruits - Frequent consumer
7514,Fruits - Frequent consumer
793,Fruits - Low consumer
10909,Fruits - Frequent consumer
8702,Fruits - Low consumer
4791,Fruits - Low consumer
2963,Fruits - Biggest consumer
8216,Non consumer
8140,Fruits - Frequent consumer
10146,Fruits - Low consumer
5289,Fruits - Low consumer
2587,Non consumer
4405,Fruits - Frequent consumer
8663,Non consumer
2589,Fruits - Low consumer
3421,Fruits - Frequent consumer
10490,Fruits - Biggest consumer
4094,Fruits - Low consumer
9958,Fruits - Frequent consumer
2534,Fruits - Low consumer
4188,Fruits - Frequent consumer
6613,Fruits - Frequent consumer
10827,Fruits - Low consumer
5491,Fruits - Frequent consumer
8402,Fruits - Frequent consumer
8783,Fruits - Frequent consumer
10010,Fruits - Low consumer
618,Fruits - Frequent consumer
9121,Fruits - Frequent consumer
361,Fruits - Low consumer
4310,Fruits - Biggest consumer
2678,Fruits - Frequent consumer
6376,Fruits - Biggest consumer
524,Fruits - Frequent consumer
10341,Fruits - Frequent consumer
5654,Fruits - Low consumer
4098,Fruits - Low consumer
5824,Non consumer
7000,Fruits - Biggest consumer
2561,Fruits - Frequent consumer
5229,Fruits - Low consumer
4086,Fruits - Low consumer
2428,Fruits - Frequent consumer
8254,Non consumer
2836,Fruits - Low consumer
8418,Fruits - Frequent consumer
1362,Fruits - Biggest consumer
7152,Non consumer
10033,Fruits - Low consumer
9349,Fruits - Frequent consumer
274,Fruits - Low consumer
3388,Fruits - Frequent consumer
922,Fruits - Low consumer
8588,Fruits - Low consumer
2518,Fruits - Low consumer
574,Fruits - Frequent consumer
3220,Fruits - Frequent consumer
5967,Fruits - Low consumer
1183,Fruits - Low consumer
6856,Non consumer
4530,Fruits - Frequent consumer
1553,Fruits - Biggest consumer
4682,Fruits - Frequent consumer
8204,Fruits - Frequent consumer
5221,Fruits - Frequent consumer
1232,Fruits - Biggest consumer
1927,Fruits - Frequent consumer
5788,Fruits - Frequent consumer
6652,Fruits - Biggest consumer
6246,Fruits - Biggest consumer
5975,Non consumer
6875,Fruits - Frequent consumer
4399,Fruits - Biggest consumer
4042,Fruits - Low consumer
2157,Fruits - Frequent consumer
10133,Fruits - Biggest consumer
2525,Fruits - Biggest consumer
8233,Fruits - Frequent consumer
9483,Fruits - Biggest consumer
2945,Non consumer
10403,Fruits - Frequent consumer
5074,Non consumer
10524,Fruits - Frequent consumer
4690,Fruits - Frequent consumer
7521,Fruits - Frequent consumer
7196,Non consumer
4406,Fruits - Biggest consumer
9672,Fruits - Low consumer
4864,Fruits - Frequent consumer
4706,Non consumer
4070,Fruits - Frequent consumer
25,Fruits - Frequent consumer
3697,Fruits - Frequent consumer
217,Fruits - Frequent consumer
4220,Non consumer
5286,Fruits - Low consumer
9559,Non consumer
2849,Fruits - Biggest consumer
7787,Fruits - Frequent consumer
3102,Fruits - Low consumer
5868,Fruits - Low consumer
8370,Fruits - Biggest consumer
9988,Fruits - Frequent consumer
2939,Fruits - Biggest consumer
5529,Non consumer
9743,Fruits - Biggest consumer
5763,Fruits - Frequent consumer
3478,Fruits - Frequent consumer
7494,Non consumer
1763,Fruits - Biggest consumer
7250,Fruits - Frequent consumer
2005,Fruits - Low consumer
10770,Fruits - Biggest consumer
6885,Non consumer
2072,Fruits - Frequent consumer
9463,Fruits - Biggest consumer
6318,Fruits - Frequent consumer
4093,Fruits - Frequent consumer
5751,Fruits - Low consumer
3340,Fruits - Frequent consumer
3594,Fruits - Frequent consumer
3584,Fruits - Frequent consumer
3643,Fruits - Frequent consumer
851,Fruits - Frequent consumer
7706,Fruits - Biggest consumer
3967,Fruits - Biggest consumer
10128,Fruits - Frequent consumer
486,Fruits - Biggest consumer
9,Non consumer
9451,Fruits - Biggest consumer
9264,Fruits - Frequent consumer
3865,Fruits - Frequent consumer
2853,Fruits - Biggest consumer
1490,Non consumer
6310,Fruits - Frequent consumer
10380,Fruits - Low consumer
3887,Fruits - Frequent consumer
4278,Fruits - Biggest consumer
8643,Fruits - Biggest consumer
1998,Fruits - Frequent consumer
10795,Fruits - Low consumer
11110,Fruits - Low consumer
2408,Non consumer
202,Fruits - Biggest consumer
7998,Fruits - Frequent consumer
830,Fruits - Biggest consumer
3536,Fruits - Frequent consumer
6050,Fruits - Frequent consumer
125,Fruits - Frequent consumer
3463,Fruits - Biggest consumer
2804,Non consumer
3745,Fruits - Frequent consumer
9771,Fruits - Frequent consumer
451,Non consumer
10530,Fruits - Biggest consumer
1079,Non consumer
8920,Fruits - Frequent consumer
6678,Fruits - Low consumer
3852,Fruits - Biggest consumer
528,Fruits - Frequent consumer
73,Non consumer
5589,Non consumer
10212,Fruits - Low consumer
6365,Fruits - Frequent consumer
5636,Fruits - Low consumer
591,Fruits - Frequent consumer
2217,Fruits - Low consumer
2544,Fruits - Low consumer
7725,Fruits - Frequent consumer
8091,Fruits - Biggest consumer
7321,Fruits - Frequent consumer
5462,Fruits - Biggest consumer
7791,Fruits - Low consumer
955,Fruits - Low consumer
4037,Fruits - Low consumer
6642,Fruits - Frequent consumer
2793,Fruits - Biggest consumer
5424,Fruits - Frequent consumer
879,Non consumer
9530,Fruits - Low consumer
4828,Fruits - Biggest consumer
10699,Non consumer
1497,Fruits - Frequent consumer
7476,Fruits - Biggest consumer
4390,Fruits - Frequent consumer
10478,Non consumer
1081,Fruits - Frequent consumer
4261,Fruits - Frequent consumer
9916,Fruits - Low consumer
5350,Fruits - Biggest consumer
8135,Fruits - Low consumer
8685,Fruits - Frequent consumer
4967,Non consumer
2130,Fruits - Low consumer
9298,Non consumer
8175,Fruits - Low consumer
6257,Fruits - Frequent consumer
3790,Fruits - Low consumer
9952,Fruits - Frequent consumer
3503,Fruits - Biggest consumer
5223,Fruits - Frequent consumer
4608,Fruits - Frequent consumer
1626,Non consumer
4764,Fruits - Frequent consumer
2471,Fruits - Biggest consumer
5892,Fruits - Frequent consumer
2612,Fruits - Biggest consumer
4971,Fruits - Low consumer
5185,Fruits - Biggest consumer
10069,Fruits - Frequent consumer
2262,Fruits - Frequent consumer
1131,Non consumer
1041,Fruits - Low consumer
24,Fruits - Low consumer
3409,Fruits - Frequent consumer
7022,Fruits - Biggest consumer
7943,Non consumer
5272,Non consumer
5453,Fruits - Biggest consumer
2565,Fruits - Frequent consumer
800,Fruits - Low consumer
11092,Fruits - Low consumer
5062,Non consumer
8969,Fruits - Frequent consumer
4656,Fruits - Frequent consumer
4480,Fruits - Low consumer
9971,Fruits - Frequent consumer
6729,Fruits - Frequent consumer
1773,Fruits - Frequent consumer
9242,Fruits - Biggest consumer
1764,Fruits - Low consumer
6215,Non consumer
10099,Fruits - Biggest consumer
5423,Non consumer
940,Fruits - Frequent consumer
3011,Fruits - Frequent consumer
3298,Non consumer
8286,Fruits - Low consumer
9668,Fruits - Frequent consumer
5120,Fruits - Biggest consumer
6097,Fruits - Frequent consumer
7019,Fruits - Frequent consumer
7408,Fruits - Low consumer
8041,Fruits - Biggest consumer
252,Fruits - Biggest consumer
9986,Non consumer
3276,Fruits - Frequent consumer
3859,Fruits - Biggest consumer
3570,Fruits - Low consumer
3783,Non consumer
10207,Fruits - Low consumer
10906,Fruits - Frequent consumer
3427,Non consumer
5209,Fruits - Frequent consumer
10711,Fruits - Biggest consumer
10785,Fruits - Low consumer
2814,Fruits - Low consumer
6866,Non consumer
1665,Non consumer
6575,Fruits - Biggest consumer
3829,Fruits - Low consumer
3091,Fruits - Frequent consumer
10141,Fruits - Low consumer
5177,Fruits - Frequent consumer
7005,Fruits - Frequent consumer
6409,Fruits - Biggest consumer
7485,Fruits - Low consumer
8079,Fruits - Low consumer
8395,Fruits - Frequent consumer
10352,Fruits - Low consumer
4931,Non consumer
13,Non consumer
1834,Fruits - Frequent consumer
2285,Fruits - Frequent consumer
2295,Fruits - Frequent consumer
1378,Fruits - Frequent consumer
2781,Fruits - Frequent consumer
1165,Fruits - Frequent consumer
1404,Fruits - Frequent consumer
6457,Fruits - Frequent consumer
2639,Fruits - Frequent consumer
8299,Fruits - Low consumer
6437,Fruits - Frequent consumer
6912,Fruits - Frequent consumer
7327,Fruits - Frequent consumer
5299,Fruits - Biggest consumer
4127,Fruits - Biggest consumer
8143,Fruits - Low consumer
1964,Fruits - Biggest consumer
3690,Fruits - Biggest consumer
3433,Fruits - Frequent consumer
3389,Fruits - Biggest consumer
4712,Fruits - Frequent consumer
1170,Fruits - Frequent consumer
6347,Fruits - Low consumer
4065,Non consumer
8230,Fruits - Low consumer
1215,Fruits - Biggest consumer
5939,Fruits - Frequent consumer
2156,Non consumer
7788,Non consumer
10323,Fruits - Frequent consumer
7947,Non consumer
1891,Fruits - Biggest consumer
2570,Fruits - Frequent consumer
9256,Fruits - Frequent consumer
295,Fruits - Biggest consumer
7397,Fruits - Frequent consumer
6349,Fruits - Biggest consumer
10790,Non consumer
10398,Fruits - Frequent consumer
2431,Fruits - Low consumer
550,Fruits - Biggest consumer
1890,Fruits - Low consumer
10742,Fruits - Frequent consumer
10356,Non consumer
4676,Fruits - Biggest consumer
8852,Fruits - Biggest consumer
3565,Non consumer
5294,Fruits - Frequent consumer
1958,Non consumer
7349,Fruits - Frequent consumer
8799,Fruits - Frequent consumer
1351,Fruits - Frequent consumer
1045,Fruits - Frequent consumer
7732,Non consumer
8070,Fruits - Frequent consumer
477,Fruits - Biggest consumer
7832,Fruits - Biggest consumer
2202,Fruits - Low consumer
7396,Fruits - Biggest consumer
4055,Fruits - Frequent consumer
10340,Fruits - Frequent consumer
10091,Fruits - Frequent consumer
7629,Fruits - Low consumer
10640,Fruits - Frequent consumer
3498,Fruits - Biggest consumer
6742,Fruits - Low consumer
1172,Fruits - Biggest consumer
569,Fruits - Biggest consumer
4686,Fruits - Frequent consumer
1381,Fruits - Low consumer
2634,Fruits - Frequent consumer
10905,Fruits - Low consumer
1744,Fruits - Frequent consumer
1000,Fruits - Biggest consumer
3828,Fruits - Frequent consumer
8605,Non consumer
10304,Fruits - Low consumer
4351,Fruits - Low consumer
10129,Fruits - Biggest consumer
2499,Fruits - Biggest consumer
10092,Non consumer
7500,Fruits - Frequent consumer
5796,Fruits - Frequent consumer
10556,Fruits - Frequent consumer
1064,Fruits - Low consumer
48,Fruits - Low consumer
7610,Non consumer
263,Fruits - Frequent consumer
10814,Fruits - Frequent consumer
9710,Fruits - Frequent consumer
9292,Fruits - Biggest consumer
10250,Fruits - Frequent consumer
7881,Fruits - Frequent consumer
5847,Fruits - Frequent consumer
737,Fruits - Biggest consumer
3571,Fruits - Frequent consumer
7807,Non consumer
3878,Fruits - Low consumer
5092,Non consumer
2154,Non consumer
5394,Fruits - Frequent consumer
3798,Fruits - Low consumer
3524,Fruits - Low consumer
5247,Non consumer
5883,Fruits - Biggest consumer
2118,Fruits - Biggest consumer
8812,Fruits - Low consumer
6616,Fruits - Low consumer
2797,Fruits - Frequent consumer
4328,Fruits - Low consumer
9167,Fruits - Biggest consumer
10560,Fruits - Low consumer
2631,Fruits - Biggest consumer
8312,Fruits - Frequent consumer
5534,Fruits - Low consumer
5093,Fruits - Low consumer
7592,Fruits - Frequent consumer
8895,Fruits - Biggest consumer
8584,Fruits - Biggest consumer
2694,Non consumer
8910,Fruits - Low consumer
7433,Fruits - Low consumer
164,Non consumer
10477,Non consumer
2681,Fruits - Frequent consumer
5150,Fruits - Low consumer
5283,Fruits - Low consumer
9645,Fruits - Biggest consumer
10678,Fruits - Frequent consumer
7261,Fruits - Frequent consumer
9648,Fruits - Low consumer
2870,Non consumer
8008,Non consumer
1513,Fruits - Frequent consumer
6173,Fruits - Biggest consumer
1419,Fruits - Frequent consumer
9150,Non consumer
7960,Fruits - Frequent consumer
1250,Fruits - Frequent consumer
9905,Fruits - Low consumer
10691,Non consumer
7002,Fruits - Biggest consumer
2952,Fruits - Low consumer
8439,Fruits - Frequent consumer
762,Fruits - Frequent consumer
2831,Fruits - Frequent consumer
6977,Non consumer
6289,Non consumer
4168,Fruits - Frequent consumer
8397,Non consumer
9284,Fruits - Frequent consumer
6237,Fruits - Low consumer
3130,Fruits - Low consumer
1619,Fruits - Biggest consumer
1990,Fruits - Frequent consumer
5513,Fruits - Low consumer
269,Fruits - Frequent consumer
8093,Fruits - Frequent consumer
10513,Fruits - Biggest consumer
10177,Fruits - Biggest consumer
2549,Non consumer
5782,Fruits - Frequent consumer
10057,Fruits - Frequent consumer
10307,Fruits - Frequent consumer
8566,Non consumer
2415,Fruits - Frequent consumer
5684,Non consumer
8334,Fruits - Low consumer
9166,Fruits - Biggest consumer
1440,Fruits - Frequent consumer
78,Non consumer
5441,Fruits - Frequent consumer
5302,Fruits - Frequent consumer
4687,Fruits - Biggest consumer
1087,Fruits - Frequent consumer
6859,Fruits - Low consumer
9860,Non consumer
7129,Fruits - Frequent consumer
5866,Fruits - Low consumer
10521,Fruits - Frequent consumer
7393,Fruits - Frequent consumer
7849,Fruits - Frequent consumer
332,Fruits - Low consumer
9847,Fruits - Frequent consumer
531,Fruits - Frequent consumer
9576,Fruits - Low consumer
6906,Fruits - Biggest consumer
7419,Fruits - Low consumer
3170,Fruits - Biggest consumer
8527,Fruits - Frequent consumer
7872,Fruits - Frequent consumer
9931,Non consumer
10595,Fruits - Frequent consumer
4609,Non consumer
5010,Fruits - Frequent consumer
4427,Fruits - Frequent consumer
11148,Fruits - Low consumer
1168,Fruits - Biggest consumer
9595,Fruits - Biggest consumer
10163,Fruits - Biggest consumer
2886,Non consumer
6710,Fruits - Low consumer
5316,Fruits - Low consumer
9029,Fruits - Biggest consumer
521,Fruits - Biggest consumer
1459,Fruits - Frequent consumer
10241,Non consumer
1630,Fruits - Biggest consumer
3254,Fruits - Biggest consumer
9064,Fruits - Frequent consumer
3678,Fruits - Frequent consumer
4227,Non consumer
9467,Fruits - Low consumer
8486,Non consumer
2186,Fruits - Biggest consumer
3286,Fruits - Low consumer
8602,Fruits - Biggest consumer
3722,Fruits - Low consumer
6715,Fruits - Frequent consumer
4796,Fruits - Frequent consumer
9612,Fruits - Frequent consumer
3766,Fruits - Biggest consumer
1399,Fruits - Biggest consumer
1570,Fruits - Frequent consumer
3426,Fruits - Biggest consumer
3074,Fruits - Biggest consumer
8341,Non consumer
5180,Non consumer
6461,Fruits - Biggest consumer
7679,Fruits - Low consumer
10702,Fruits - Frequent consumer
7505,Fruits - Low consumer
5113,Fruits - Biggest consumer
10858,Fruits - Frequent consumer
2961,Fruits - Frequent consumer
2747,Fruits - Biggest consumer
3010,Fruits - Biggest consumer
5790,Fruits - Frequent consumer
6892,Fruits - Frequent consumer
1743,Fruits - Biggest consumer
3578,Fruits - Frequent consumer
8462,Fruits - Low consumer
5558,Fruits - Frequent consumer
4619,Fruits - Low consumer
8780,Fruits - Frequent consumer
10789,Fruits - Low consumer
10779,Fruits - Frequent consumer
5896,Fruits - Frequent consumer
2337,Fruits - Low consumer
10951,Non consumer
544,Fruits - Biggest consumer
17,Fruits - Biggest consumer
10680,Non consumer
3265,Fruits - Low consumer
5623,Fruits - Low consumer
5832,Fruits - Biggest consumer
5544,Fruits - Frequent consumer
6417,Fruits - Biggest consumer
5831,Fruits - Biggest consumer
7101,Non consumer
10176,Non consumer
2326,Non consumer
4385,Non consumer
2929,Fruits - Frequent consumer
10686,Non consumer
2546,Fruits - Low consumer
3283,Fruits - Biggest consumer
3138,Fruits - Frequent consumer
4994,Fruits - Frequent consumer
7966,Fruits - Biggest consumer
3112,Fruits - Low consumer
10872,Non consumer
2181,Fruits - Biggest consumer
1867,Fruits - Biggest consumer
1518,Fruits - Frequent consumer
5734,Fruits - Low consumer
2878,Fruits - Frequent consumer
1458,Fruits - Low consumer
7007,Fruits - Low consumer
6200,Fruits - Biggest consumer
1403,Fruits - Low consumer
4827,Fruits - Frequent consumer
6250,Fruits - Frequent consumer
9291,Fruits - Low consumer
2478,Fruits - Low consumer
1139,Fruits - Frequent consumer
5138,Fruits - Low consumer
5393,Non consumer
10413,Fruits - Biggest consumer
5015,Fruits - Frequent consumer
10868,Fruits - Biggest consumer
10676,Fruits - Biggest consumer
2495,Fruits - Frequent consumer
7842,Fruits - Frequent consumer
9955,Fruits - Frequent consumer
6663,Non consumer
2162,Fruits - Frequent consumer
3434,Fruits - Biggest consumer
7919,Fruits - Biggest consumer
5626,Fruits - Low consumer
6428,Fruits - Frequent consumer
8514,Non consumer
10448,Fruits - Frequent consumer
2109,Fruits - Biggest consumer
7530,Fruits - Low consumer
8925,Fruits - Biggest consumer
3009,Fruits - Frequent consumer
6355,Non consumer
3517,Fruits - Low consumer
1158,Fruits - Low consumer
6203,Fruits - Biggest consumer
7165,Fruits - Frequent consumer
3595,Fruits - Frequent consumer
8537,Fruits - Biggest consumer
4331,Fruits - Frequent consumer
6281,Non consumer
4338,Non consumer
2452,Fruits - Frequent consumer
9507,Fruits - Frequent consumer
8360,Fruits - Frequent consumer
10311,Fruits - Low consumer
5117,Fruits - Biggest consumer
4867,Non consumer
9289,Fruits - Low consumer
10913,Fruits - Low consumer
3032,Fruits - Frequent consumer
8524,Fruits - Low consumer
3334,Fruits - Biggest consumer
4470,Fruits - Low consumer
1406,Fruits - Frequent consumer
8619,Non consumer
10821,Fruits - Low consumer
4552,Fruits - Low consumer
898,Fruits - Frequent consumer
9797,Fruits - Frequent consumer
10949,Fruits - Frequent consumer
8212,Fruits - Frequent consumer
6248,Fruits - Frequent consumer
10164,Fruits - Frequent consumer
4547,Fruits - Low consumer
6815,Fruits - Frequent consumer
4122,Fruits - Frequent consumer
10841,Fruits - Frequent consumer
5370,Fruits - Low consumer
176,Fruits - Frequent consumer
4860,Fruits - Low consumer
10757,Fruits - Low consumer
4023,Fruits - Frequent consumer
6679,Fruits - Low consumer
9923,Non consumer
7181,Non consumer
3599,Fruits - Biggest consumer
405,Non consumer
6870,Fruits - Low consumer
832,Fruits - Frequent consumer
2002,Fruits - Biggest consumer
3657,Fruits - Low consumer
500,Fruits - Frequent consumer
1951,Fruits - Biggest consumer
3262,Fruits - Biggest consumer
4102,Fruits - Low consumer
7042,Fruits - Low consumer
10598,Fruits - Low consumer
255,Non consumer
2375,Non consumer
9829,Fruits - Low consumer
6214,Fruits - Frequent consumer
4954,Fruits - Frequent consumer
7861,Fruits - Biggest consumer
4837,Fruits - Frequent consumer
9423,Fruits - Low consumer
4198,Fruits - Low consumer
153,Fruits - Low consumer
9323,Fruits - Frequent consumer
10001,Fruits - Frequent consumer
3945,Fruits - Biggest consumer
3799,Fruits - Frequent consumer
8625,Fruits - Low consumer
3491,Fruits - Biggest consumer
983,Fruits - Frequent consumer
9119,Fruits - Frequent consumer
4786,Fruits - Biggest consumer
5872,Fruits - Biggest consumer
6568,Non consumer
5628,Fruits - Biggest consumer
5631,Fruits - Biggest consumer
4974,Fruits - Biggest consumer
8416,Fruits - Frequent consumer
5454,Non consumer
4095,Fruits - Frequent consumer
5474,Fruits - Frequent consumer
4268,Non consumer
10701,Non consumer
3507,Fruits - Biggest consumer
2079,Fruits - Frequent consumer
626,Fruits - Low consumer
4426,Fruits - Low consumer
2591,Fruits - Frequent consumer
10509,Non consumer
6382,Non consumer
6673,Fruits - Frequent consumer
7441,Fruits - Biggest consumer
1071,Fruits - Biggest consumer
10061,Fruits - Frequent consumer
8775,Non consumer
2345,Fruits - Biggest consumer
322,Fruits - Low consumer
10897,Fruits - Biggest consumer
123,Fruits - Frequent consumer
6103,Fruits - Frequent consumer
7899,Fruits - Frequent consumer
10500,Fruits - Low consumer
1655,Fruits - Low consumer
2406,Fruits - Low consumer
2712,Fruits - Biggest consumer
5517,Non consumer
10643,Fruits - Biggest consumer
2254,Fruits - Biggest consumer
10281,Fruits - Biggest consumer
6958,Non consumer
954,Fruits - Low consumer
4643,Fruits - Frequent consumer
6497,Fruits - Frequent consumer
5396,Fruits - Frequent consumer
1052,Fruits - Frequent consumer
2802,Fruits - Frequent consumer
6343,Fruits - Biggest consumer
6507,Fruits - Frequent consumer
7901,Fruits - Low consumer
4865,Fruits - Frequent consumer
2686,Fruits - Low consumer
3107,Fruits - Frequent consumer
7734,Fruits - Biggest consumer
1146,Fruits - Frequent consumer
11031,Fruits - Low consumer
7428,Fruits - Biggest consumer
975,Fruits - Low consumer
1103,Fruits - Biggest consumer
3422,Fruits - Frequent consumer
1055,Non consumer
6544,Non consumer
1241,Fruits - Low consumer
2909,Fruits - Frequent consumer
5802,Fruits - Frequent consumer
1407,Fruits - Frequent consumer
6183,Fruits - Low consumer
340,Fruits - Frequent consumer
5991,Fruits - Low consumer
3104,Fruits - Biggest consumer
9729,Fruits - Frequent consumer
1008,Fruits - Frequent consumer
11091,Fruits - Low consumer
3969,Fruits - Low consumer
1916,Fruits - Low consumer
9907,Fruits - Frequent consumer
87,Fruits - Frequent consumer
8659,Fruits - Biggest consumer
6262,Fruits - Frequent consumer
6147,Fruits - Low consumer
8832,Fruits - Frequent consumer
10067,Non consumer
7532,Fruits - Low consumer
4915,Fruits - Biggest consumer
2115,Non consumer
2088,Fruits - Frequent consumer
2493,Non consumer
6292,Non consumer
1631,Fruits - Biggest consumer
10104,Non consumer
3006,Non consumer
3919,Non consumer
11181,Fruits - Low consumer
642,Fruits - Low consumer
4369,Fruits - Biggest consumer
10127,Fruits - Frequent consumer
271,Non consumer
4973,Fruits - Low consumer
2948,Fruits - Frequent consumer
2715,Fruits - Low consumer
10432,Non consumer
9216,Fruits - Low consumer
7124,Fruits - Low consumer
9727,Fruits - Frequent consumer
5136,Fruits - Frequent consumer
9790,Fruits - Biggest consumer
1818,Non consumer
1100,Fruits - Low consumer
7873,Fruits - Frequent consumer
10609,Non consumer
6950,Fruits - Low consumer
7233,Fruits - Frequent consumer
9481,Fruits - Frequent consumer
7699,Non consumer
2711,Fruits - Low consumer
8933,Fruits - Low consumer
8726,Fruits - Frequent consumer
1515,Fruits - Low consumer
5186,Fruits - Frequent consumer
10157,Fruits - Frequent consumer
5667,Fruits - Frequent consumer
902,Fruits - Frequent consumer
977,Fruits - Frequent consumer
7313,Fruits - Biggest consumer
7600,Fruits - Low consumer
9706,Fruits - Low consumer
2429,Fruits - Biggest consumer
3520,Fruits - Frequent consumer
10394,Fruits - Biggest consumer
4548,Fruits - Low consumer
9362,Fruits - Frequent consumer
3968,Fruits - Frequent consumer
4084,Fruits - Biggest consumer
6721,Fruits - Frequent consumer
2829,Non consumer
1772,Fruits - Frequent consumer
1544,Fruits - Biggest consumer
492,Fruits - Low consumer
4377,Fruits - Frequent consumer
4541,Fruits - Frequent consumer
1321,Fruits - Low consumer
8858,Non consumer
3266,Fruits - Frequent consumer
11187,Fruits - Frequent consumer
8207,Non consumer
9723,Fruits - Biggest consumer
2666,Fruits - Biggest consumer
5721,Fruits - Biggest consumer
10652,Fruits - Biggest consumer
1646,Fruits - Frequent consumer
4418,Fruits - Biggest consumer
2656,Fruits - Low consumer
7990,Fruits - Low consumer
8722,Fruits - Biggest consumer
7118,Fruits - Biggest consumer
2980,Non consumer
1839,Fruits - Frequent consumer
10722,Fruits - Frequent consumer
2632,Non consumer
9014,Fruits - Low consumer
7620,Fruits - Frequent consumer
10968,Fruits - Frequent consumer
11133,Fruits - Low consumer
2736,Fruits - Biggest consumer
1876,Non consumer
5959,Non consumer
1092,Fruits - Biggest consumer
4333,Non consumer
3850,Fruits - Low consumer
6168,Non consumer
607,Fruits - Frequent consumer
10469,Fruits - Biggest consumer
6983,Fruits - Low consumer
3661,Fruits - Biggest consumer
9303,Fruits - Low consumer
692,Fruits - Low consumer
736,Fruits - Low consumer
9589,Fruits - Biggest consumer
4838,Fruits - Low consumer
9246,Fruits - Low consumer
6261,Fruits - Frequent consumer
7366,Fruits - Frequent consumer
10659,Fruits - Frequent consumer
1448,Fruits - Frequent consumer
4286,Fruits - Frequent consumer
4749,Fruits - Frequent consumer
4478,Fruits - Frequent consumer
4201,Fruits - Frequent consumer
10084,Fruits - Low consumer
7004,Fruits - Low consumer
9817,Fruits - Frequent consumer
8080,Fruits - Low consumer
8372,Fruits - Low consumer
10870,Fruits - Frequent consumer
4001,Non consumer
7270,Fruits - Biggest consumer
8235,Fruits - Frequent consumer
9405,Fruits - Low consumer
