account_id,gold-segment
5524,Gold - Biggest consumer
2174,Gold - Low consumer
4141,Gold - Frequent consumer
6182,Gold - Low consumer
5324,Gold - Frequent consumer
7446,Gold - Frequent consumer
965,Gold - Frequent consumer
6177,Gold - Frequent consumer
4855,Gold - Low consumer
5899,Gold - Frequent consumer
387,Gold - Frequent consumer
2125,Gold - Frequent consumer
8180,Gold - Frequent consumer
2569,Gold - Low consumer
2114,Gold - Frequent consumer
9736,Gold - Low consumer
4939,Gold - Frequent consumer
6565,Gold - Biggest consumer
2278,Gold - Frequent consumer
9360,Gold - Frequent consumer
5376,Gold - Low consumer
1993,Gold - Frequent consumer
4047,Gold - Low consumer
1409,Gold - Biggest consumer
7892,Gold - Frequent consumer
2404,Gold - Frequent consumer
9422,Gold - Low consumer
1966,Non consumer
6864,Gold - Low consumer
3033,Gold - Biggest consumer
5710,Gold - Low consumer
7373,Gold - Frequent consumer
8755,Gold - Frequent consumer
10738,Gold - Low consumer
4339,Gold - Frequent consumer
10755,Gold - Frequent consumer
8595,Gold - Low consumer
2968,Gold - Frequent consumer
8601,Gold - Biggest consumer
503,Gold - Low consumer
8430,Gold - Low consumer
2139,Gold - Frequent consumer
1371,Gold - Biggest consumer
9909,Gold - Frequent consumer
7286,Gold - Frequent consumer
6566,Gold - Frequent consumer
8614,Gold - Frequent consumer
4114,Gold - Frequent consumer
1331,Gold - Low consumer
2225,Gold - Biggest consumer
9381,Gold - Biggest consumer
6260,Gold - Biggest consumer
10383,Gold - Frequent consumer
7437,Gold - Low consumer
8375,Gold - Frequent consumer
6853,Gold - Biggest consumer
3076,Gold - Low consumer
1012,Gold - Biggest consumer
6518,Gold - Low consumer
4137,Gold - Frequent consumer
8082,Gold - Frequent consumer
1386,Non consumer
9369,Gold - Frequent consumer
4477,Gold - Biggest consumer
1357,Gold - Biggest consumer
1402,Gold - Frequent consumer
6312,Gold - Biggest consumer
8132,Gold - Frequent consumer
1050,Gold - Low consumer
5846,Gold - Low consumer
1859,Gold - Frequent consumer
7503,Gold - Frequent consumer
10401,Gold - Low consumer
1618,Gold - Frequent consumer
3332,Gold - Frequent consumer
2261,Gold - Low consumer
5346,Gold - Frequent consumer
4119,Gold - Biggest consumer
535,Gold - Biggest consumer
5268,Gold - Low consumer
273,Gold - Low consumer
4452,Gold - Frequent consumer
8504,Gold - Biggest consumer
771,Gold - Low consumer
11178,Gold - Low consumer
2230,Non consumer
7516,Gold - Low consumer
7247,Gold - Biggest consumer
11100,Gold - Low consumer
4646,Gold - Biggest consumer
3037,Gold - Frequent consumer
1473,Gold - Low consumer
1016,Gold - Low consumer
4518,Gold - Biggest consumer
9370,Gold - Biggest consumer
8908,Gold - Frequent consumer
8373,Gold - Low consumer
7533,Gold - Low consumer
2683,Gold - Biggest consumer
3629,Gold - Frequent consumer
10991,Gold - Frequent consumer
5077,Gold - Biggest consumer
7431,Gold - Biggest consumer
3267,Gold - Biggest consumer
999,Gold - Frequent consumer
9215,Gold - Biggest consumer
2286,Gold - Frequent consumer
1592,Gold - Frequent consumer
367,Gold - Biggest consumer
5234,Gold - Frequent consumer
9862,Gold - Low consumer
9805,Gold - Frequent consumer
6205,Gold - Low consumer
8442,Gold - Low consumer
7386,Gold - Low consumer
7215,Gold - Biggest consumer
1491,Gold - Biggest consumer
11071,Gold - Biggest consumer
3381,Gold - Low consumer
11051,Gold - Frequent consumer
8026,Gold - Biggest consumer
433,Gold - Frequent consumer
9597,Gold - Biggest consumer
5290,Gold - Frequent consumer
1685,Non consumer
5342,Gold - Low consumer
9579,Gold - Frequent consumer
7660,Gold - Frequent consumer
1461,Gold - Low consumer
821,Gold - Frequent consumer
11084,Gold - Frequent consumer
8690,Gold - Biggest consumer
2937,Gold - Frequent consumer
9701,Gold - Biggest consumer
9949,Gold - Frequent consumer
10837,Gold - Frequent consumer
3120,Gold - Low consumer
5885,Gold - Frequent consumer
4050,Gold - Low consumer
3830,Gold - Frequent consumer
7987,Gold - Frequent consumer
7798,Gold - Biggest consumer
92,Gold - Frequent consumer
7055,Gold - Biggest consumer
10240,Gold - Frequent consumer
3025,Gold - Low consumer
9283,Non consumer
9970,Gold - Frequent consumer
2730,Gold - Frequent consumer
2795,Gold - Low consumer
9260,Gold - Frequent consumer
8182,Gold - Low consumer
10095,Gold - Frequent consumer
8475,Gold - Low consumer
4370,Gold - Frequent consumer
10573,Gold - Frequent consumer
3712,Gold - Low consumer
6637,Gold - Biggest consumer
3152,Gold - Frequent consumer
5610,Gold - Low consumer
6460,Gold - Frequent consumer
1349,Gold - Frequent consumer
1880,Gold - Low consumer
641,Gold - Frequent consumer
8717,Gold - Frequent consumer
10314,Gold - Biggest consumer
10854,Gold - Low consumer
10492,Gold - Low consumer
6935,Gold - Biggest consumer
7698,Gold - Low consumer
3559,Gold - Low consumer
10562,Gold - Biggest consumer
10796,Gold - Frequent consumer
2563,Gold - Low consumer
3518,Gold - Low consumer
5823,Gold - Low consumer
3934,Gold - Biggest consumer
6982,Gold - Frequent consumer
6431,Gold - Low consumer
9733,Gold - Frequent consumer
5602,Gold - Biggest consumer
7829,Gold - Frequent consumer
1324,Gold - Frequent consumer
326,Gold - Frequent consumer
7224,Gold - Low consumer
6999,Gold - Low consumer
9938,Gold - Frequent consumer
6422,Gold - Biggest consumer
3182,Gold - Biggest consumer
7300,Gold - Frequent consumer
10424,Gold - Biggest consumer
8727,Gold - Frequent consumer
2798,Gold - Biggest consumer
1030,Gold - Low consumer
624,Gold - Frequent consumer
5176,Gold - Frequent consumer
5552,Gold - Frequent consumer
868,Gold - Low consumer
380,Gold - Biggest consumer
2677,Gold - Low consumer
6521,Gold - Frequent consumer
6927,Gold - Low consumer
2877,Gold - Frequent consumer
0,Gold - Frequent consumer
1584,Gold - Biggest consumer
7264,Gold - Low consumer
6274,Gold - Frequent consumer
1377,Gold - Biggest consumer
454,Gold - Frequent consumer
1755,Gold - Frequent consumer
2075,Gold - Low consumer
4785,Gold - Frequent consumer
9076,Gold - Low consumer
7079,Gold - Biggest consumer
4653,Gold - Frequent consumer
7375,Gold - Biggest consumer
709,Gold - Biggest consumer
460,Gold - Frequent consumer
3726,Non consumer
6798,Gold - Frequent consumer
5341,Gold - Frequent consumer
1606,Gold - Low consumer
9617,Gold - Low consumer
3233,Gold - Frequent consumer
89,Gold - Frequent consumer
2936,Gold - Low consumer
9449,Gold - Frequent consumer
7297,Gold - Frequent consumer
11004,Gold - Low consumer
313,Gold - Frequent consumer
9940,Gold - Frequent consumer
10735,Gold - Low consumer
9529,Gold - Biggest consumer
6439,Gold - Biggest consumer
7411,Gold - Low consumer
2176,Gold - Biggest consumer
9265,Gold - Biggest consumer
8867,Gold - Biggest consumer
8932,Gold - Biggest consumer
10236,Gold - Frequent consumer
6340,Gold - Frequent consumer
10089,Gold - Biggest consumer
2227,Gold - Frequent consumer
10992,Gold - Frequent consumer
5304,Gold - Low consumer
309,Gold - Frequent consumer
3406,Gold - Frequent consumer
2661,Gold - Low consumer
3153,Gold - Low consumer
10264,Gold - Frequent consumer
1184,Gold - Frequent consumer
4200,Gold - Low consumer
9396,Gold - Low consumer
2387,Gold - Frequent consumer
6690,Gold - Frequent consumer
1225,Gold - Biggest consumer
9703,Gold - Biggest consumer
291,Gold - Biggest consumer
4557,Gold - Frequent consumer
2379,Gold - Biggest consumer
5726,Gold - Low consumer
3066,Gold - Frequent consumer
6336,Gold - Low consumer
10967,Gold - Low consumer
2304,Gold - Low consumer
3445,Gold - Biggest consumer
7828,Gold - Frequent consumer
3762,Gold - Frequent consumer
4391,Gold - Biggest consumer
4669,Gold - Frequent consumer
10144,Gold - Biggest consumer
8652,Gold - Frequent consumer
1672,Gold - Biggest consumer
8962,Gold - Low consumer
9974,Gold - Frequent consumer
10983,Gold - Biggest consumer
8148,Gold - Biggest consumer
10102,Gold - Frequent consumer
4697,Gold - Frequent consumer
9262,Gold - Frequent consumer
7254,Gold - Frequent consumer
4543,Gold - Biggest consumer
4927,Gold - Frequent consumer
10451,Gold - Low consumer
2926,Gold - Frequent consumer
2874,Gold - Low consumer
9738,Gold - Frequent consumer
7119,Gold - Frequent consumer
3924,Gold - Frequent consumer
5827,Gold - Low consumer
5596,Gold - Frequent consumer
10812,Non consumer
1717,Gold - Frequent consumer
9491,Gold - Frequent consumer
9274,Gold - Biggest consumer
6609,Gold - Frequent consumer
6963,Gold - Frequent consumer
4440,Gold - Low consumer
1379,Gold - Frequent consumer
10032,Gold - Frequent consumer
2826,Gold - Low consumer
6320,Gold - Frequent consumer
3050,Gold - Frequent consumer
231,Gold - Low consumer
2392,Gold - Frequent consumer
9478,Gold - Frequent consumer
113,Gold - Low consumer
1802,Gold - Biggest consumer
520,Gold - Low consumer
8275,Gold - Low consumer
9750,Gold - Biggest consumer
2607,Gold - Frequent consumer
7214,Gold - Biggest consumer
5835,Gold - Low consumer
3896,Gold - Low consumer
10350,Non consumer
7786,Gold - Frequent consumer
2861,Gold - Low consumer
663,Gold - Low consumer
10675,Gold - Frequent consumer
2521,Gold - Frequent consumer
9592,Gold - Low consumer
10151,Gold - Biggest consumer
7381,Gold - Frequent consumer
4099,Gold - Frequent consumer
9560,Gold - Biggest consumer
1150,Gold - Biggest consumer
10172,Gold - Frequent consumer
11191,Gold - Frequent consumer
9707,Gold - Frequent consumer
6245,Gold - Frequent consumer
8234,Gold - Low consumer
1411,Gold - Biggest consumer
8553,Gold - Low consumer
1826,Gold - Biggest consumer
8842,Gold - Low consumer
11030,Gold - Low consumer
2579,Gold - Low consumer
175,Gold - Biggest consumer
9185,Non consumer
11056,Gold - Frequent consumer
9365,Gold - Frequent consumer
6201,Gold - Low consumer
2061,Gold - Low consumer
6184,Gold - Frequent consumer
6142,Gold - Low consumer
4107,Gold - Frequent consumer
7274,Gold - Biggest consumer
9336,Gold - Frequent consumer
2958,Gold - Low consumer
933,Gold - Low consumer
5837,Gold - Biggest consumer
10704,Gold - Biggest consumer
5125,Gold - Frequent consumer
4432,Gold - Low consumer
5955,Gold - Biggest consumer
2928,Gold - Frequent consumer
5680,Gold - Low consumer
10313,Gold - Frequent consumer
2557,Gold - Frequent consumer
1245,Gold - Biggest consumer
1519,Gold - Low consumer
10703,Gold - Frequent consumer
1726,Gold - Frequent consumer
4459,Gold - Low consumer
1729,Gold - Biggest consumer
1517,Gold - Frequent consumer
2098,Gold - Low consumer
9543,Gold - Low consumer
6878,Gold - Frequent consumer
3310,Gold - Frequent consumer
2724,Gold - Low consumer
948,Gold - Frequent consumer
6720,Gold - Biggest consumer
6202,Gold - Biggest consumer
2066,Gold - Frequent consumer
9799,Gold - Biggest consumer
8318,Gold - Frequent consumer
5642,Gold - Low consumer
2669,Gold - Biggest consumer
455,Gold - Frequent consumer
7683,Gold - Biggest consumer
3428,Gold - Frequent consumer
7414,Gold - Frequent consumer
6354,Gold - Frequent consumer
798,Gold - Low consumer
8213,Gold - Frequent consumer
2488,Gold - Low consumer
9999,Gold - Frequent consumer
7617,Gold - Frequent consumer
615,Gold - Biggest consumer
2552,Gold - Low consumer
194,Gold - Low consumer
3645,Gold - Low consumer
8890,Gold - Low consumer
5049,Gold - Low consumer
9973,Gold - Low consumer
7301,Gold - Frequent consumer
10882,Gold - Frequent consumer
7030,Gold - Frequent consumer
7422,Gold - Low consumer
3523,Gold - Biggest consumer
7106,Gold - Frequent consumer
6504,Gold - Frequent consumer
5067,Gold - Frequent consumer
4216,Gold - Biggest consumer
8581,Gold - Frequent consumer
5929,Gold - Low consumer
3129,Gold - Low consumer
6528,Gold - Low consumer
1361,Gold - Biggest consumer
6932,Gold - Frequent consumer
7284,Gold - Low consumer
1340,Gold - Frequent consumer
8746,Gold - Frequent consumer
5987,Gold - Frequent consumer
3767,Gold - Biggest consumer
3725,Gold - Frequent consumer
4324,Gold - Biggest consumer
238,Gold - Biggest consumer
6694,Gold - Biggest consumer
498,Gold - Low consumer
9347,Gold - Low consumer
9699,Gold - Frequent consumer
10664,Gold - Frequent consumer
5455,Gold - Low consumer
456,Gold - Low consumer
5012,Gold - Low consumer
7495,Gold - Low consumer
5029,Gold - Low consumer
10642,Gold - Low consumer
2106,Gold - Frequent consumer
10364,Gold - Low consumer
5954,Gold - Low consumer
1137,Gold - Frequent consumer
2541,Gold - Low consumer
1142,Gold - Frequent consumer
2276,Gold - Frequent consumer
2807,Gold - Frequent consumer
6471,Gold - Low consumer
6131,Gold - Frequent consumer
6233,Gold - Low consumer
4148,Gold - Frequent consumer
4947,Gold - Biggest consumer
3225,Gold - Frequent consumer
7540,Gold - Low consumer
10648,Gold - Frequent consumer
1992,Gold - Biggest consumer
7851,Gold - Biggest consumer
8594,Gold - Frequent consumer
7059,Gold - Biggest consumer
2815,Gold - Frequent consumer
2416,Non consumer
7999,Gold - Frequent consumer
9213,Gold - Low consumer
9697,Gold - Low consumer
3916,Gold - Biggest consumer
2021,Gold - Biggest consumer
1581,Gold - Low consumer
564,Gold - Low consumer
6619,Gold - Low consumer
9081,Gold - Low consumer
178,Gold - Biggest consumer
916,Gold - Low consumer
5512,Gold - Frequent consumer
8970,Gold - Biggest consumer
10581,Gold - Biggest consumer
5300,Gold - Frequent consumer
5154,Non consumer
8346,Gold - Biggest consumer
1676,Gold - Low consumer
9286,Gold - Frequent consumer
2426,Gold - Frequent consumer
5172,Gold - Frequent consumer
5562,Gold - Biggest consumer
3436,Gold - Low consumer
3921,Gold - Frequent consumer
3403,Gold - Biggest consumer
22,Gold - Frequent consumer
10965,Gold - Frequent consumer
9426,Gold - Biggest consumer
6605,Gold - Frequent consumer
3136,Gold - Frequent consumer
8737,Gold - Low consumer
11088,Gold - Frequent consumer
716,Non consumer
466,Gold - Frequent consumer
9135,Gold - Frequent consumer
10623,Non consumer
8151,Gold - Biggest consumer
5140,Gold - Biggest consumer
10160,Gold - Low consumer
4945,Gold - Biggest consumer
10584,Gold - Frequent consumer
6071,Gold - Biggest consumer
3386,Gold - Frequent consumer
8939,Gold - Biggest consumer
9925,Gold - Frequent consumer
4320,Gold - Biggest consumer
5389,Gold - Low consumer
6036,Gold - Frequent consumer
182,Gold - Frequent consumer
203,Gold - Frequent consumer
11025,Gold - Frequent consumer
10203,Gold - Frequent consumer
4607,Gold - Biggest consumer
3711,Non consumer
3696,Gold - Low consumer
2532,Gold - Biggest consumer
9214,Gold - Biggest consumer
4943,Gold - Biggest consumer
35,Gold - Biggest consumer
2258,Gold - Low consumer
4322,Gold - Frequent consumer
713,Gold - Frequent consumer
4702,Gold - Biggest consumer
3281,Gold - Biggest consumer
702,Gold - Biggest consumer
2004,Gold - Frequent consumer
4769,Gold - Low consumer
4437,Gold - Frequent consumer
8724,Gold - Low consumer
10741,Gold - Frequent consumer
1991,Gold - Low consumer
6931,Gold - Frequent consumer
11096,Gold - Low consumer
304,Gold - Frequent consumer
3665,Gold - Frequent consumer
10591,Gold - Frequent consumer
5036,Gold - Biggest consumer
5547,Non consumer
7822,Gold - Frequent consumer
8541,Gold - Low consumer
10955,Gold - Frequent consumer
4368,Gold - Low consumer
9671,Gold - Frequent consumer
2256,Gold - Low consumer
4279,Gold - Frequent consumer
5371,Gold - Frequent consumer
9240,Gold - Frequent consumer
9460,Gold - Frequent consumer
9504,Gold - Frequent consumer
8692,Gold - Frequent consumer
448,Gold - Biggest consumer
8314,Gold - Biggest consumer
8420,Gold - Frequent consumer
3174,Gold - Frequent consumer
7685,Gold - Frequent consumer
3179,Gold - Frequent consumer
9780,Gold - Frequent consumer
10681,Gold - Biggest consumer
10232,Gold - Frequent consumer
4184,Gold - Frequent consumer
9120,Gold - Frequent consumer
891,Gold - Low consumer
10381,Gold - Low consumer
3525,Gold - Low consumer
6818,Gold - Biggest consumer
3526,Gold - Low consumer
8181,Gold - Frequent consumer
1029,Gold - Frequent consumer
7369,Non consumer
2574,Gold - Frequent consumer
8159,Gold - Frequent consumer
1160,Gold - Low consumer
10242,Gold - Low consumer
5253,Gold - Low consumer
5966,Gold - Low consumer
5314,Gold - Biggest consumer
5081,Gold - Low consumer
5123,Gold - Frequent consumer
5756,Gold - Low consumer
8036,Gold - Low consumer
9058,Gold - Biggest consumer
5057,Gold - Frequent consumer
254,Gold - Frequent consumer
4179,Gold - Frequent consumer
3710,Gold - Frequent consumer
7627,Gold - Frequent consumer
4501,Gold - Biggest consumer
6424,Gold - Frequent consumer
3075,Non consumer
4992,Gold - Frequent consumer
5252,Gold - Frequent consumer
7444,Gold - Low consumer
6919,Gold - Frequent consumer
3537,Gold - Low consumer
10277,Gold - Low consumer
2453,Gold - Biggest consumer
7972,Gold - Frequent consumer
895,Gold - Frequent consumer
1177,Gold - Frequent consumer
7141,Gold - Biggest consumer
7232,Gold - Low consumer
8477,Gold - Low consumer
2457,Gold - Frequent consumer
988,Gold - Frequent consumer
7930,Gold - Frequent consumer
4587,Gold - Low consumer
6682,Gold - Frequent consumer
6222,Gold - Low consumer
10299,Gold - Frequent consumer
3083,Gold - Frequent consumer
8953,Gold - Low consumer
1503,Gold - Low consumer
8650,Gold - Low consumer
10862,Gold - Frequent consumer
2782,Gold - Frequent consumer
6941,Gold - Frequent consumer
10972,Gold - Frequent consumer
10708,Gold - Low consumer
6583,Gold - Biggest consumer
3641,Gold - Low consumer
10156,Gold - Biggest consumer
4299,Gold - Frequent consumer
3469,Gold - Low consumer
5063,Gold - Low consumer
10727,Gold - Frequent consumer
9624,Gold - Frequent consumer
5156,Gold - Biggest consumer
4376,Gold - Frequent consumer
8923,Gold - Biggest consumer
8461,Gold - Low consumer
6945,Gold - Biggest consumer
944,Gold - Frequent consumer
1907,Gold - Biggest consumer
701,Gold - Biggest consumer
3856,Gold - Biggest consumer
4149,Gold - Frequent consumer
2131,Gold - Frequent consumer
2942,Gold - Biggest consumer
1173,Gold - Biggest consumer
4381,Gold - Frequent consumer
4611,Gold - Biggest consumer
3376,Gold - Frequent consumer
4679,Gold - Frequent consumer
10928,Gold - Biggest consumer
4248,Gold - Frequent consumer
6728,Gold - Low consumer
6661,Gold - Frequent consumer
4725,Gold - Low consumer
3277,Gold - Frequent consumer
5555,Gold - Low consumer
2564,Gold - Frequent consumer
946,Gold - Frequent consumer
3867,Gold - Biggest consumer
6940,Gold - Biggest consumer
55,Gold - Low consumer
7093,Gold - Low consumer
5084,Gold - Biggest consumer
1777,Gold - Frequent consumer
8162,Gold - Low consumer
10826,Gold - Frequent consumer
8754,Gold - Low consumer
1987,Gold - Frequent consumer
11007,Gold - Low consumer
7426,Gold - Frequent consumer
9153,Gold - Low consumer
10379,Gold - Biggest consumer
9204,Gold - Biggest consumer
3197,Gold - Biggest consumer
2920,Gold - Frequent consumer
6961,Gold - Low consumer
4673,Gold - Frequent consumer
9937,Gold - Biggest consumer
8779,Gold - Frequent consumer
9596,Gold - Low consumer
2891,Gold - Biggest consumer
4910,Gold - Biggest consumer
75,Gold - Frequent consumer
10120,Gold - Frequent consumer
6327,Gold - Frequent consumer
10142,Gold - Biggest consumer
9826,Gold - Frequent consumer
1501,Gold - Low consumer
10767,Gold - Frequent consumer
7279,Gold - Biggest consumer
7230,Gold - Low consumer
143,Gold - Biggest consumer
450,Gold - Biggest consumer
9316,Gold - Low consumer
6379,Gold - Frequent consumer
9239,Gold - Low consumer
8315,Gold - Low consumer
2868,Gold - Low consumer
10888,Gold - Frequent consumer
1277,Gold - Frequent consumer
9977,Gold - Frequent consumer
10196,Gold - Frequent consumer
6384,Gold - Biggest consumer
8029,Gold - Frequent consumer
968,Gold - Low consumer
6988,Gold - Biggest consumer
4472,Gold - Frequent consumer
6991,Gold - Frequent consumer
3336,Gold - Biggest consumer
4301,Gold - Frequent consumer
1940,Gold - Low consumer
1272,Gold - Biggest consumer
1388,Gold - Frequent consumer
1044,Gold - Frequent consumer
6969,Gold - Low consumer
10479,Gold - Biggest consumer
3619,Gold - Biggest consumer
1715,Gold - Low consumer
10159,Gold - Biggest consumer
1463,Gold - Low consumer
5114,Gold - Low consumer
4990,Gold - Biggest consumer
4329,Gold - Low consumer
10936,Gold - Biggest consumer
4692,Gold - Frequent consumer
7212,Gold - Low consumer
6086,Gold - Frequent consumer
437,Gold - Biggest consumer
11171,Gold - Frequent consumer
11101,Gold - Biggest consumer
5329,Non consumer
610,Gold - Frequent consumer
9384,Gold - Biggest consumer
5956,Gold - Frequent consumer
10430,Gold - Frequent consumer
7875,Non consumer
7072,Gold - Biggest consumer
6255,Gold - Frequent consumer
6516,Gold - Low consumer
5564,Gold - Biggest consumer
5682,Gold - Frequent consumer
7458,Gold - Frequent consumer
5237,Gold - Low consumer
7761,Gold - Frequent consumer
5278,Gold - Frequent consumer
3560,Gold - Biggest consumer
7235,Gold - Low consumer
10548,Gold - Frequent consumer
2281,Gold - Frequent consumer
4073,Gold - Biggest consumer
6974,Gold - Biggest consumer
7938,Gold - Low consumer
7094,Gold - Biggest consumer
3667,Gold - Frequent consumer
7723,Gold - Biggest consumer
3870,Gold - Biggest consumer
4012,Gold - Frequent consumer
5909,Gold - Biggest consumer
10470,Gold - Frequent consumer
6488,Gold - Frequent consumer
10270,Gold - Frequent consumer
6887,Gold - Frequent consumer
6406,Gold - Frequent consumer
7573,Gold - Frequent consumer
4508,Gold - Biggest consumer
221,Gold - Biggest consumer
5331,Gold - Biggest consumer
1911,Gold - Biggest consumer
20,Gold - Biggest consumer
8786,Gold - Biggest consumer
10582,Gold - Biggest consumer
1915,Gold - Biggest consumer
8897,Gold - Biggest consumer
2371,Gold - Frequent consumer
4303,Gold - Frequent consumer
6825,Non consumer
1072,Gold - Low consumer
4964,Non consumer
2461,Gold - Low consumer
10736,Gold - Biggest consumer
3194,Non consumer
10839,Gold - Low consumer
49,Gold - Low consumer
4290,Gold - Low consumer
10219,Gold - Low consumer
4211,Gold - Frequent consumer
1135,Gold - Low consumer
6299,Gold - Biggest consumer
10846,Gold - Biggest consumer
347,Gold - Frequent consumer
6543,Gold - Biggest consumer
10446,Gold - Frequent consumer
3479,Gold - Frequent consumer
11075,Gold - Frequent consumer
4442,Gold - Frequent consumer
199,Gold - Frequent consumer
6722,Gold - Frequent consumer
796,Gold - Biggest consumer
3749,Gold - Frequent consumer
8523,Gold - Low consumer
310,Gold - Frequent consumer
8629,Gold - Low consumer
236,Gold - Frequent consumer
9930,Gold - Frequent consumer
3483,Gold - Frequent consumer
4599,Gold - Frequent consumer
7326,Non consumer
7352,Gold - Frequent consumer
2350,Gold - Biggest consumer
9145,Gold - Biggest consumer
2964,Gold - Frequent consumer
5585,Gold - Low consumer
9687,Gold - Frequent consumer
3732,Gold - Biggest consumer
6303,Gold - Frequent consumer
11176,Gold - Low consumer
2986,Gold - Low consumer
7462,Gold - Biggest consumer
3900,Gold - Frequent consumer
7034,Gold - Frequent consumer
9493,Gold - Frequent consumer
1143,Gold - Frequent consumer
1,Gold - Frequent consumer
3855,Gold - Frequent consumer
5536,Gold - Frequent consumer
5989,Gold - Frequent consumer
9499,Gold - Frequent consumer
6768,Gold - Low consumer
2150,Gold - Frequent consumer
6646,Gold - Low consumer
4887,Gold - Low consumer
8560,Gold - Biggest consumer
3321,Gold - Low consumer
11003,Gold - Frequent consumer
10402,Gold - Low consumer
9904,Gold - Biggest consumer
6141,Gold - Biggest consumer
5687,Gold - Biggest consumer
10856,Gold - Low consumer
5121,Gold - Biggest consumer
4186,Gold - Frequent consumer
368,Gold - Frequent consumer
3312,Gold - Frequent consumer
11121,Gold - Low consumer
5332,Gold - Frequent consumer
5848,Gold - Biggest consumer
10343,Gold - Biggest consumer
5935,Gold - Biggest consumer
2895,Gold - Frequent consumer
10262,Gold - Frequent consumer
7848,Gold - Biggest consumer
9477,Gold - Low consumer
4856,Gold - Biggest consumer
7186,Gold - Low consumer
5794,Gold - Frequent consumer
1456,Gold - Biggest consumer
4877,Non consumer
425,Gold - Biggest consumer
3007,Gold - Low consumer
1031,Gold - Frequent consumer
4297,Non consumer
807,Gold - Frequent consumer
9553,Gold - Low consumer
4271,Gold - Biggest consumer
4120,Gold - Biggest consumer
2036,Gold - Frequent consumer
115,Gold - Low consumer
4259,Non consumer
8687,Gold - Biggest consumer
2447,Gold - Frequent consumer
10140,Non consumer
9353,Gold - Frequent consumer
3623,Gold - Low consumer
738,Gold - Frequent consumer
7631,Gold - Biggest consumer
4789,Gold - Frequent consumer
773,Gold - Biggest consumer
10602,Gold - Frequent consumer
1446,Gold - Biggest consumer
3270,Gold - Low consumer
8443,Gold - Frequent consumer
9653,Gold - Frequent consumer
8916,Gold - Low consumer
8017,Gold - Low consumer
5830,Gold - Frequent consumer
4597,Gold - Biggest consumer
7023,Gold - Frequent consumer
8086,Gold - Low consumer
8825,Gold - Biggest consumer
2930,Gold - Frequent consumer
1928,Gold - Frequent consumer
7108,Gold - Frequent consumer
10925,Gold - Biggest consumer
9960,Gold - Low consumer
8800,Gold - Frequent consumer
9224,Gold - Biggest consumer
5519,Gold - Biggest consumer
5046,Gold - Biggest consumer
7037,Gold - Low consumer
905,Gold - Frequent consumer
8624,Gold - Frequent consumer
8945,Gold - Frequent consumer
6445,Gold - Frequent consumer
2727,Gold - Biggest consumer
6404,Gold - Frequent consumer
11074,Gold - Biggest consumer
10150,Gold - Frequent consumer
1968,Gold - Low consumer
6534,Gold - Low consumer
9485,Gold - Frequent consumer
7053,Gold - Frequent consumer
4654,Gold - Frequent consumer
9760,Gold - Biggest consumer
1048,Gold - Frequent consumer
10619,Gold - Frequent consumer
9308,Gold - Frequent consumer
10505,Gold - Frequent consumer
8362,Non consumer
2625,Gold - Frequent consumer
4637,Gold - Frequent consumer
9972,Gold - Low consumer
4483,Gold - Biggest consumer
4487,Gold - Frequent consumer
4988,Gold - Frequent consumer
8931,Gold - Frequent consumer
5871,Gold - Biggest consumer
2008,Gold - Biggest consumer
3139,Gold - Biggest consumer
10037,Gold - Biggest consumer
10673,Gold - Biggest consumer
5303,Gold - Frequent consumer
538,Gold - Frequent consumer
7922,Gold - Biggest consumer
5692,Gold - Low consumer
4843,Gold - Biggest consumer
6383,Gold - Low consumer
1628,Gold - Frequent consumer
1204,Gold - Frequent consumer
3673,Gold - Biggest consumer
760,Gold - Frequent consumer
8957,Gold - Biggest consumer
4128,Gold - Biggest consumer
6810,Gold - Biggest consumer
5386,Gold - Biggest consumer
8700,Gold - Frequent consumer
3202,Gold - Frequent consumer
1328,Gold - Biggest consumer
8405,Gold - Frequent consumer
6515,Gold - Frequent consumer
2882,Gold - Frequent consumer
7574,Gold - Frequent consumer
6387,Gold - Frequent consumer
5320,Gold - Frequent consumer
5048,Gold - Frequent consumer
8146,Gold - Frequent consumer
10031,Gold - Low consumer
5748,Gold - Biggest consumer
2134,Gold - Biggest consumer
1523,Gold - Low consumer
9665,Gold - Frequent consumer
4640,Gold - Biggest consumer
3635,Gold - Frequent consumer
3547,Gold - Frequent consumer
2456,Gold - Low consumer
5633,Gold - Frequent consumer
7801,Gold - Biggest consumer
10489,Gold - Biggest consumer
7011,Gold - Frequent consumer
2620,Gold - Low consumer
3933,Gold - Frequent consumer
10981,Gold - Frequent consumer
1734,Gold - Low consumer
10995,Gold - Frequent consumer
6357,Gold - Frequent consumer
9209,Gold - Frequent consumer
10286,Gold - Low consumer
2611,Gold - Frequent consumer
1600,Gold - Frequent consumer
3308,Gold - Frequent consumer
5407,Gold - Biggest consumer
2166,Gold - Low consumer
3955,Gold - Low consumer
6634,Gold - Frequent consumer
3056,Gold - Frequent consumer
5718,Gold - Biggest consumer
6872,Gold - Frequent consumer
8164,Gold - Frequent consumer
4580,Gold - Biggest consumer
9305,Gold - Biggest consumer
453,Gold - Low consumer
8545,Gold - Frequent consumer
9850,Gold - Low consumer
7378,Gold - Frequent consumer
7646,Gold - Biggest consumer
1640,Gold - Frequent consumer
5184,Gold - Low consumer
8492,Non consumer
11188,Gold - Frequent consumer
1212,Gold - Biggest consumer
9097,Gold - Frequent consumer
10473,Gold - Frequent consumer
7962,Gold - Frequent consumer
9984,Gold - Biggest consumer
5527,Gold - Frequent consumer
6374,Gold - Frequent consumer
7453,Gold - Frequent consumer
8952,Gold - Biggest consumer
241,Gold - Biggest consumer
8975,Gold - Frequent consumer
6119,Gold - Low consumer
5236,Gold - Biggest consumer
5723,Non consumer
1710,Gold - Frequent consumer
1970,Gold - Frequent consumer
5313,Gold - Low consumer
10634,Gold - Frequent consumer
7010,Gold - Biggest consumer
8562,Gold - Frequent consumer
3158,Gold - Low consumer
4436,Gold - Frequent consumer
5287,Gold - Low consumer
2445,Non consumer
6059,Gold - Biggest consumer
4550,Gold - Low consumer
4240,Gold - Frequent consumer
8911,Gold - Biggest consumer
3706,Gold - Frequent consumer
3628,Gold - Frequent consumer
10175,Gold - Low consumer
8985,Gold - Frequent consumer
5204,Gold - Frequent consumer
9220,Gold - Frequent consumer
9888,Gold - Frequent consumer
5263,Gold - Frequent consumer
1020,Gold - Biggest consumer
9503,Gold - Frequent consumer
10613,Gold - Frequent consumer
67,Gold - Low consumer
6019,Gold - Low consumer
5863,Gold - Biggest consumer
3717,Gold - Biggest consumer
6730,Gold - Low consumer
10749,Gold - Low consumer
4998,Gold - Biggest consumer
6287,Gold - Low consumer
5985,Gold - Low consumer
4754,Gold - Frequent consumer
4002,Gold - Low consumer
8870,Gold - Biggest consumer
966,Gold - Frequent consumer
4767,Gold - Biggest consumer
9725,Gold - Low consumer
4475,Gold - Biggest consumer
5740,Gold - Frequent consumer
5731,Gold - Low consumer
7290,Gold - Frequent consumer
3846,Gold - Frequent consumer
8104,Gold - Frequent consumer
4507,Gold - Frequent consumer
11013,Gold - Frequent consumer
4491,Gold - Frequent consumer
3759,Gold - Biggest consumer
1162,Gold - Frequent consumer
2055,Gold - Frequent consumer
10766,Gold - Low consumer
4415,Gold - Frequent consumer
3005,Gold - Biggest consumer
2223,Gold - Biggest consumer
4817,Gold - Low consumer
2875,Gold - Frequent consumer
10536,Gold - Low consumer
11112,Gold - Biggest consumer
3807,Gold - Frequent consumer
9197,Gold - Low consumer
10832,Gold - Biggest consumer
6421,Gold - Biggest consumer
4207,Gold - Frequent consumer
577,Gold - Low consumer
10855,Gold - Frequent consumer
3081,Gold - Low consumer
3535,Gold - Biggest consumer
247,Gold - Frequent consumer
8707,Gold - Biggest consumer
9523,Non consumer
6072,Gold - Biggest consumer
6295,Gold - Biggest consumer
10914,Gold - Low consumer
1509,Gold - Biggest consumer
5577,Gold - Low consumer
7348,Gold - Frequent consumer
1127,Gold - Frequent consumer
1833,Gold - Frequent consumer
4944,Gold - Biggest consumer
9080,Gold - Low consumer
6466,Gold - Low consumer
9964,Gold - Frequent consumer
4790,Gold - Frequent consumer
10245,Gold - Frequent consumer
1109,Gold - Low consumer
6001,Gold - Frequent consumer
5538,Gold - Frequent consumer
10552,Gold - Frequent consumer
1545,Gold - Frequent consumer
7409,Gold - Low consumer
4444,Gold - Frequent consumer
146,Non consumer
6271,Gold - Low consumer
10065,Gold - Frequent consumer
4741,Gold - Frequent consumer
246,Gold - Low consumer
375,Gold - Frequent consumer
1524,Gold - Frequent consumer
10022,Non consumer
7451,Gold - Frequent consumer
11010,Non consumer
4356,Gold - Biggest consumer
3885,Gold - Frequent consumer
1175,Gold - Biggest consumer
880,Gold - Frequent consumer
2320,Gold - Frequent consumer
850,Gold - Frequent consumer
4713,Gold - Low consumer
675,Gold - Biggest consumer
5025,Gold - Low consumer
2308,Gold - Frequent consumer
5995,Gold - Frequent consumer
6749,Gold - Biggest consumer
1010,Gold - Frequent consumer
8977,Gold - Frequent consumer
4756,Gold - Biggest consumer
3412,Gold - Biggest consumer
606,Gold - Low consumer
5961,Gold - Frequent consumer
2975,Gold - Biggest consumer
2894,Gold - Frequent consumer
7613,Gold - Frequent consumer
10542,Gold - Low consumer
8015,Gold - Frequent consumer
10617,Gold - Low consumer
11166,Gold - Frequent consumer
849,Gold - Frequent consumer
523,Gold - Low consumer
4066,Gold - Frequent consumer
8414,Gold - Frequent consumer
819,Gold - Biggest consumer
4961,Gold - Low consumer
749,Gold - Frequent consumer
5430,Gold - Frequent consumer
7755,Gold - Frequent consumer
10525,Gold - Low consumer
1453,Gold - Frequent consumer
8310,Gold - Frequent consumer
10710,Gold - Low consumer
5031,Gold - Biggest consumer
2613,Gold - Frequent consumer
213,Gold - Low consumer
967,Gold - Frequent consumer
1077,Gold - Low consumer
7959,Gold - Frequent consumer
640,Gold - Biggest consumer
4252,Gold - Frequent consumer
8432,Gold - Frequent consumer
6218,Gold - Low consumer
6905,Gold - Frequent consumer
5922,Gold - Low consumer
3598,Gold - Frequent consumer
6116,Gold - Low consumer
6263,Gold - Frequent consumer
10486,Gold - Biggest consumer
2410,Gold - Frequent consumer
193,Gold - Low consumer
3363,Gold - Frequent consumer
8278,Gold - Frequent consumer
10660,Gold - Frequent consumer
8686,Gold - Frequent consumer
1604,Gold - Low consumer
5907,Gold - Low consumer
10669,Gold - Frequent consumer
2918,Gold - Frequent consumer
5735,Gold - Biggest consumer
359,Gold - Frequent consumer
8387,Gold - Frequent consumer
1829,Gold - Frequent consumer
3839,Gold - Frequent consumer
9392,Gold - Low consumer
2292,Gold - Low consumer
10466,Gold - Low consumer
9855,Gold - Frequent consumer
4088,Gold - Low consumer
5231,Gold - Frequent consumer
590,Gold - Biggest consumer
8732,Gold - Frequent consumer
2315,Gold - Frequent consumer
3515,Gold - Low consumer
2245,Gold - Frequent consumer
6283,Gold - Biggest consumer
2246,Gold - Biggest consumer
6606,Gold - Frequent consumer
5545,Gold - Biggest consumer
7342,Gold - Biggest consumer
837,Gold - Frequent consumer
9500,Gold - Biggest consumer
3602,Gold - Frequent consumer
234,Gold - Frequent consumer
2995,Non consumer
1118,Gold - Frequent consumer
7789,Non consumer
3068,Gold - Low consumer
8955,Gold - Low consumer
945,Gold - Frequent consumer
5644,Gold - Frequent consumer
7192,Gold - Frequent consumer
2324,Gold - Biggest consumer
697,Gold - Biggest consumer
3439,Gold - Biggest consumer
1506,Gold - Frequent consumer
232,Gold - Frequent consumer
8876,Gold - Low consumer
4500,Gold - Frequent consumer
9739,Gold - Frequent consumer
10395,Gold - Frequent consumer
1176,Gold - Low consumer
1627,Gold - Frequent consumer
938,Gold - Frequent consumer
2740,Gold - Low consumer
257,Gold - Frequent consumer
4058,Gold - Frequent consumer
7736,Gold - Frequent consumer
8210,Gold - Frequent consumer
833,Gold - Low consumer
6230,Gold - Low consumer
7325,Gold - Low consumer
1307,Gold - Frequent consumer
1502,Gold - Low consumer
6211,Gold - Frequent consumer
843,Gold - Frequent consumer
4174,Gold - Frequent consumer
9757,Gold - Biggest consumer
6918,Gold - Low consumer
286,Gold - Low consumer
11086,Gold - Low consumer
1921,Gold - Low consumer
4138,Gold - Biggest consumer
7718,Gold - Frequent consumer
1291,Gold - Frequent consumer
6862,Gold - Low consumer
4136,Gold - Frequent consumer
803,Gold - Low consumer
4298,Gold - Low consumer
10833,Gold - Frequent consumer
9606,Gold - Frequent consumer
8534,Gold - Frequent consumer
5153,Gold - Frequent consumer
961,Gold - Biggest consumer
5011,Gold - Biggest consumer
6653,Gold - Frequent consumer
9094,Gold - Biggest consumer
810,Gold - Biggest consumer
5493,Gold - Low consumer
2147,Gold - Biggest consumer
5107,Gold - Frequent consumer
3979,Gold - Frequent consumer
6049,Gold - Frequent consumer
8147,Gold - Low consumer
1857,Gold - Frequent consumer
3910,Gold - Frequent consumer
5207,Gold - Biggest consumer
11114,Gold - Frequent consumer
5429,Gold - Low consumer
9400,Gold - Frequent consumer
1740,Gold - Frequent consumer
7488,Gold - Frequent consumer
195,Gold - Frequent consumer
635,Gold - Biggest consumer
7527,Gold - Low consumer
10319,Gold - Biggest consumer
2296,Gold - Low consumer
10637,Gold - Low consumer
2931,Gold - Biggest consumer
907,Gold - Frequent consumer
3698,Gold - Biggest consumer
9516,Gold - Biggest consumer
679,Gold - Low consumer
7384,Gold - Frequent consumer
5043,Gold - Biggest consumer
5267,Gold - Low consumer
339,Gold - Low consumer
2516,Gold - Frequent consumer
9010,Gold - Biggest consumer
378,Gold - Biggest consumer
4808,Gold - Low consumer
5068,Gold - Low consumer
7628,Gold - Low consumer
7128,Gold - Low consumer
2811,Gold - Low consumer
3551,Gold - Frequent consumer
1663,Gold - Low consumer
5543,Gold - Biggest consumer
1577,Gold - Biggest consumer
10641,Gold - Frequent consumer
5336,Gold - Low consumer
6024,Gold - Biggest consumer
1878,Gold - Low consumer
3099,Gold - Frequent consumer
6055,Gold - Biggest consumer
5841,Gold - Frequent consumer
3972,Gold - Biggest consumer
4394,Gold - Frequent consumer
5758,Gold - Frequent consumer
6658,Gold - Biggest consumer
4603,Gold - Low consumer
8427,Gold - Frequent consumer
10260,Gold - Frequent consumer
7143,Gold - Frequent consumer
8789,Gold - Frequent consumer
6197,Gold - Low consumer
4554,Gold - Biggest consumer
4937,Gold - Low consumer
1920,Gold - Frequent consumer
8749,Gold - Frequent consumer
1650,Gold - Biggest consumer
10377,Gold - Biggest consumer
9206,Gold - Biggest consumer
10971,Gold - Biggest consumer
6398,Gold - Low consumer
9212,Gold - Biggest consumer
7937,Gold - Low consumer
839,Gold - Frequent consumer
4246,Gold - Biggest consumer
158,Gold - Biggest consumer
4832,Gold - Frequent consumer
5621,Non consumer
1945,Gold - Biggest consumer
5147,Gold - Biggest consumer
2535,Gold - Biggest consumer
11039,Gold - Frequent consumer
9495,Gold - Frequent consumer
9635,Gold - Frequent consumer
2173,Gold - Low consumer
942,Gold - Frequent consumer
9386,Gold - Frequent consumer
5510,Gold - Biggest consumer
873,Gold - Frequent consumer
2253,Gold - Frequent consumer
5181,Gold - Low consumer
979,Gold - Frequent consumer
10390,Gold - Low consumer
4698,Gold - Frequent consumer
7793,Gold - Frequent consumer
1745,Gold - Frequent consumer
10590,Gold - Frequent consumer
5080,Gold - Biggest consumer
8369,Gold - Frequent consumer
5232,Gold - Low consumer
2407,Gold - Biggest consumer
3834,Gold - Frequent consumer
7912,Gold - Frequent consumer
7712,Gold - Frequent consumer
1065,Gold - Frequent consumer
7275,Gold - Frequent consumer
1343,Gold - Biggest consumer
1384,Gold - Frequent consumer
9967,Gold - Frequent consumer
6181,Gold - Frequent consumer
10507,Gold - Frequent consumer
2674,Gold - Biggest consumer
2698,Gold - Frequent consumer
3231,Gold - Low consumer
4096,Gold - Low consumer
10476,Gold - Frequent consumer
5948,Gold - Frequent consumer
9140,Gold - Low consumer
10258,Gold - Low consumer
5675,Gold - Low consumer
4743,Gold - Biggest consumer
8805,Gold - Frequent consumer
1542,Gold - Low consumer
6770,Gold - Frequent consumer
8773,Gold - Frequent consumer
10420,Gold - Frequent consumer
7514,Gold - Frequent consumer
793,Gold - Low consumer
10909,Gold - Biggest consumer
8702,Gold - Low consumer
4791,Gold - Low consumer
2963,Gold - Biggest consumer
8216,Gold - Biggest consumer
8140,Gold - Frequent consumer
10146,Gold - Low consumer
5289,Gold - Frequent consumer
2587,Non consumer
4405,Gold - Frequent consumer
8663,Gold - Low consumer
2589,Gold - Low consumer
3421,Gold - Biggest consumer
10490,Gold - Biggest consumer
4094,Gold - Frequent consumer
9958,Gold - Frequent consumer
2534,Gold - Frequent consumer
4188,Gold - Biggest consumer
6613,Gold - Frequent consumer
10827,Gold - Frequent consumer
5491,Gold - Frequent consumer
8402,Gold - Frequent consumer
8783,Gold - Frequent consumer
10010,Gold - Frequent consumer
618,Gold - Frequent consumer
9121,Gold - Biggest consumer
361,Gold - Low consumer
4310,Gold - Frequent consumer
2678,Gold - Frequent consumer
6376,Gold - Biggest consumer
524,Gold - Frequent consumer
10341,Gold - Frequent consumer
5654,Gold - Frequent consumer
4098,Gold - Low consumer
5824,Non consumer
7000,Gold - Biggest consumer
2561,Gold - Biggest consumer
5229,Gold - Low consumer
4086,Gold - Frequent consumer
2428,Gold - Frequent consumer
8254,Gold - Low consumer
2836,Gold - Low consumer
8418,Gold - Frequent consumer
1362,Gold - Biggest consumer
7152,Gold - Low consumer
10033,Gold - Low consumer
9349,Gold - Frequent consumer
274,Gold - Low consumer
3388,Gold - Low consumer
922,Gold - Frequent consumer
8588,Gold - Frequent consumer
2518,Gold - Low consumer
574,Gold - Frequent consumer
3220,Gold - Frequent consumer
5967,Gold - Low consumer
1183,Gold - Low consumer
6856,Gold - Frequent consumer
4530,Gold - Biggest consumer
1553,Gold - Biggest consumer
4682,Gold - Low consumer
8204,Gold - Frequent consumer
5221,Gold - Frequent consumer
1232,Gold - Biggest consumer
1927,Gold - Frequent consumer
5788,Gold - Frequent consumer
6652,Gold - Frequent consumer
6246,Gold - Frequent consumer
5975,Gold - Low consumer
6875,Gold - Biggest consumer
4399,Gold - Frequent consumer
4042,Gold - Frequent consumer
2157,Gold - Frequent consumer
10133,Gold - Frequent consumer
2525,Gold - Frequent consumer
8233,Gold - Low consumer
9483,Gold - Frequent consumer
2945,Gold - Low consumer
10403,Gold - Frequent consumer
5074,Gold - Low consumer
10524,Gold - Biggest consumer
4690,Gold - Frequent consumer
7521,Gold - Biggest consumer
7196,Gold - Low consumer
4406,Gold - Frequent consumer
9672,Gold - Frequent consumer
4864,Gold - Frequent consumer
4706,Gold - Low consumer
4070,Gold - Biggest consumer
25,Gold - Biggest consumer
3697,Gold - Frequent consumer
217,Gold - Frequent consumer
4220,Non consumer
5286,Gold - Frequent consumer
9559,Gold - Frequent consumer
2849,Gold - Biggest consumer
7787,Gold - Biggest consumer
3102,Gold - Low consumer
5868,Gold - Frequent consumer
8370,Gold - Frequent consumer
9988,Gold - Low consumer
2939,Gold - Frequent consumer
5529,Gold - Low consumer
9743,Gold - Biggest consumer
5763,Gold - Frequent consumer
3478,Gold - Frequent consumer
7494,Gold - Frequent consumer
1763,Gold - Frequent consumer
7250,Gold - Frequent consumer
2005,Gold - Frequent consumer
10770,Gold - Frequent consumer
6885,Gold - Low consumer
2072,Gold - Frequent consumer
9463,Gold - Frequent consumer
6318,Gold - Biggest consumer
4093,Gold - Biggest consumer
5751,Gold - Low consumer
3340,Gold - Frequent consumer
3594,Gold - Biggest consumer
3584,Gold - Frequent consumer
3643,Gold - Frequent consumer
851,Gold - Biggest consumer
7706,Gold - Frequent consumer
3967,Gold - Frequent consumer
10128,Gold - Biggest consumer
486,Gold - Frequent consumer
9,Gold - Frequent consumer
9451,Gold - Biggest consumer
9264,Gold - Biggest consumer
3865,Gold - Frequent consumer
2853,Gold - Frequent consumer
1490,Gold - Biggest consumer
6310,Gold - Frequent consumer
10380,Gold - Frequent consumer
3887,Gold - Frequent consumer
4278,Gold - Frequent consumer
8643,Gold - Biggest consumer
1998,Gold - Low consumer
10795,Gold - Low consumer
11110,Gold - Low consumer
2408,Gold - Frequent consumer
202,Gold - Frequent consumer
7998,Gold - Frequent consumer
830,Gold - Frequent consumer
3536,Gold - Frequent consumer
6050,Gold - Frequent consumer
125,Gold - Frequent consumer
3463,Gold - Low consumer
2804,Gold - Frequent consumer
3745,Gold - Frequent consumer
9771,Gold - Low consumer
451,Gold - Low consumer
10530,Gold - Biggest consumer
1079,Gold - Low consumer
8920,Gold - Biggest consumer
6678,Gold - Low consumer
3852,Gold - Frequent consumer
528,Gold - Biggest consumer
73,Gold - Low consumer
5589,Gold - Frequent consumer
10212,Gold - Frequent consumer
6365,Gold - Frequent consumer
5636,Gold - Frequent consumer
591,Gold - Biggest consumer
2217,Gold - Low consumer
2544,Gold - Low consumer
7725,Gold - Biggest consumer
8091,Gold - Frequent consumer
7321,Gold - Biggest consumer
5462,Gold - Frequent consumer
7791,Gold - Low consumer
955,Gold - Frequent consumer
4037,Gold - Low consumer
6642,Gold - Frequent consumer
2793,Gold - Biggest consumer
5424,Gold - Frequent consumer
879,Gold - Frequent consumer
9530,Non consumer
4828,Gold - Frequent consumer
10699,Gold - Low consumer
1497,Gold - Frequent consumer
7476,Gold - Frequent consumer
4390,Gold - Frequent consumer
10478,Gold - Frequent consumer
1081,Gold - Biggest consumer
4261,Gold - Frequent consumer
9916,Gold - Low consumer
5350,Gold - Biggest consumer
8135,Gold - Frequent consumer
8685,Gold - Frequent consumer
4967,Gold - Frequent consumer
2130,Gold - Frequent consumer
9298,Non consumer
8175,Gold - Frequent consumer
6257,Gold - Frequent consumer
3790,Gold - Low consumer
9952,Gold - Low consumer
3503,Gold - Frequent consumer
5223,Gold - Low consumer
4608,Gold - Biggest consumer
1626,Gold - Frequent consumer
4764,Gold - Frequent consumer
2471,Gold - Frequent consumer
5892,Gold - Low consumer
2612,Gold - Frequent consumer
4971,Gold - Low consumer
5185,Gold - Frequent consumer
10069,Gold - Frequent consumer
2262,Gold - Frequent consumer
1131,Gold - Low consumer
1041,Gold - Frequent consumer
24,Gold - Low consumer
3409,Gold - Frequent consumer
7022,Gold - Frequent consumer
7943,Gold - Low consumer
5272,Gold - Biggest consumer
5453,Gold - Biggest consumer
2565,Gold - Biggest consumer
800,Gold - Low consumer
11092,Gold - Low consumer
5062,Non consumer
8969,Gold - Frequent consumer
4656,Gold - Frequent consumer
4480,Gold - Frequent consumer
9971,Gold - Low consumer
6729,Gold - Frequent consumer
1773,Gold - Frequent consumer
9242,Gold - Biggest consumer
1764,Gold - Low consumer
6215,Gold - Low consumer
10099,Gold - Biggest consumer
5423,Gold - Low consumer
940,Gold - Frequent consumer
3011,Gold - Low consumer
3298,Gold - Biggest consumer
8286,Gold - Low consumer
9668,Gold - Frequent consumer
5120,Gold - Frequent consumer
6097,Gold - Biggest consumer
7019,Gold - Frequent consumer
7408,Gold - Low consumer
8041,Gold - Frequent consumer
252,Gold - Biggest consumer
9986,Gold - Low consumer
3276,Gold - Frequent consumer
3859,Gold - Biggest consumer
3570,Gold - Frequent consumer
3783,Non consumer
10207,Gold - Low consumer
10906,Gold - Frequent consumer
3427,Gold - Frequent consumer
5209,Gold - Biggest consumer
10711,Gold - Biggest consumer
10785,Gold - Low consumer
2814,Gold - Low consumer
6866,Gold - Low consumer
1665,Gold - Biggest consumer
6575,Gold - Biggest consumer
3829,Gold - Low consumer
3091,Gold - Frequent consumer
10141,Gold - Low consumer
5177,Gold - Frequent consumer
7005,Gold - Biggest consumer
6409,Gold - Biggest consumer
7485,Gold - Frequent consumer
8079,Gold - Frequent consumer
8395,Gold - Frequent consumer
10352,Gold - Frequent consumer
4931,Gold - Low consumer
13,Gold - Low consumer
1834,Gold - Low consumer
2285,Gold - Frequent consumer
2295,Gold - Frequent consumer
1378,Gold - Biggest consumer
2781,Gold - Frequent consumer
1165,Gold - Frequent consumer
1404,Gold - Frequent consumer
6457,Gold - Biggest consumer
2639,Gold - Frequent consumer
8299,Gold - Low consumer
6437,Gold - Low consumer
6912,Gold - Low consumer
7327,Gold - Low consumer
5299,Gold - Frequent consumer
4127,Gold - Frequent consumer
8143,Gold - Low consumer
1964,Gold - Frequent consumer
3690,Gold - Frequent consumer
3433,Gold - Biggest consumer
3389,Gold - Biggest consumer
4712,Gold - Low consumer
1170,Gold - Frequent consumer
6347,Gold - Low consumer
4065,Gold - Frequent consumer
8230,Gold - Low consumer
1215,Gold - Biggest consumer
5939,Gold - Frequent consumer
2156,Gold - Low consumer
7788,Gold - Low consumer
10323,Gold - Frequent consumer
7947,Gold - Low consumer
1891,Gold - Biggest consumer
2570,Gold - Frequent consumer
9256,Gold - Biggest consumer
295,Gold - Biggest consumer
7397,Gold - Biggest consumer
6349,Gold - Biggest consumer
10790,Gold - Low consumer
10398,Gold - Frequent consumer
2431,Gold - Frequent consumer
550,Gold - Frequent consumer
1890,Gold - Low consumer
10742,Gold - Frequent consumer
10356,Gold - Low consumer
4676,Gold - Biggest consumer
8852,Gold - Biggest consumer
3565,Gold - Low consumer
5294,Gold - Low consumer
1958,Gold - Frequent consumer
7349,Gold - Frequent consumer
8799,Gold - Low consumer
1351,Gold - Frequent consumer
1045,Gold - Frequent consumer
7732,Gold - Frequent consumer
8070,Gold - Low consumer
477,Gold - Biggest consumer
7832,Gold - Biggest consumer
2202,Gold - Low consumer
7396,Gold - Frequent consumer
4055,Gold - Frequent consumer
10340,Gold - Biggest consumer
10091,Gold - Frequent consumer
7629,Gold - Low consumer
10640,Gold - Frequent consumer
3498,Gold - Biggest consumer
6742,Gold - Low consumer
1172,Gold - Frequent consumer
569,Gold - Biggest consumer
4686,Gold - Biggest consumer
1381,Gold - Frequent consumer
2634,Gold - Low consumer
10905,Non consumer
1744,Gold - Frequent consumer
1000,Gold - Frequent consumer
3828,Gold - Biggest consumer
8605,Gold - Low consumer
10304,Gold - Frequent consumer
4351,Gold - Frequent consumer
10129,Gold - Biggest consumer
2499,Gold - Frequent consumer
10092,Gold - Frequent consumer
7500,Gold - Frequent consumer
5796,Gold - Frequent consumer
10556,Gold - Low consumer
1064,Gold - Low consumer
48,Gold - Frequent consumer
7610,Gold - Biggest consumer
263,Gold - Frequent consumer
10814,Gold - Biggest consumer
9710,Gold - Frequent consumer
9292,Gold - Biggest consumer
10250,Gold - Low consumer
7881,Gold - Biggest consumer
5847,Gold - Biggest consumer
737,Gold - Frequent consumer
3571,Gold - Frequent consumer
7807,Gold - Biggest consumer
3878,Gold - Frequent consumer
5092,Gold - Frequent consumer
2154,Gold - Low consumer
5394,Gold - Low consumer
3798,Gold - Frequent consumer
3524,Gold - Frequent consumer
5247,Gold - Low consumer
5883,Gold - Biggest consumer
2118,Gold - Biggest consumer
8812,Gold - Frequent consumer
6616,Gold - Biggest consumer
2797,Gold - Frequent consumer
4328,Gold - Frequent consumer
9167,Gold - Biggest consumer
10560,Gold - Low consumer
2631,Gold - Frequent consumer
8312,Gold - Low consumer
5534,Gold - Biggest consumer
5093,Gold - Frequent consumer
7592,Gold - Frequent consumer
8895,Gold - Frequent consumer
8584,Gold - Frequent consumer
2694,Non consumer
8910,Non consumer
7433,Gold - Frequent consumer
164,Gold - Frequent consumer
10477,Gold - Frequent consumer
2681,Gold - Frequent consumer
5150,Gold - Frequent consumer
5283,Gold - Frequent consumer
9645,Gold - Frequent consumer
10678,Gold - Frequent consumer
7261,Gold - Frequent consumer
9648,Gold - Frequent consumer
2870,Gold - Biggest consumer
8008,Gold - Frequent consumer
1513,Gold - Biggest consumer
6173,Gold - Biggest consumer
1419,Gold - Frequent consumer
9150,Gold - Low consumer
7960,Gold - Biggest consumer
1250,Gold - Low consumer
9905,Gold - Biggest consumer
10691,Gold - Frequent consumer
7002,Gold - Frequent consumer
2952,Gold - Low consumer
8439,Gold - Frequent consumer
762,Gold - Frequent consumer
2831,Gold - Biggest consumer
6977,Gold - Frequent consumer
6289,Gold - Frequent consumer
4168,Gold - Frequent consumer
8397,Gold - Frequent consumer
9284,Gold - Biggest consumer
6237,Gold - Biggest consumer
3130,Gold - Low consumer
1619,Gold - Frequent consumer
1990,Gold - Frequent consumer
5513,Gold - Low consumer
269,Gold - Biggest consumer
8093,Gold - Frequent consumer
10513,Gold - Biggest consumer
10177,Gold - Biggest consumer
2549,Gold - Low consumer
5782,Gold - Frequent consumer
10057,Gold - Biggest consumer
10307,Gold - Frequent consumer
8566,Gold - Low consumer
2415,Gold - Biggest consumer
5684,Gold - Low consumer
8334,Gold - Frequent consumer
9166,Gold - Biggest consumer
1440,Gold - Biggest consumer
78,Gold - Low consumer
5441,Gold - Frequent consumer
5302,Gold - Biggest consumer
4687,Gold - Biggest consumer
1087,Gold - Frequent consumer
6859,Gold - Low consumer
9860,Gold - Frequent consumer
7129,Gold - Frequent consumer
5866,Gold - Frequent consumer
10521,Gold - Frequent consumer
7393,Gold - Low consumer
7849,Gold - Biggest consumer
332,Gold - Frequent consumer
9847,Gold - Biggest consumer
531,Gold - Biggest consumer
9576,Gold - Low consumer
6906,Gold - Biggest consumer
7419,Gold - Low consumer
3170,Gold - Biggest consumer
8527,Gold - Frequent consumer
7872,Gold - Biggest consumer
9931,Gold - Low consumer
10595,Gold - Frequent consumer
4609,Gold - Frequent consumer
5010,Gold - Low consumer
4427,Gold - Biggest consumer
11148,Gold - Low consumer
1168,Gold - Frequent consumer
9595,Gold - Frequent consumer
10163,Gold - Frequent consumer
2886,Gold - Frequent consumer
6710,Gold - Frequent consumer
5316,Gold - Frequent consumer
9029,Gold - Frequent consumer
521,Gold - Biggest consumer
1459,Gold - Frequent consumer
10241,Gold - Low consumer
1630,Gold - Frequent consumer
3254,Gold - Frequent consumer
9064,Gold - Biggest consumer
3678,Gold - Biggest consumer
4227,Gold - Low consumer
9467,Gold - Low consumer
8486,Gold - Frequent consumer
2186,Gold - Biggest consumer
3286,Gold - Low consumer
8602,Gold - Frequent consumer
3722,Gold - Low consumer
6715,Gold - Frequent consumer
4796,Non consumer
9612,Gold - Frequent consumer
3766,Gold - Biggest consumer
1399,Gold - Biggest consumer
1570,Gold - Frequent consumer
3426,Gold - Frequent consumer
3074,Gold - Frequent consumer
8341,Gold - Frequent consumer
5180,Gold - Low consumer
6461,Gold - Biggest consumer
7679,Non consumer
10702,Gold - Frequent consumer
7505,Gold - Frequent consumer
5113,Gold - Frequent consumer
10858,Gold - Frequent consumer
2961,Gold - Frequent consumer
2747,Gold - Biggest consumer
3010,Gold - Biggest consumer
5790,Gold - Low consumer
6892,Gold - Frequent consumer
1743,Gold - Frequent consumer
3578,Gold - Frequent consumer
8462,Gold - Frequent consumer
5558,Gold - Biggest consumer
4619,Gold - Low consumer
8780,Gold - Frequent consumer
10789,Gold - Low consumer
10779,Gold - Frequent consumer
5896,Gold - Frequent consumer
2337,Gold - Low consumer
10951,Gold - Low consumer
544,Gold - Frequent consumer
17,Gold - Biggest consumer
10680,Gold - Low consumer
3265,Gold - Low consumer
5623,Gold - Frequent consumer
5832,Gold - Frequent consumer
5544,Gold - Biggest consumer
6417,Gold - Frequent consumer
5831,Gold - Biggest consumer
7101,Gold - Biggest consumer
10176,Gold - Biggest consumer
2326,Gold - Frequent consumer
4385,Gold - Low consumer
2929,Gold - Frequent consumer
10686,Gold - Low consumer
2546,Gold - Frequent consumer
3283,Gold - Biggest consumer
3138,Gold - Frequent consumer
4994,Gold - Frequent consumer
7966,Gold - Frequent consumer
3112,Gold - Low consumer
10872,Gold - Frequent consumer
2181,Gold - Frequent consumer
1867,Gold - Biggest consumer
1518,Gold - Biggest consumer
5734,Gold - Low consumer
2878,Gold - Biggest consumer
1458,Gold - Low consumer
7007,Gold - Frequent consumer
6200,Gold - Biggest consumer
1403,Gold - Low consumer
4827,Gold - Low consumer
6250,Non consumer
9291,Gold - Low consumer
2478,Gold - Low consumer
1139,Gold - Biggest consumer
5138,Gold - Low consumer
5393,Gold - Low consumer
10413,Gold - Biggest consumer
5015,Gold - Frequent consumer
10868,Gold - Biggest consumer
10676,Gold - Biggest consumer
2495,Gold - Frequent consumer
7842,Gold - Low consumer
9955,Gold - Frequent consumer
6663,Gold - Low consumer
2162,Gold - Frequent consumer
3434,Gold - Biggest consumer
7919,Non consumer
5626,Gold - Frequent consumer
6428,Gold - Frequent consumer
8514,Gold - Low consumer
10448,Gold - Frequent consumer
2109,Gold - Frequent consumer
7530,Gold - Frequent consumer
8925,Gold - Biggest consumer
3009,Gold - Biggest consumer
6355,Gold - Low consumer
3517,Gold - Frequent consumer
1158,Gold - Frequent consumer
6203,Gold - Frequent consumer
7165,Gold - Biggest consumer
3595,Gold - Frequent consumer
8537,Gold - Frequent consumer
4331,Gold - Frequent consumer
6281,Gold - Frequent consumer
4338,Gold - Frequent consumer
2452,Gold - Frequent consumer
9507,Gold - Frequent consumer
8360,Gold - Frequent consumer
10311,Gold - Biggest consumer
5117,Gold - Frequent consumer
4867,Gold - Low consumer
9289,Gold - Frequent consumer
10913,Gold - Low consumer
3032,Gold - Frequent consumer
8524,Gold - Frequent consumer
3334,Gold - Biggest consumer
4470,Gold - Frequent consumer
1406,Gold - Frequent consumer
8619,Gold - Low consumer
10821,Gold - Frequent consumer
4552,Gold - Biggest consumer
898,Gold - Frequent consumer
9797,Gold - Frequent consumer
10949,Gold - Frequent consumer
8212,Gold - Frequent consumer
6248,Gold - Frequent consumer
10164,Gold - Frequent consumer
4547,Gold - Low consumer
6815,Gold - Biggest consumer
4122,Gold - Frequent consumer
10841,Gold - Frequent consumer
5370,Gold - Frequent consumer
176,Gold - Biggest consumer
4860,Gold - Low consumer
10757,Non consumer
4023,Gold - Frequent consumer
6679,Non consumer
9923,Gold - Low consumer
7181,Gold - Low consumer
3599,Gold - Biggest consumer
405,Gold - Biggest consumer
6870,Gold - Frequent consumer
832,Gold - Frequent consumer
2002,Gold - Biggest consumer
3657,Gold - Frequent consumer
500,Gold - Frequent consumer
1951,Gold - Frequent consumer
3262,Gold - Frequent consumer
4102,Gold - Low consumer
7042,Gold - Low consumer
10598,Gold - Low consumer
255,Gold - Low consumer
2375,Gold - Low consumer
9829,Gold - Frequent consumer
6214,Gold - Frequent consumer
4954,Gold - Low consumer
7861,Gold - Frequent consumer
4837,Gold - Biggest consumer
9423,Gold - Low consumer
4198,Gold - Low consumer
153,Gold - Frequent consumer
9323,Gold - Frequent consumer
10001,Gold - Frequent consumer
3945,Gold - Frequent consumer
3799,Gold - Biggest consumer
8625,Gold - Low consumer
3491,Gold - Biggest consumer
983,Gold - Biggest consumer
9119,Gold - Frequent consumer
4786,Gold - Biggest consumer
5872,Gold - Frequent consumer
6568,Gold - Frequent consumer
5628,Gold - Biggest consumer
5631,Gold - Biggest consumer
4974,Gold - Biggest consumer
8416,Gold - Low consumer
5454,Gold - Low consumer
4095,Gold - Biggest consumer
5474,Gold - Frequent consumer
4268,Gold - Low consumer
10701,Gold - Frequent consumer
3507,Gold - Biggest consumer
2079,Gold - Frequent consumer
626,Gold - Low consumer
4426,Gold - Biggest consumer
2591,Gold - Frequent consumer
10509,Gold - Low consumer
6382,Gold - Frequent consumer
6673,Gold - Frequent consumer
7441,Gold - Frequent consumer
1071,Gold - Biggest consumer
10061,Gold - Biggest consumer
8775,Gold - Frequent consumer
2345,Gold - Biggest consumer
322,Non consumer
10897,Gold - Frequent consumer
123,Gold - Biggest consumer
6103,Gold - Low consumer
7899,Gold - Frequent consumer
10500,Gold - Frequent consumer
1655,Gold - Frequent consumer
2406,Gold - Frequent consumer
2712,Gold - Frequent consumer
5517,Gold - Low consumer
10643,Gold - Frequent consumer
2254,Gold - Biggest consumer
10281,Gold - Frequent consumer
6958,Gold - Low consumer
954,Gold - Frequent consumer
4643,Gold - Frequent consumer
6497,Gold - Biggest consumer
5396,Gold - Biggest consumer
1052,Gold - Frequent consumer
2802,Gold - Frequent consumer
6343,Gold - Frequent consumer
6507,Gold - Frequent consumer
7901,Gold - Low consumer
4865,Gold - Frequent consumer
2686,Gold - Low consumer
3107,Gold - Frequent consumer
7734,Gold - Biggest consumer
1146,Gold - Frequent consumer
11031,Gold - Low consumer
7428,Gold - Biggest consumer
975,Gold - Frequent consumer
1103,Gold - Biggest consumer
3422,Gold - Biggest consumer
1055,Gold - Low consumer
6544,Non consumer
1241,Gold - Frequent consumer
2909,Gold - Frequent consumer
5802,Gold - Frequent consumer
1407,Gold - Frequent consumer
6183,Gold - Frequent consumer
340,Gold - Biggest consumer
5991,Gold - Frequent consumer
3104,Gold - Frequent consumer
9729,Gold - Biggest consumer
1008,Gold - Biggest consumer
11091,Gold - Low consumer
3969,Gold - Biggest consumer
1916,Gold - Frequent consumer
9907,Gold - Frequent consumer
87,Gold - Frequent consumer
8659,Gold - Frequent consumer
6262,Gold - Biggest consumer
6147,Gold - Low consumer
8832,Gold - Low consumer
10067,Gold - Low consumer
7532,Gold - Frequent consumer
4915,Gold - Biggest consumer
2115,Gold - Low consumer
2088,Gold - Biggest consumer
2493,Gold - Biggest consumer
6292,Gold - Frequent consumer
1631,Gold - Frequent consumer
10104,Gold - Low consumer
3006,Gold - Low consumer
3919,Non consumer
11181,Gold - Low consumer
642,Gold - Frequent consumer
4369,Gold - Biggest consumer
10127,Gold - Frequent consumer
271,Gold - Frequent consumer
4973,Gold - Low consumer
2948,Gold - Low consumer
2715,Gold - Biggest consumer
10432,Gold - Low consumer
9216,Gold - Low consumer
7124,Gold - Frequent consumer
9727,Gold - Frequent consumer
5136,Gold - Frequent consumer
9790,Gold - Biggest consumer
1818,Gold - Low consumer
1100,Gold - Low consumer
7873,Gold - Low consumer
10609,Non consumer
6950,Gold - Low consumer
7233,Gold - Biggest consumer
9481,Gold - Frequent consumer
7699,Gold - Frequent consumer
2711,Gold - Low consumer
8933,Gold - Low consumer
8726,Gold - Frequent consumer
1515,Gold - Low consumer
5186,Gold - Low consumer
10157,Gold - Low consumer
5667,Gold - Biggest consumer
902,Gold - Frequent consumer
977,Gold - Frequent consumer
7313,Gold - Biggest consumer
7600,Gold - Frequent consumer
9706,Gold - Low consumer
2429,Gold - Biggest consumer
3520,Gold - Frequent consumer
10394,Gold - Biggest consumer
4548,Gold - Frequent consumer
9362,Gold - Frequent consumer
3968,Gold - Biggest consumer
4084,Gold - Frequent consumer
6721,Gold - Biggest consumer
2829,Gold - Frequent consumer
1772,Gold - Biggest consumer
1544,Gold - Biggest consumer
492,Gold - Frequent consumer
4377,Gold - Biggest consumer
4541,Gold - Frequent consumer
1321,Gold - Frequent consumer
8858,Gold - Low consumer
3266,Gold - Frequent consumer
11187,Gold - Frequent consumer
8207,Non consumer
9723,Gold - Frequent consumer
2666,Gold - Frequent consumer
5721,Gold - Frequent consumer
10652,Gold - Biggest consumer
1646,Gold - Low consumer
4418,Gold - Frequent consumer
2656,Gold - Frequent consumer
7990,Non consumer
8722,Gold - Biggest consumer
7118,Gold - Biggest consumer
2980,Gold - Low consumer
1839,Gold - Frequent consumer
10722,Gold - Biggest consumer
2632,Gold - Biggest consumer
9014,Gold - Low consumer
7620,Gold - Frequent consumer
10968,Gold - Frequent consumer
11133,Gold - Frequent consumer
2736,Gold - Frequent consumer
1876,Gold - Frequent consumer
5959,Gold - Frequent consumer
1092,Gold - Frequent consumer
4333,Gold - Low consumer
3850,Gold - Frequent consumer
6168,Gold - Frequent consumer
607,Gold - Frequent consumer
10469,Gold - Frequent consumer
6983,Non consumer
3661,Gold - Frequent consumer
9303,Gold - Low consumer
692,Gold - Low consumer
736,Gold - Low consumer
9589,Gold - Frequent consumer
4838,Gold - Low consumer
9246,Gold - Biggest consumer
6261,Gold - Frequent consumer
7366,Gold - Biggest consumer
10659,Gold - Frequent consumer
1448,Gold - Low consumer
4286,Gold - Frequent consumer
4749,Gold - Biggest consumer
4478,Gold - Frequent consumer
4201,Gold - Biggest consumer
10084,Gold - Frequent consumer
7004,Gold - Frequent consumer
9817,Gold - Frequent consumer
8080,Gold - Low consumer
8372,Gold - Low consumer
10870,Gold - Biggest consumer
4001,Gold - Low consumer
7270,Gold - Frequent consumer
8235,Gold - Biggest consumer
9405,Gold - Frequent consumer
