account_id,has-child
5524,No child
2174,Has child
4141,No child
6182,Has child
5324,Has child
7446,Has child
965,Has child
6177,Has child
4855,Has child
5899,Has child
387,No child
2125,No child
8180,Has child
2569,No child
2114,No child
9736,Has child
4939,No child
6565,Has child
2278,Has child
9360,No child
5376,Has child
1993,Has child
4047,Has child
1409,Has child
7892,No child
2404,Has child
9422,Has child
1966,No child
6864,No child
3033,No child
5710,Has child
7373,Has child
8755,No child
10738,Has child
4339,Has child
10755,Has child
8595,Has child
2968,No child
8601,Has child
503,Has child
8430,Has child
2139,Has child
1371,No child
9909,No child
7286,Has child
6566,Has child
8614,Has child
4114,No child
1331,Has child
2225,No child
9381,Has child
6260,No child
10383,No child
7437,Has child
8375,Has child
6853,No child
3076,Has child
1012,Has child
6518,Has child
4137,No child
8082,Has child
1386,Has child
9369,Has child
4477,Has child
1357,Has child
1402,No child
6312,Has child
8132,Has child
1050,No child
5846,Has child
1859,No child
7503,No child
10401,No child
1618,No child
3332,Has child
2261,Has child
5346,Has child
4119,No child
535,No child
5268,Has child
273,Has child
4452,Has child
8504,No child
771,Has child
11178,Has child
2230,Has child
7516,Has child
7247,Has child
11100,Has child
4646,No child
3037,No child
1473,Has child
1016,Has child
4518,Has child
9370,No child
8908,No child
8373,Has child
7533,Has child
2683,Has child
3629,Has child
10991,No child
5077,Has child
7431,No child
3267,Has child
999,No child
9215,Has child
2286,Has child
1592,No child
367,Has child
5234,Has child
9862,Has child
9805,Has child
6205,Has child
8442,Has child
7386,Has child
7215,No child
1491,No child
11071,No child
3381,Has child
11051,Has child
8026,Has child
433,Has child
9597,No child
5290,Has child
1685,No child
5342,Has child
9579,Has child
7660,Has child
1461,Has child
821,No child
11084,Has child
8690,No child
2937,Has child
9701,Has child
9949,Has child
10837,Has child
3120,Has child
5885,Has child
4050,No child
3830,Has child
7987,Has child
7798,Has child
92,Has child
7055,Has child
10240,No child
3025,Has child
9283,Has child
9970,Has child
2730,No child
2795,Has child
9260,No child
8182,Has child
10095,No child
8475,Has child
4370,Has child
10573,No child
3712,No child
6637,No child
3152,Has child
5610,Has child
6460,Has child
1349,Has child
1880,Has child
641,Has child
8717,Has child
10314,No child
10854,Has child
10492,Has child
6935,No child
7698,Has child
3559,Has child
10562,No child
10796,Has child
2563,No child
3518,Has child
5823,Has child
3934,Has child
6982,No child
6431,Has child
9733,Has child
5602,No child
7829,Has child
1324,Has child
326,Has child
7224,Has child
6999,No child
9938,No child
6422,No child
3182,Has child
7300,Has child
10424,No child
8727,Has child
2798,No child
1030,Has child
624,No child
5176,Has child
5552,Has child
868,Has child
380,Has child
2677,Has child
6521,No child
6927,Has child
2877,Has child
0,No child
1584,Has child
7264,Has child
6274,No child
1377,Has child
454,Has child
1755,Has child
2075,No child
4785,Has child
9076,Has child
7079,Has child
4653,Has child
7375,Has child
709,Has child
460,No child
3726,Has child
6798,Has child
5341,Has child
1606,Has child
9617,No child
3233,Has child
89,Has child
2936,Has child
9449,Has child
7297,Has child
11004,Has child
313,No child
9940,Has child
10735,Has child
9529,No child
6439,Has child
7411,Has child
2176,Has child
9265,Has child
8867,No child
8932,Has child
10236,Has child
6340,Has child
10089,No child
2227,No child
10992,Has child
5304,Has child
309,Has child
3406,Has child
2661,Has child
3153,Has child
10264,Has child
1184,Has child
4200,Has child
9396,Has child
2387,Has child
6690,Has child
1225,No child
9703,Has child
291,No child
4557,Has child
2379,No child
5726,Has child
3066,Has child
6336,Has child
10967,Has child
2304,Has child
3445,No child
7828,No child
3762,No child
4391,Has child
4669,Has child
10144,Has child
8652,No child
1672,Has child
8962,Has child
9974,Has child
10983,No child
8148,Has child
10102,No child
4697,No child
9262,No child
7254,Has child
4543,No child
4927,Has child
10451,Has child
2926,Has child
2874,Has child
9738,Has child
7119,No child
3924,Has child
5827,Has child
5596,Has child
10812,Has child
1717,Has child
9491,Has child
9274,No child
6609,No child
6963,No child
4440,Has child
1379,No child
10032,Has child
2826,Has child
6320,No child
3050,Has child
231,Has child
2392,Has child
9478,Has child
113,Has child
1802,Has child
520,Has child
8275,Has child
9750,Has child
2607,Has child
7214,No child
5835,Has child
3896,Has child
10350,Has child
7786,Has child
2861,Has child
663,No child
10675,Has child
2521,Has child
9592,Has child
10151,Has child
7381,No child
4099,Has child
9560,No child
1150,No child
10172,No child
11191,No child
9707,Has child
6245,Has child
8234,Has child
1411,No child
8553,Has child
1826,No child
8842,Has child
11030,Has child
2579,Has child
175,Has child
9185,No child
11056,No child
9365,Has child
6201,Has child
2061,Has child
6184,No child
6142,No child
4107,Has child
7274,No child
9336,Has child
2958,Has child
933,Has child
5837,Has child
10704,Has child
5125,No child
4432,Has child
5955,No child
2928,Has child
5680,Has child
10313,Has child
2557,Has child
1245,Has child
1519,Has child
10703,Has child
1726,No child
4459,Has child
1729,Has child
1517,Has child
2098,Has child
9543,Has child
6878,No child
3310,Has child
2724,Has child
948,Has child
6720,Has child
6202,Has child
2066,Has child
9799,Has child
8318,No child
5642,Has child
2669,No child
455,No child
7683,Has child
3428,No child
7414,Has child
6354,Has child
798,Has child
8213,Has child
2488,Has child
9999,No child
7617,Has child
615,No child
2552,Has child
194,Has child
3645,Has child
8890,Has child
5049,Has child
9973,Has child
7301,Has child
10882,Has child
7030,Has child
7422,Has child
3523,Has child
7106,No child
6504,Has child
5067,No child
4216,No child
8581,Has child
5929,Has child
3129,Has child
6528,Has child
1361,No child
6932,No child
7284,Has child
1340,No child
8746,Has child
5987,Has child
3767,Has child
3725,No child
4324,Has child
238,Has child
6694,Has child
498,Has child
9347,Has child
9699,Has child
10664,Has child
5455,Has child
456,Has child
5012,Has child
7495,Has child
5029,No child
10642,Has child
2106,No child
10364,No child
5954,Has child
1137,No child
2541,Has child
1142,Has child
2276,Has child
2807,Has child
6471,Has child
6131,Has child
6233,Has child
4148,Has child
4947,No child
3225,Has child
7540,Has child
10648,No child
1992,Has child
7851,No child
8594,Has child
7059,No child
2815,Has child
2416,No child
7999,No child
9213,Has child
9697,Has child
3916,Has child
2021,Has child
1581,Has child
564,Has child
6619,Has child
9081,Has child
178,Has child
916,Has child
5512,Has child
8970,Has child
10581,Has child
5300,Has child
5154,Has child
8346,Has child
1676,Has child
9286,No child
2426,No child
5172,Has child
5562,Has child
3436,Has child
3921,No child
3403,Has child
22,Has child
10965,No child
9426,Has child
6605,No child
3136,Has child
8737,Has child
11088,Has child
716,Has child
466,No child
9135,Has child
10623,Has child
8151,No child
5140,Has child
10160,Has child
4945,No child
10584,Has child
6071,No child
3386,No child
8939,Has child
9925,Has child
4320,Has child
5389,Has child
6036,No child
182,Has child
203,No child
11025,Has child
10203,Has child
4607,No child
3711,No child
3696,Has child
2532,No child
9214,No child
4943,No child
35,Has child
2258,Has child
4322,No child
713,No child
4702,No child
3281,Has child
702,Has child
2004,Has child
4769,Has child
4437,Has child
8724,Has child
10741,Has child
1991,Has child
6931,No child
11096,Has child
304,Has child
3665,Has child
10591,Has child
5036,Has child
5547,No child
7822,Has child
8541,Has child
10955,No child
4368,Has child
9671,Has child
2256,Has child
4279,Has child
5371,Has child
9240,Has child
9460,No child
9504,No child
8692,Has child
448,Has child
8314,No child
8420,No child
3174,Has child
7685,Has child
3179,No child
9780,Has child
10681,Has child
10232,Has child
4184,Has child
9120,Has child
891,Has child
10381,Has child
3525,Has child
6818,Has child
3526,Has child
8181,Has child
1029,Has child
7369,Has child
2574,Has child
8159,Has child
1160,Has child
10242,Has child
5253,Has child
5966,Has child
5314,Has child
5081,Has child
5123,No child
5756,Has child
8036,Has child
9058,No child
5057,Has child
254,Has child
4179,No child
3710,Has child
7627,No child
4501,No child
6424,Has child
3075,No child
4992,Has child
5252,Has child
7444,Has child
6919,Has child
3537,Has child
10277,Has child
2453,Has child
7972,No child
895,Has child
1177,Has child
7141,Has child
7232,Has child
8477,Has child
2457,Has child
988,No child
7930,No child
4587,No child
6682,Has child
6222,Has child
10299,No child
3083,Has child
8953,Has child
1503,Has child
8650,Has child
10862,Has child
2782,Has child
6941,No child
10972,No child
10708,Has child
6583,No child
3641,Has child
10156,Has child
4299,Has child
3469,Has child
5063,Has child
10727,Has child
9624,No child
5156,Has child
4376,No child
8923,No child
8461,Has child
6945,No child
944,Has child
1907,Has child
701,Has child
3856,Has child
4149,No child
2131,Has child
2942,Has child
1173,No child
4381,Has child
4611,No child
3376,Has child
4679,Has child
10928,Has child
4248,No child
6728,Has child
6661,Has child
4725,Has child
3277,Has child
5555,No child
2564,Has child
946,No child
3867,Has child
6940,Has child
55,Has child
7093,Has child
5084,Has child
1777,No child
8162,No child
10826,No child
8754,Has child
1987,Has child
11007,Has child
7426,Has child
9153,Has child
10379,Has child
9204,Has child
3197,Has child
2920,Has child
6961,Has child
4673,Has child
9937,No child
8779,Has child
9596,No child
2891,Has child
4910,No child
75,No child
10120,Has child
6327,No child
10142,Has child
9826,No child
1501,No child
10767,No child
7279,No child
7230,Has child
143,No child
450,Has child
9316,No child
6379,Has child
9239,Has child
8315,No child
2868,Has child
10888,No child
1277,No child
9977,Has child
10196,Has child
6384,Has child
8029,No child
968,Has child
6988,Has child
4472,Has child
6991,Has child
3336,Has child
4301,Has child
1940,Has child
1272,Has child
1388,Has child
1044,No child
6969,Has child
10479,No child
3619,No child
1715,Has child
10159,Has child
1463,Has child
5114,Has child
4990,No child
4329,Has child
10936,No child
4692,Has child
7212,Has child
6086,No child
437,No child
11171,Has child
11101,No child
5329,Has child
610,Has child
9384,Has child
5956,Has child
10430,Has child
7875,No child
7072,Has child
6255,Has child
6516,Has child
5564,Has child
5682,Has child
7458,Has child
5237,Has child
7761,Has child
5278,No child
3560,No child
7235,Has child
10548,No child
2281,Has child
4073,No child
6974,No child
7938,Has child
7094,Has child
3667,No child
7723,No child
3870,No child
4012,Has child
5909,Has child
10470,Has child
6488,Has child
10270,Has child
6887,Has child
6406,No child
7573,Has child
4508,No child
221,Has child
5331,No child
1911,No child
20,Has child
8786,Has child
10582,Has child
1915,No child
8897,Has child
2371,Has child
4303,Has child
6825,Has child
1072,Has child
4964,No child
2461,Has child
10736,Has child
3194,No child
10839,Has child
49,Has child
4290,Has child
10219,Has child
4211,Has child
1135,Has child
6299,Has child
10846,Has child
347,Has child
6543,No child
10446,No child
3479,No child
11075,Has child
4442,Has child
199,No child
6722,Has child
796,Has child
3749,No child
8523,Has child
310,Has child
8629,Has child
236,Has child
9930,No child
3483,No child
4599,Has child
7326,Has child
7352,Has child
2350,Has child
9145,Has child
2964,No child
5585,Has child
9687,No child
3732,Has child
6303,No child
11176,Has child
2986,Has child
7462,No child
3900,Has child
7034,Has child
9493,No child
1143,Has child
1,No child
3855,No child
5536,Has child
5989,Has child
9499,Has child
6768,Has child
2150,Has child
6646,Has child
4887,Has child
8560,No child
3321,Has child
11003,Has child
10402,Has child
9904,Has child
6141,Has child
5687,No child
10856,Has child
5121,Has child
4186,Has child
368,Has child
3312,Has child
11121,Has child
5332,No child
5848,No child
10343,No child
5935,Has child
2895,Has child
10262,Has child
7848,Has child
9477,Has child
4856,No child
7186,Has child
5794,Has child
1456,Has child
4877,Has child
425,Has child
3007,Has child
1031,No child
4297,Has child
807,Has child
9553,No child
4271,Has child
4120,Has child
2036,Has child
115,Has child
4259,Has child
8687,Has child
2447,Has child
10140,No child
9353,Has child
3623,Has child
738,Has child
7631,Has child
4789,No child
773,Has child
10602,Has child
1446,No child
3270,Has child
8443,Has child
9653,Has child
8916,Has child
8017,Has child
5830,No child
4597,No child
7023,Has child
8086,Has child
8825,Has child
2930,No child
1928,Has child
7108,Has child
10925,No child
9960,Has child
8800,No child
9224,Has child
5519,Has child
5046,Has child
7037,Has child
905,Has child
8624,No child
8945,Has child
6445,No child
2727,No child
6404,Has child
11074,No child
10150,No child
1968,Has child
6534,Has child
9485,No child
7053,No child
4654,No child
9760,Has child
1048,Has child
10619,No child
9308,No child
10505,No child
8362,No child
2625,Has child
4637,No child
9972,Has child
4483,No child
4487,Has child
4988,Has child
8931,Has child
5871,No child
2008,No child
3139,No child
10037,No child
10673,Has child
5303,No child
538,Has child
7922,Has child
5692,Has child
4843,No child
6383,Has child
1628,No child
1204,Has child
3673,Has child
760,Has child
8957,Has child
4128,Has child
6810,No child
5386,No child
8700,No child
3202,No child
1328,Has child
8405,Has child
6515,Has child
2882,Has child
7574,Has child
6387,Has child
5320,Has child
5048,Has child
8146,Has child
10031,Has child
5748,Has child
2134,Has child
1523,Has child
9665,Has child
4640,Has child
3635,Has child
3547,Has child
2456,Has child
5633,Has child
7801,Has child
10489,No child
7011,Has child
2620,Has child
3933,Has child
10981,No child
1734,Has child
10995,Has child
6357,Has child
9209,No child
10286,No child
2611,No child
1600,Has child
3308,Has child
5407,Has child
2166,Has child
3955,No child
6634,Has child
3056,Has child
5718,No child
6872,Has child
8164,No child
4580,No child
9305,No child
453,Has child
8545,No child
9850,Has child
7378,Has child
7646,Has child
1640,Has child
5184,No child
8492,No child
11188,Has child
1212,Has child
9097,Has child
10473,Has child
7962,No child
9984,Has child
5527,Has child
6374,Has child
7453,Has child
8952,Has child
241,No child
8975,Has child
6119,Has child
5236,Has child
5723,Has child
1710,Has child
1970,Has child
5313,Has child
10634,No child
7010,No child
8562,No child
3158,Has child
4436,No child
5287,Has child
2445,Has child
6059,Has child
4550,Has child
4240,Has child
8911,Has child
3706,Has child
3628,Has child
10175,Has child
8985,Has child
5204,No child
9220,No child
9888,No child
5263,Has child
1020,No child
9503,No child
10613,Has child
67,Has child
6019,Has child
5863,Has child
3717,Has child
6730,Has child
10749,No child
4998,No child
6287,Has child
5985,Has child
4754,Has child
4002,Has child
8870,Has child
966,Has child
4767,No child
9725,Has child
4475,No child
5740,Has child
5731,Has child
7290,No child
3846,Has child
8104,No child
4507,No child
11013,No child
4491,Has child
3759,Has child
1162,No child
2055,Has child
10766,Has child
4415,Has child
3005,No child
2223,Has child
4817,No child
2875,No child
10536,Has child
11112,Has child
3807,Has child
9197,Has child
10832,No child
6421,No child
4207,No child
577,Has child
10855,Has child
3081,Has child
3535,No child
247,Has child
8707,No child
9523,Has child
6072,No child
6295,Has child
10914,Has child
1509,No child
5577,Has child
7348,No child
1127,No child
1833,Has child
4944,No child
9080,Has child
6466,Has child
9964,Has child
4790,Has child
10245,No child
1109,Has child
6001,Has child
5538,No child
10552,Has child
1545,Has child
7409,Has child
4444,Has child
146,No child
6271,Has child
10065,No child
4741,Has child
246,Has child
375,No child
1524,No child
10022,Has child
7451,No child
11010,Has child
4356,Has child
3885,Has child
1175,No child
880,No child
2320,Has child
850,Has child
4713,Has child
675,Has child
5025,Has child
2308,Has child
5995,Has child
6749,Has child
1010,Has child
8977,No child
4756,No child
3412,Has child
606,Has child
5961,Has child
2975,Has child
2894,No child
7613,Has child
10542,Has child
8015,No child
10617,No child
11166,Has child
849,Has child
523,Has child
4066,Has child
8414,Has child
819,No child
4961,Has child
749,Has child
5430,Has child
7755,Has child
10525,Has child
1453,No child
8310,Has child
10710,Has child
5031,No child
2613,Has child
213,Has child
967,Has child
1077,No child
7959,No child
640,Has child
4252,Has child
8432,Has child
6218,Has child
6905,No child
5922,Has child
3598,Has child
6116,Has child
6263,Has child
10486,No child
2410,No child
193,No child
3363,No child
8278,No child
10660,Has child
8686,Has child
1604,Has child
5907,Has child
10669,Has child
2918,Has child
5735,No child
359,Has child
8387,Has child
1829,Has child
3839,Has child
9392,Has child
2292,Has child
10466,Has child
9855,Has child
4088,Has child
5231,Has child
590,No child
8732,Has child
2315,Has child
3515,Has child
2245,Has child
6283,Has child
2246,Has child
6606,Has child
5545,No child
7342,Has child
837,Has child
9500,Has child
3602,Has child
234,Has child
2995,No child
1118,Has child
7789,No child
3068,No child
8955,Has child
945,Has child
5644,Has child
7192,Has child
2324,Has child
697,No child
3439,Has child
1506,Has child
232,Has child
8876,Has child
4500,No child
9739,Has child
10395,Has child
1176,Has child
1627,No child
938,Has child
2740,Has child
257,Has child
4058,No child
7736,Has child
8210,Has child
833,Has child
6230,Has child
7325,Has child
1307,Has child
1502,Has child
6211,Has child
843,Has child
4174,Has child
9757,No child
6918,Has child
286,Has child
11086,Has child
1921,Has child
4138,Has child
7718,No child
1291,Has child
6862,No child
4136,Has child
803,Has child
4298,Has child
10833,Has child
9606,No child
8534,Has child
5153,Has child
961,Has child
5011,Has child
6653,Has child
9094,Has child
810,Has child
5493,Has child
2147,No child
5107,Has child
3979,No child
6049,No child
8147,Has child
1857,Has child
3910,No child
5207,Has child
11114,Has child
5429,Has child
9400,No child
1740,No child
7488,Has child
195,Has child
635,Has child
7527,Has child
10319,Has child
2296,Has child
10637,Has child
2931,No child
907,Has child
3698,No child
9516,No child
679,Has child
7384,No child
5043,No child
5267,Has child
339,Has child
2516,Has child
9010,No child
378,No child
4808,No child
5068,Has child
7628,Has child
7128,Has child
2811,Has child
3551,Has child
1663,Has child
5543,Has child
1577,No child
10641,Has child
5336,Has child
6024,No child
1878,No child
3099,Has child
6055,No child
5841,Has child
3972,Has child
4394,No child
5758,No child
6658,Has child
4603,Has child
8427,No child
10260,Has child
7143,Has child
8789,Has child
6197,Has child
4554,Has child
4937,Has child
1920,Has child
8749,Has child
1650,No child
10377,Has child
9206,Has child
10971,Has child
6398,Has child
9212,Has child
7937,No child
839,Has child
4246,No child
158,No child
4832,Has child
5621,Has child
1945,Has child
5147,No child
2535,Has child
11039,Has child
9495,No child
9635,No child
2173,Has child
942,Has child
9386,Has child
5510,Has child
873,Has child
2253,No child
5181,Has child
979,Has child
10390,Has child
4698,No child
7793,Has child
1745,No child
10590,No child
5080,No child
8369,Has child
5232,Has child
2407,No child
3834,Has child
7912,Has child
7712,No child
1065,No child
7275,Has child
1343,Has child
1384,Has child
9967,Has child
6181,No child
10507,Has child
2674,Has child
2698,Has child
3231,Has child
4096,Has child
10476,Has child
5948,Has child
9140,Has child
10258,Has child
5675,Has child
4743,Has child
8805,Has child
1542,Has child
6770,Has child
8773,Has child
10420,Has child
7514,Has child
793,Has child
10909,No child
8702,Has child
4791,Has child
2963,No child
8216,Has child
8140,Has child
10146,Has child
5289,Has child
2587,Has child
4405,Has child
8663,Has child
2589,Has child
3421,Has child
10490,Has child
4094,Has child
9958,Has child
2534,Has child
4188,Has child
6613,Has child
10827,Has child
5491,Has child
8402,Has child
8783,Has child
10010,Has child
618,Has child
9121,Has child
361,Has child
4310,No child
2678,Has child
6376,Has child
524,No child
10341,No child
5654,Has child
4098,Has child
5824,Has child
7000,No child
2561,Has child
5229,Has child
4086,No child
2428,Has child
8254,Has child
2836,Has child
8418,Has child
1362,No child
7152,Has child
10033,Has child
9349,No child
274,Has child
3388,Has child
922,Has child
8588,Has child
2518,No child
574,No child
3220,Has child
5967,Has child
1183,Has child
6856,Has child
4530,No child
1553,No child
4682,No child
8204,No child
5221,Has child
1232,No child
1927,Has child
5788,Has child
6652,No child
6246,No child
5975,Has child
6875,No child
4399,No child
4042,Has child
2157,Has child
10133,No child
2525,No child
8233,Has child
9483,Has child
2945,Has child
10403,Has child
5074,Has child
10524,Has child
4690,Has child
7521,No child
7196,Has child
4406,Has child
9672,Has child
4864,Has child
4706,Has child
4070,Has child
25,Has child
3697,Has child
217,No child
4220,Has child
5286,No child
9559,Has child
2849,Has child
7787,Has child
3102,Has child
5868,Has child
8370,Has child
9988,Has child
2939,No child
5529,Has child
9743,Has child
5763,Has child
3478,Has child
7494,Has child
1763,No child
7250,Has child
2005,Has child
10770,No child
6885,Has child
2072,Has child
9463,Has child
6318,No child
4093,Has child
5751,Has child
3340,Has child
3594,Has child
3584,No child
3643,No child
851,Has child
7706,Has child
3967,No child
10128,Has child
486,No child
9,Has child
9451,Has child
9264,No child
3865,No child
2853,Has child
1490,Has child
6310,Has child
10380,Has child
3887,Has child
4278,No child
8643,No child
1998,Has child
10795,Has child
11110,Has child
2408,Has child
202,No child
7998,Has child
830,No child
3536,Has child
6050,Has child
125,Has child
3463,Has child
2804,Has child
3745,Has child
9771,Has child
451,Has child
10530,No child
1079,Has child
8920,Has child
6678,Has child
3852,Has child
528,No child
73,Has child
5589,Has child
10212,Has child
6365,No child
5636,No child
591,Has child
2217,Has child
2544,Has child
7725,No child
8091,Has child
7321,No child
5462,Has child
7791,Has child
955,Has child
4037,Has child
6642,Has child
2793,Has child
5424,Has child
879,Has child
9530,Has child
4828,Has child
10699,Has child
1497,Has child
7476,Has child
4390,Has child
10478,Has child
1081,Has child
4261,No child
9916,Has child
5350,No child
8135,Has child
8685,Has child
4967,Has child
2130,Has child
9298,No child
8175,No child
6257,Has child
3790,Has child
9952,No child
3503,No child
5223,Has child
4608,No child
1626,Has child
4764,Has child
2471,No child
5892,Has child
2612,No child
4971,Has child
5185,No child
10069,Has child
2262,Has child
1131,Has child
1041,Has child
24,Has child
3409,Has child
7022,Has child
7943,Has child
5272,Has child
5453,No child
2565,No child
800,Has child
11092,Has child
5062,Has child
8969,Has child
4656,Has child
4480,Has child
9971,Has child
6729,No child
1773,No child
9242,No child
1764,Has child
6215,Has child
10099,Has child
5423,Has child
940,Has child
3011,Has child
3298,Has child
8286,Has child
9668,Has child
5120,No child
6097,Has child
7019,Has child
7408,Has child
8041,Has child
252,No child
9986,Has child
3276,Has child
3859,Has child
3570,Has child
3783,Has child
10207,Has child
10906,Has child
3427,Has child
5209,Has child
10711,No child
10785,Has child
2814,Has child
6866,Has child
1665,Has child
6575,Has child
3829,Has child
3091,Has child
10141,No child
5177,Has child
7005,No child
6409,No child
7485,Has child
8079,Has child
8395,No child
10352,Has child
4931,No child
13,Has child
1834,Has child
2285,Has child
2295,Has child
1378,Has child
2781,No child
1165,Has child
1404,Has child
6457,Has child
2639,Has child
8299,No child
6437,Has child
6912,Has child
7327,Has child
5299,Has child
4127,Has child
8143,No child
1964,No child
3690,No child
3433,No child
3389,Has child
4712,No child
1170,Has child
6347,Has child
4065,Has child
8230,Has child
1215,No child
5939,Has child
2156,Has child
7788,Has child
10323,Has child
7947,Has child
1891,No child
2570,Has child
9256,Has child
295,No child
7397,Has child
6349,No child
10790,Has child
10398,Has child
2431,No child
550,Has child
1890,Has child
10742,No child
10356,Has child
4676,Has child
8852,Has child
3565,Has child
5294,Has child
1958,Has child
7349,Has child
8799,Has child
1351,Has child
1045,Has child
7732,Has child
8070,Has child
477,No child
7832,Has child
2202,Has child
7396,No child
4055,Has child
10340,Has child
10091,Has child
7629,Has child
10640,Has child
3498,Has child
6742,Has child
1172,No child
569,No child
4686,No child
1381,Has child
2634,Has child
10905,Has child
1744,Has child
1000,Has child
3828,Has child
8605,Has child
10304,No child
4351,Has child
10129,No child
2499,Has child
10092,Has child
7500,Has child
5796,No child
10556,Has child
1064,Has child
48,Has child
7610,Has child
263,No child
10814,No child
9710,Has child
9292,No child
10250,No child
7881,No child
5847,Has child
737,No child
3571,Has child
7807,Has child
3878,Has child
5092,Has child
2154,Has child
5394,Has child
3798,Has child
3524,Has child
5247,Has child
5883,Has child
2118,Has child
8812,Has child
6616,Has child
2797,Has child
4328,Has child
9167,Has child
10560,Has child
2631,No child
8312,No child
5534,Has child
5093,Has child
7592,No child
8895,No child
8584,No child
2694,Has child
8910,Has child
7433,Has child
164,No child
10477,Has child
2681,No child
5150,Has child
5283,Has child
9645,No child
10678,Has child
7261,Has child
9648,Has child
2870,Has child
8008,Has child
1513,Has child
6173,Has child
1419,Has child
9150,Has child
7960,No child
1250,Has child
9905,Has child
10691,Has child
7002,Has child
2952,Has child
8439,Has child
762,Has child
2831,Has child
6977,Has child
6289,Has child
4168,Has child
8397,Has child
9284,Has child
6237,Has child
3130,Has child
1619,No child
1990,No child
5513,Has child
269,Has child
8093,No child
10513,No child
10177,Has child
2549,Has child
5782,Has child
10057,No child
10307,Has child
8566,Has child
2415,Has child
5684,Has child
8334,Has child
9166,Has child
1440,No child
78,Has child
5441,Has child
5302,No child
4687,No child
1087,Has child
6859,Has child
9860,Has child
7129,Has child
5866,Has child
10521,Has child
7393,Has child
7849,No child
332,Has child
9847,Has child
531,Has child
9576,Has child
6906,No child
7419,Has child
3170,No child
8527,Has child
7872,No child
9931,Has child
10595,No child
4609,Has child
5010,Has child
4427,No child
11148,Has child
1168,No child
9595,No child
10163,No child
2886,Has child
6710,Has child
5316,No child
9029,No child
521,Has child
1459,Has child
10241,No child
1630,Has child
3254,Has child
9064,No child
3678,Has child
4227,Has child
9467,Has child
8486,Has child
2186,No child
3286,Has child
8602,Has child
3722,Has child
6715,Has child
4796,Has child
9612,No child
3766,No child
1399,No child
1570,Has child
3426,Has child
3074,No child
8341,Has child
5180,Has child
6461,Has child
7679,No child
10702,Has child
7505,Has child
5113,No child
10858,Has child
2961,Has child
2747,No child
3010,No child
5790,Has child
6892,Has child
1743,No child
3578,Has child
8462,Has child
5558,No child
4619,No child
8780,Has child
10789,Has child
10779,No child
5896,No child
2337,Has child
10951,Has child
544,No child
17,Has child
10680,Has child
3265,No child
5623,Has child
5832,No child
5544,Has child
6417,No child
5831,Has child
7101,Has child
10176,Has child
2326,No child
4385,Has child
2929,No child
10686,Has child
2546,Has child
3283,Has child
3138,No child
4994,No child
7966,Has child
3112,Has child
10872,Has child
2181,No child
1867,No child
1518,Has child
5734,Has child
2878,Has child
1458,Has child
7007,Has child
6200,Has child
1403,Has child
4827,Has child
6250,Has child
9291,Has child
2478,Has child
1139,No child
5138,Has child
5393,Has child
10413,No child
5015,Has child
10868,No child
10676,No child
2495,Has child
7842,Has child
9955,Has child
6663,No child
2162,Has child
3434,No child
7919,No child
5626,No child
6428,No child
8514,Has child
10448,Has child
2109,No child
7530,Has child
8925,Has child
3009,No child
6355,Has child
3517,Has child
1158,Has child
6203,No child
7165,Has child
3595,Has child
8537,No child
4331,No child
6281,Has child
4338,Has child
2452,Has child
9507,Has child
8360,Has child
10311,Has child
5117,No child
4867,Has child
9289,Has child
10913,Has child
3032,Has child
8524,Has child
3334,No child
4470,Has child
1406,Has child
8619,Has child
10821,Has child
4552,No child
898,Has child
9797,Has child
10949,No child
8212,Has child
6248,No child
10164,Has child
4547,Has child
6815,No child
4122,No child
10841,Has child
5370,Has child
176,Has child
4860,Has child
10757,Has child
4023,Has child
6679,No child
9923,Has child
7181,Has child
3599,Has child
405,Has child
6870,Has child
832,Has child
2002,No child
3657,Has child
500,No child
1951,No child
3262,No child
4102,Has child
7042,No child
10598,Has child
255,Has child
2375,Has child
9829,Has child
6214,Has child
4954,Has child
7861,Has child
4837,Has child
9423,Has child
4198,Has child
153,No child
9323,Has child
10001,Has child
3945,Has child
3799,Has child
8625,Has child
3491,Has child
983,Has child
9119,Has child
4786,Has child
5872,Has child
6568,Has child
5628,No child
5631,No child
4974,Has child
8416,Has child
5454,Has child
4095,Has child
5474,Has child
4268,Has child
10701,No child
3507,Has child
2079,No child
626,Has child
4426,Has child
2591,Has child
10509,Has child
6382,Has child
6673,No child
7441,Has child
1071,Has child
10061,Has child
8775,Has child
2345,No child
322,Has child
10897,Has child
123,Has child
6103,No child
7899,Has child
10500,Has child
1655,Has child
2406,Has child
2712,Has child
5517,Has child
10643,No child
2254,No child
10281,Has child
6958,Has child
954,No child
4643,Has child
6497,Has child
5396,No child
1052,Has child
2802,No child
6343,Has child
6507,Has child
7901,Has child
4865,Has child
2686,No child
3107,Has child
7734,No child
1146,Has child
11031,Has child
7428,No child
975,Has child
1103,Has child
3422,Has child
1055,Has child
6544,Has child
1241,Has child
2909,Has child
5802,No child
1407,Has child
6183,Has child
340,Has child
5991,Has child
3104,No child
9729,Has child
1008,No child
11091,Has child
3969,Has child
1916,Has child
9907,Has child
87,Has child
8659,Has child
6262,No child
6147,Has child
8832,Has child
10067,Has child
7532,Has child
4915,Has child
2115,Has child
2088,No child
2493,Has child
6292,No child
1631,No child
10104,Has child
3006,Has child
3919,No child
11181,No child
642,Has child
4369,No child
10127,Has child
271,Has child
4973,Has child
2948,Has child
2715,Has child
10432,Has child
9216,Has child
7124,Has child
9727,No child
5136,Has child
9790,No child
1818,Has child
1100,Has child
7873,Has child
10609,Has child
6950,Has child
7233,No child
9481,Has child
7699,Has child
2711,Has child
8933,Has child
8726,Has child
1515,Has child
5186,Has child
10157,Has child
5667,Has child
902,Has child
977,Has child
7313,No child
7600,Has child
9706,Has child
2429,Has child
3520,No child
10394,No child
4548,Has child
9362,Has child
3968,No child
4084,Has child
6721,Has child
2829,Has child
1772,No child
1544,No child
492,Has child
4377,Has child
4541,Has child
1321,Has child
8858,Has child
3266,No child
11187,Has child
8207,Has child
9723,Has child
2666,Has child
5721,No child
10652,No child
1646,Has child
4418,No child
2656,Has child
7990,No child
8722,No child
7118,Has child
2980,Has child
1839,No child
10722,Has child
2632,Has child
9014,Has child
7620,Has child
10968,Has child
11133,Has child
2736,Has child
1876,No child
5959,Has child
1092,Has child
4333,Has child
3850,Has child
6168,Has child
607,Has child
10469,No child
6983,Has child
3661,No child
9303,Has child
692,Has child
736,Has child
9589,No child
4838,Has child
9246,Has child
6261,Has child
7366,No child
10659,Has child
1448,Has child
4286,Has child
4749,Has child
4478,Has child
4201,Has child
10084,Has child
7004,Has child
9817,No child
8080,No child
8372,Has child
10870,Has child
4001,Has child
7270,No child
8235,Has child
9405,Has child
