account_id,meat-segment
5524,Meat - Biggest consumer
2174,Meat - Low consumer
4141,Meat - Frequent consumer
6182,Meat - Frequent consumer
5324,Meat - Frequent consumer
7446,Meat - Frequent consumer
965,Meat - Frequent consumer
6177,Meat - Frequent consumer
4855,Meat - Frequent consumer
5899,Meat - Low consumer
387,Meat - Low consumer
2125,Meat - Biggest consumer
8180,Meat - Frequent consumer
2569,Meat - Frequent consumer
2114,Meat - Frequent consumer
9736,Meat - Frequent consumer
4939,Meat - Frequent consumer
6565,Meat - Biggest consumer
2278,Meat - Frequent consumer
9360,Meat - Frequent consumer
5376,Meat - Biggest consumer
1993,Meat - Frequent consumer
4047,Meat - Frequent consumer
1409,Meat - Frequent consumer
7892,Meat - Frequent consumer
2404,Meat - Frequent consumer
9422,Meat - Frequent consumer
1966,Meat - Biggest consumer
6864,Meat - Low consumer
3033,Meat - Frequent consumer
5710,Meat - Low consumer
7373,Meat - Frequent consumer
8755,Meat - Biggest consumer
10738,Meat - Frequent consumer
4339,Meat - Frequent consumer
10755,Meat - Low consumer
8595,Meat - Low consumer
2968,Meat - Frequent consumer
8601,Meat - Biggest consumer
503,Meat - Frequent consumer
8430,Meat - Low consumer
2139,Meat - Low consumer
1371,Meat - Biggest consumer
9909,Meat - Low consumer
7286,Meat - Low consumer
6566,Meat - Biggest consumer
8614,Meat - Frequent consumer
4114,Meat - Biggest consumer
1331,Meat - Frequent consumer
2225,Meat - Biggest consumer
9381,Meat - Frequent consumer
6260,Meat - Biggest consumer
10383,Meat - Biggest consumer
7437,Meat - Low consumer
8375,Meat - Frequent consumer
6853,Meat - Biggest consumer
3076,Meat - Frequent consumer
1012,Meat - Frequent consumer
6518,Meat - Frequent consumer
4137,Meat - Biggest consumer
8082,Meat - Low consumer
1386,Meat - Low consumer
9369,Meat - Biggest consumer
4477,Meat - Frequent consumer
1357,Meat - Biggest consumer
1402,Meat - Biggest consumer
6312,Meat - Biggest consumer
8132,Meat - Frequent consumer
1050,Meat - Low consumer
5846,Meat - Low consumer
1859,Meat - Biggest consumer
7503,Meat - Biggest consumer
10401,Meat - Low consumer
1618,Meat - Frequent consumer
3332,Meat - Frequent consumer
2261,Meat - Low consumer
5346,Meat - Frequent consumer
4119,Meat - Frequent consumer
535,Meat - Biggest consumer
5268,Meat - Low consumer
273,Meat - Low consumer
4452,Meat - Frequent consumer
8504,Meat - Biggest consumer
771,Meat - Frequent consumer
11178,Meat - Low consumer
2230,Meat - Low consumer
7516,Meat - Low consumer
7247,Meat - Frequent consumer
11100,Meat - Low consumer
4646,Meat - Biggest consumer
3037,Meat - Frequent consumer
1473,Meat - Low consumer
1016,Meat - Low consumer
4518,Meat - Frequent consumer
9370,Meat - Biggest consumer
8908,Meat - Biggest consumer
8373,Meat - Low consumer
7533,Meat - Frequent consumer
2683,Meat - Biggest consumer
3629,Meat - Frequent consumer
10991,Meat - Frequent consumer
5077,Meat - Biggest consumer
7431,Meat - Biggest consumer
3267,Meat - Frequent consumer
999,Meat - Frequent consumer
9215,Meat - Frequent consumer
2286,Meat - Frequent consumer
1592,Meat - Biggest consumer
367,Meat - Frequent consumer
5234,Meat - Frequent consumer
9862,Meat - Low consumer
9805,Meat - Frequent consumer
6205,Meat - Frequent consumer
8442,Meat - Low consumer
7386,Meat - Low consumer
7215,Meat - Frequent consumer
1491,Meat - Frequent consumer
11071,Meat - Biggest consumer
3381,Meat - Low consumer
11051,Meat - Frequent consumer
8026,Meat - Frequent consumer
433,Meat - Frequent consumer
9597,Meat - Frequent consumer
5290,Meat - Frequent consumer
1685,Meat - Biggest consumer
5342,Meat - Low consumer
9579,Meat - Frequent consumer
7660,Meat - Low consumer
1461,Meat - Low consumer
821,Meat - Biggest consumer
11084,Meat - Frequent consumer
8690,Meat - Biggest consumer
2937,Meat - Frequent consumer
9701,Meat - Frequent consumer
9949,Meat - Frequent consumer
10837,Meat - Frequent consumer
3120,Meat - Low consumer
5885,Meat - Frequent consumer
4050,Meat - Frequent consumer
3830,Meat - Frequent consumer
7987,Meat - Frequent consumer
7798,Meat - Frequent consumer
92,Meat - Frequent consumer
7055,Meat - Frequent consumer
10240,Meat - Biggest consumer
3025,Meat - Frequent consumer
9283,Meat - Low consumer
9970,Meat - Frequent consumer
2730,Meat - Biggest consumer
2795,Meat - Low consumer
9260,Meat - Biggest consumer
8182,Meat - Frequent consumer
10095,Meat - Biggest consumer
8475,Meat - Biggest consumer
4370,Meat - Frequent consumer
10573,Meat - Frequent consumer
3712,Meat - Frequent consumer
6637,Meat - Biggest consumer
3152,Meat - Frequent consumer
5610,Meat - Low consumer
6460,Meat - Low consumer
1349,Meat - Frequent consumer
1880,Meat - Low consumer
641,Meat - Low consumer
8717,Meat - Biggest consumer
10314,Meat - Frequent consumer
10854,Meat - Low consumer
10492,Meat - Low consumer
6935,Meat - Biggest consumer
7698,Meat - Frequent consumer
3559,Meat - Low consumer
10562,Meat - Frequent consumer
10796,Meat - Low consumer
2563,Meat - Low consumer
3518,Meat - Frequent consumer
5823,Meat - Low consumer
3934,Meat - Frequent consumer
6982,Meat - Biggest consumer
6431,Meat - Frequent consumer
9733,Meat - Low consumer
5602,Meat - Biggest consumer
7829,Meat - Low consumer
1324,Meat - Frequent consumer
326,Meat - Frequent consumer
7224,Meat - Low consumer
6999,Meat - Frequent consumer
9938,Meat - Biggest consumer
6422,Meat - Biggest consumer
3182,Meat - Frequent consumer
7300,Meat - Frequent consumer
10424,Meat - Biggest consumer
8727,Meat - Biggest consumer
2798,Meat - Frequent consumer
1030,Meat - Low consumer
624,Meat - Low consumer
5176,Meat - Low consumer
5552,Meat - Frequent consumer
868,Meat - Low consumer
380,Meat - Biggest consumer
2677,Meat - Frequent consumer
6521,Meat - Biggest consumer
6927,Meat - Frequent consumer
2877,Meat - Frequent consumer
0,Meat - Biggest consumer
1584,Meat - Frequent consumer
7264,Meat - Low consumer
6274,Meat - Biggest consumer
1377,Meat - Frequent consumer
454,Meat - Frequent consumer
1755,Meat - Frequent consumer
2075,Meat - Biggest consumer
4785,Meat - Frequent consumer
9076,Meat - Frequent consumer
7079,Meat - Frequent consumer
4653,Meat - Low consumer
7375,Meat - Frequent consumer
709,Meat - Frequent consumer
460,Meat - Biggest consumer
3726,Meat - Low consumer
6798,Meat - Frequent consumer
5341,Meat - Frequent consumer
1606,Meat - Low consumer
9617,Meat - Low consumer
3233,Meat - Biggest consumer
89,Meat - Frequent consumer
2936,Meat - Low consumer
9449,Meat - Frequent consumer
7297,Meat - Low consumer
11004,Meat - Low consumer
313,Meat - Biggest consumer
9940,Meat - Biggest consumer
10735,Meat - Low consumer
9529,Meat - Biggest consumer
6439,Meat - Frequent consumer
7411,Meat - Low consumer
2176,Meat - Biggest consumer
9265,Meat - Frequent consumer
8867,Meat - Biggest consumer
8932,Meat - Frequent consumer
10236,Meat - Frequent consumer
6340,Meat - Low consumer
10089,Meat - Biggest consumer
2227,Meat - Frequent consumer
10992,Meat - Biggest consumer
5304,Meat - Low consumer
309,Meat - Frequent consumer
3406,Meat - Frequent consumer
2661,Meat - Low consumer
3153,Meat - Low consumer
10264,Meat - Low consumer
1184,Meat - Frequent consumer
4200,Meat - Frequent consumer
9396,Meat - Low consumer
2387,Meat - Frequent consumer
6690,Meat - Frequent consumer
1225,Meat - Biggest consumer
9703,Meat - Frequent consumer
291,Meat - Biggest consumer
4557,Meat - Frequent consumer
2379,Meat - Biggest consumer
5726,Meat - Frequent consumer
3066,Meat - Frequent consumer
6336,Meat - Low consumer
10967,Meat - Frequent consumer
2304,Meat - Frequent consumer
3445,Meat - Frequent consumer
7828,Meat - Biggest consumer
3762,Meat - Biggest consumer
4391,Meat - Frequent consumer
4669,Meat - Low consumer
10144,Meat - Frequent consumer
8652,Meat - Frequent consumer
1672,Meat - Frequent consumer
8962,Meat - Low consumer
9974,Meat - Frequent consumer
10983,Meat - Frequent consumer
8148,Meat - Biggest consumer
10102,Meat - Biggest consumer
4697,Meat - Frequent consumer
9262,Meat - Low consumer
7254,Meat - Frequent consumer
4543,Meat - Biggest consumer
4927,Meat - Frequent consumer
10451,Meat - Low consumer
2926,Meat - Frequent consumer
2874,Meat - Low consumer
9738,Meat - Low consumer
7119,Meat - Biggest consumer
3924,Meat - Frequent consumer
5827,Meat - Low consumer
5596,Meat - Frequent consumer
10812,Meat - Frequent consumer
1717,Meat - Frequent consumer
9491,Meat - Frequent consumer
9274,Meat - Frequent consumer
6609,Meat - Frequent consumer
6963,Meat - Biggest consumer
4440,Meat - Frequent consumer
1379,Meat - Frequent consumer
10032,Meat - Low consumer
2826,Meat - Low consumer
6320,Meat - Biggest consumer
3050,Meat - Frequent consumer
231,Meat - Low consumer
2392,Meat - Frequent consumer
9478,Meat - Frequent consumer
113,Meat - Low consumer
1802,Meat - Frequent consumer
520,Meat - Low consumer
8275,Meat - Low consumer
9750,Meat - Biggest consumer
2607,Meat - Frequent consumer
7214,Meat - Biggest consumer
5835,Meat - Frequent consumer
3896,Meat - Low consumer
10350,Meat - Low consumer
7786,Meat - Frequent consumer
2861,Meat - Low consumer
663,Meat - Low consumer
10675,Meat - Frequent consumer
2521,Meat - Low consumer
9592,Meat - Low consumer
10151,Meat - Biggest consumer
7381,Meat - Biggest consumer
4099,Meat - Low consumer
9560,Meat - Biggest consumer
1150,Meat - Biggest consumer
10172,Meat - Biggest consumer
11191,Meat - Frequent consumer
9707,Meat - Frequent consumer
6245,Meat - Frequent consumer
8234,Meat - Low consumer
1411,Meat - Frequent consumer
8553,Meat - Low consumer
1826,Meat - Biggest consumer
8842,Meat - Low consumer
11030,Meat - Low consumer
2579,Meat - Biggest consumer
175,Meat - Biggest consumer
9185,Meat - Biggest consumer
11056,Meat - Biggest consumer
9365,Meat - Frequent consumer
6201,Meat - Low consumer
2061,Meat - Low consumer
6184,Meat - Biggest consumer
6142,Meat - Frequent consumer
4107,Meat - Frequent consumer
7274,Meat - Biggest consumer
9336,Meat - Frequent consumer
2958,Meat - Low consumer
933,Meat - Low consumer
5837,Meat - Frequent consumer
10704,Meat - Frequent consumer
5125,Meat - Biggest consumer
4432,Meat - Frequent consumer
5955,Meat - Biggest consumer
2928,Meat - Frequent consumer
5680,Meat - Low consumer
10313,Meat - Frequent consumer
2557,Meat - Low consumer
1245,Meat - Biggest consumer
1519,Meat - Frequent consumer
10703,Meat - Frequent consumer
1726,Meat - Low consumer
4459,Meat - Low consumer
1729,Meat - Frequent consumer
1517,Meat - Low consumer
2098,Meat - Low consumer
9543,Meat - Low consumer
6878,Meat - Frequent consumer
3310,Meat - Frequent consumer
2724,Meat - Low consumer
948,Meat - Low consumer
6720,Meat - Frequent consumer
6202,Meat - Frequent consumer
2066,Meat - Low consumer
9799,Meat - Frequent consumer
8318,Meat - Biggest consumer
5642,Meat - Frequent consumer
2669,Meat - Biggest consumer
455,Meat - Frequent consumer
7683,Meat - Frequent consumer
3428,Meat - Biggest consumer
7414,Meat - Frequent consumer
6354,Meat - Low consumer
798,Meat - Low consumer
8213,Meat - Low consumer
2488,Meat - Frequent consumer
9999,Meat - Frequent consumer
7617,Meat - Frequent consumer
615,Meat - Frequent consumer
2552,Meat - Frequent consumer
194,Meat - Low consumer
3645,Meat - Frequent consumer
8890,Meat - Frequent consumer
5049,Meat - Frequent consumer
9973,Meat - Frequent consumer
7301,Meat - Low consumer
10882,Meat - Frequent consumer
7030,Meat - Frequent consumer
7422,Meat - Frequent consumer
3523,Meat - Biggest consumer
7106,Meat - Biggest consumer
6504,Meat - Low consumer
5067,Meat - Biggest consumer
4216,Meat - Frequent consumer
8581,Meat - Frequent consumer
5929,Meat - Frequent consumer
3129,Meat - Low consumer
6528,Meat - Low consumer
1361,Meat - Frequent consumer
6932,Meat - Biggest consumer
7284,Meat - Low consumer
1340,Meat - Biggest consumer
8746,Meat - Biggest consumer
5987,Meat - Low consumer
3767,Meat - Frequent consumer
3725,Meat - Biggest consumer
4324,Meat - Biggest consumer
238,Meat - Frequent consumer
6694,Meat - Biggest consumer
498,Meat - Frequent consumer
9347,Meat - Low consumer
9699,Meat - Biggest consumer
10664,Meat - Frequent consumer
5455,Meat - Low consumer
456,Meat - Low consumer
5012,Meat - Low consumer
7495,Meat - Frequent consumer
5029,Meat - Low consumer
10642,Meat - Low consumer
2106,Meat - Low consumer
10364,Meat - Low consumer
5954,Meat - Frequent consumer
1137,Meat - Biggest consumer
2541,Meat - Low consumer
1142,Meat - Frequent consumer
2276,Meat - Biggest consumer
2807,Meat - Frequent consumer
6471,Meat - Frequent consumer
6131,Meat - Frequent consumer
6233,Meat - Biggest consumer
4148,Meat - Frequent consumer
4947,Meat - Biggest consumer
3225,Meat - Frequent consumer
7540,Meat - Frequent consumer
10648,Meat - Biggest consumer
1992,Meat - Biggest consumer
7851,Meat - Biggest consumer
8594,Meat - Low consumer
7059,Meat - Biggest consumer
2815,Meat - Frequent consumer
2416,Meat - Biggest consumer
7999,Meat - Biggest consumer
9213,Meat - Low consumer
9697,Meat - Frequent consumer
3916,Meat - Frequent consumer
2021,Meat - Biggest consumer
1581,Meat - Low consumer
564,Meat - Frequent consumer
6619,Meat - Low consumer
9081,Meat - Low consumer
178,Meat - Frequent consumer
916,Meat - Low consumer
5512,Meat - Frequent consumer
8970,Meat - Frequent consumer
10581,Meat - Frequent consumer
5300,Meat - Frequent consumer
5154,Meat - Low consumer
8346,Meat - Frequent consumer
1676,Meat - Frequent consumer
9286,Meat - Frequent consumer
2426,Meat - Frequent consumer
5172,Meat - Frequent consumer
5562,Meat - Frequent consumer
3436,Meat - Low consumer
3921,Meat - Frequent consumer
3403,Meat - Biggest consumer
22,Meat - Frequent consumer
10965,Meat - Biggest consumer
9426,Meat - Frequent consumer
6605,Meat - Frequent consumer
3136,Meat - Biggest consumer
8737,Meat - Low consumer
11088,Meat - Biggest consumer
716,Meat - Biggest consumer
466,Meat - Frequent consumer
9135,Meat - Frequent consumer
10623,Meat - Low consumer
8151,Meat - Frequent consumer
5140,Meat - Frequent consumer
10160,Meat - Low consumer
4945,Meat - Biggest consumer
10584,Meat - Biggest consumer
6071,Meat - Biggest consumer
3386,Meat - Frequent consumer
8939,Meat - Frequent consumer
9925,Meat - Frequent consumer
4320,Meat - Biggest consumer
5389,Meat - Frequent consumer
6036,Meat - Biggest consumer
182,Meat - Frequent consumer
203,Meat - Biggest consumer
11025,Meat - Frequent consumer
10203,Meat - Low consumer
4607,Meat - Biggest consumer
3711,Meat - Biggest consumer
3696,Meat - Low consumer
2532,Meat - Biggest consumer
9214,Meat - Frequent consumer
4943,Meat - Frequent consumer
35,Meat - Frequent consumer
2258,Meat - Low consumer
4322,Meat - Biggest consumer
713,Meat - Frequent consumer
4702,Meat - Biggest consumer
3281,Meat - Frequent consumer
702,Meat - Frequent consumer
2004,Meat - Biggest consumer
4769,Meat - Frequent consumer
4437,Meat - Frequent consumer
8724,Meat - Frequent consumer
10741,Meat - Frequent consumer
1991,Meat - Low consumer
6931,Meat - Biggest consumer
11096,Meat - Frequent consumer
304,Meat - Frequent consumer
3665,Meat - Low consumer
10591,Meat - Frequent consumer
5036,Meat - Frequent consumer
5547,Meat - Biggest consumer
7822,Meat - Biggest consumer
8541,Meat - Low consumer
10955,Meat - Biggest consumer
4368,Meat - Frequent consumer
9671,Meat - Frequent consumer
2256,Meat - Low consumer
4279,Meat - Low consumer
5371,Meat - Frequent consumer
9240,Meat - Frequent consumer
9460,Meat - Frequent consumer
9504,Meat - Biggest consumer
8692,Meat - Frequent consumer
448,Meat - Frequent consumer
8314,Meat - Biggest consumer
8420,Meat - Low consumer
3174,Meat - Biggest consumer
7685,Meat - Low consumer
3179,Meat - Biggest consumer
9780,Meat - Frequent consumer
10681,Meat - Biggest consumer
10232,Meat - Frequent consumer
4184,Meat - Frequent consumer
9120,Meat - Frequent consumer
891,Meat - Low consumer
10381,Meat - Low consumer
3525,Meat - Low consumer
6818,Meat - Frequent consumer
3526,Meat - Low consumer
8181,Meat - Frequent consumer
1029,Meat - Frequent consumer
7369,Meat - Frequent consumer
2574,Meat - Frequent consumer
8159,Meat - Frequent consumer
1160,Meat - Frequent consumer
10242,Meat - Low consumer
5253,Meat - Frequent consumer
5966,Meat - Low consumer
5314,Meat - Frequent consumer
5081,Meat - Low consumer
5123,Meat - Frequent consumer
5756,Meat - Low consumer
8036,Meat - Low consumer
9058,Meat - Biggest consumer
5057,Meat - Frequent consumer
254,Meat - Frequent consumer
4179,Meat - Low consumer
3710,Meat - Frequent consumer
7627,Meat - Biggest consumer
4501,Meat - Biggest consumer
6424,Meat - Low consumer
3075,Meat - Frequent consumer
4992,Meat - Low consumer
5252,Meat - Frequent consumer
7444,Meat - Low consumer
6919,Meat - Low consumer
3537,Meat - Frequent consumer
10277,Meat - Low consumer
2453,Meat - Frequent consumer
7972,Meat - Biggest consumer
895,Meat - Frequent consumer
1177,Meat - Frequent consumer
7141,Meat - Frequent consumer
7232,Meat - Low consumer
8477,Meat - Low consumer
2457,Meat - Low consumer
988,Meat - Biggest consumer
7930,Meat - Frequent consumer
4587,Meat - Frequent consumer
6682,Meat - Low consumer
6222,Meat - Low consumer
10299,Meat - Biggest consumer
3083,Meat - Frequent consumer
8953,Meat - Low consumer
1503,Meat - Low consumer
8650,Meat - Low consumer
10862,Meat - Frequent consumer
2782,Meat - Frequent consumer
6941,Meat - Low consumer
10972,Meat - Frequent consumer
10708,Meat - Low consumer
6583,Meat - Biggest consumer
3641,Meat - Low consumer
10156,Meat - Biggest consumer
4299,Meat - Biggest consumer
3469,Meat - Frequent consumer
5063,Meat - Frequent consumer
10727,Meat - Frequent consumer
9624,Meat - Frequent consumer
5156,Meat - Biggest consumer
4376,Meat - Low consumer
8923,Meat - Biggest consumer
8461,Meat - Low consumer
6945,Meat - Biggest consumer
944,Meat - Frequent consumer
1907,Meat - Biggest consumer
701,Meat - Biggest consumer
3856,Meat - Frequent consumer
4149,Meat - Biggest consumer
2131,Meat - Frequent consumer
2942,Meat - Frequent consumer
1173,Meat - Biggest consumer
4381,Meat - Frequent consumer
4611,Meat - Frequent consumer
3376,Meat - Frequent consumer
4679,Meat - Frequent consumer
10928,Meat - Frequent consumer
4248,Meat - Biggest consumer
6728,Meat - Frequent consumer
6661,Meat - Frequent consumer
4725,Meat - Frequent consumer
3277,Meat - Frequent consumer
5555,Meat - Low consumer
2564,Meat - Frequent consumer
946,Meat - Frequent consumer
3867,Meat - Biggest consumer
6940,Meat - Frequent consumer
55,Meat - Frequent consumer
7093,Meat - Low consumer
5084,Meat - Frequent consumer
1777,Meat - Low consumer
8162,Meat - Low consumer
10826,Meat - Low consumer
8754,Meat - Low consumer
1987,Meat - Low consumer
11007,Meat - Low consumer
7426,Meat - Frequent consumer
9153,Meat - Biggest consumer
10379,Meat - Frequent consumer
9204,Meat - Frequent consumer
3197,Meat - Frequent consumer
2920,Meat - Frequent consumer
6961,Meat - Low consumer
4673,Meat - Frequent consumer
9937,Meat - Frequent consumer
8779,Meat - Frequent consumer
9596,Meat - Frequent consumer
2891,Meat - Frequent consumer
4910,Meat - Biggest consumer
75,Meat - Frequent consumer
10120,Meat - Frequent consumer
6327,Meat - Biggest consumer
10142,Meat - Frequent consumer
9826,Meat - Biggest consumer
1501,Meat - Biggest consumer
10767,Meat - Biggest consumer
7279,Meat - Biggest consumer
7230,Meat - Frequent consumer
143,Meat - Frequent consumer
450,Meat - Frequent consumer
9316,Meat - Low consumer
6379,Meat - Frequent consumer
9239,Meat - Frequent consumer
8315,Meat - Low consumer
2868,Meat - Frequent consumer
10888,Meat - Frequent consumer
1277,Meat - Biggest consumer
9977,Meat - Biggest consumer
10196,Meat - Frequent consumer
6384,Meat - Biggest consumer
8029,Meat - Biggest consumer
968,Meat - Frequent consumer
6988,Meat - Biggest consumer
4472,Meat - Low consumer
6991,Meat - Frequent consumer
3336,Meat - Frequent consumer
4301,Meat - Low consumer
1940,Meat - Low consumer
1272,Meat - Frequent consumer
1388,Meat - Frequent consumer
1044,Meat - Frequent consumer
6969,Meat - Frequent consumer
10479,Meat - Biggest consumer
3619,Meat - Biggest consumer
1715,Meat - Frequent consumer
10159,Meat - Biggest consumer
1463,Meat - Low consumer
5114,Meat - Biggest consumer
4990,Meat - Frequent consumer
4329,Meat - Low consumer
10936,Meat - Biggest consumer
4692,Meat - Low consumer
7212,Meat - Low consumer
6086,Meat - Biggest consumer
437,Meat - Frequent consumer
11171,Meat - Frequent consumer
11101,Meat - Frequent consumer
5329,Meat - Low consumer
610,Meat - Frequent consumer
9384,Meat - Frequent consumer
5956,Meat - Frequent consumer
10430,Meat - Frequent consumer
7875,Meat - Biggest consumer
7072,Meat - Biggest consumer
6255,Meat - Frequent consumer
6516,Meat - Low consumer
5564,Meat - Biggest consumer
5682,Meat - Frequent consumer
7458,Meat - Frequent consumer
5237,Meat - Frequent consumer
7761,Meat - Frequent consumer
5278,Meat - Biggest consumer
3560,Meat - Biggest consumer
7235,Meat - Low consumer
10548,Meat - Biggest consumer
2281,Meat - Low consumer
4073,Meat - Biggest consumer
6974,Meat - Biggest consumer
7938,Meat - Frequent consumer
7094,Meat - Frequent consumer
3667,Meat - Biggest consumer
7723,Meat - Biggest consumer
3870,Meat - Biggest consumer
4012,Meat - Biggest consumer
5909,Meat - Frequent consumer
10470,Meat - Frequent consumer
6488,Meat - Low consumer
10270,Meat - Frequent consumer
6887,Meat - Frequent consumer
6406,Meat - Biggest consumer
7573,Meat - Low consumer
4508,Meat - Biggest consumer
221,Meat - Frequent consumer
5331,Meat - Biggest consumer
1911,Meat - Biggest consumer
20,Meat - Frequent consumer
8786,Meat - Frequent consumer
10582,Meat - Biggest consumer
1915,Meat - Biggest consumer
8897,Meat - Frequent consumer
2371,Meat - Frequent consumer
4303,Meat - Low consumer
6825,Meat - Low consumer
1072,Meat - Frequent consumer
4964,Meat - Biggest consumer
2461,Meat - Low consumer
10736,Meat - Biggest consumer
3194,Meat - Biggest consumer
10839,Meat - Low consumer
49,Meat - Low consumer
4290,Meat - Low consumer
10219,Meat - Low consumer
4211,Meat - Low consumer
1135,Meat - Frequent consumer
6299,Meat - Frequent consumer
10846,Meat - Frequent consumer
347,Meat - Frequent consumer
6543,Meat - Biggest consumer
10446,Meat - Biggest consumer
3479,Meat - Low consumer
11075,Meat - Frequent consumer
4442,Meat - Frequent consumer
199,Meat - Frequent consumer
6722,Meat - Frequent consumer
796,Meat - Frequent consumer
3749,Meat - Biggest consumer
8523,Meat - Low consumer
310,Meat - Frequent consumer
8629,Meat - Low consumer
236,Meat - Frequent consumer
9930,Meat - Frequent consumer
3483,Meat - Frequent consumer
4599,Meat - Frequent consumer
7326,Meat - Frequent consumer
7352,Meat - Frequent consumer
2350,Meat - Frequent consumer
9145,Meat - Biggest consumer
2964,Meat - Low consumer
5585,Meat - Frequent consumer
9687,Meat - Biggest consumer
3732,Meat - Biggest consumer
6303,Meat - Biggest consumer
11176,Meat - Frequent consumer
2986,Meat - Low consumer
7462,Meat - Frequent consumer
3900,Meat - Frequent consumer
7034,Meat - Low consumer
9493,Meat - Biggest consumer
1143,Meat - Low consumer
1,Meat - Frequent consumer
3855,Meat - Frequent consumer
5536,Meat - Biggest consumer
5989,Meat - Biggest consumer
9499,Meat - Biggest consumer
6768,Meat - Low consumer
2150,Meat - Biggest consumer
6646,Meat - Low consumer
4887,Meat - Frequent consumer
8560,Meat - Frequent consumer
3321,Meat - Frequent consumer
11003,Meat - Low consumer
10402,Meat - Low consumer
9904,Meat - Biggest consumer
6141,Meat - Frequent consumer
5687,Meat - Biggest consumer
10856,Meat - Low consumer
5121,Meat - Frequent consumer
4186,Meat - Low consumer
368,Meat - Frequent consumer
3312,Meat - Frequent consumer
11121,Meat - Frequent consumer
5332,Meat - Biggest consumer
5848,Meat - Biggest consumer
10343,Meat - Biggest consumer
5935,Meat - Frequent consumer
2895,Meat - Frequent consumer
10262,Meat - Low consumer
7848,Meat - Frequent consumer
9477,Meat - Frequent consumer
4856,Meat - Biggest consumer
7186,Meat - Low consumer
5794,Meat - Frequent consumer
1456,Meat - Biggest consumer
4877,Meat - Low consumer
425,Meat - Frequent consumer
3007,Meat - Low consumer
1031,Meat - Biggest consumer
4297,Meat - Frequent consumer
807,Meat - Frequent consumer
9553,Meat - Low consumer
4271,Meat - Frequent consumer
4120,Meat - Frequent consumer
2036,Meat - Frequent consumer
115,Meat - Frequent consumer
4259,Meat - Low consumer
8687,Meat - Frequent consumer
2447,Meat - Low consumer
10140,Meat - Biggest consumer
9353,Meat - Biggest consumer
3623,Meat - Low consumer
738,Meat - Frequent consumer
7631,Meat - Frequent consumer
4789,Meat - Biggest consumer
773,Meat - Frequent consumer
10602,Meat - Frequent consumer
1446,Meat - Biggest consumer
3270,Meat - Frequent consumer
8443,Meat - Low consumer
9653,Meat - Low consumer
8916,Meat - Low consumer
8017,Meat - Frequent consumer
5830,Meat - Biggest consumer
4597,Meat - Biggest consumer
7023,Meat - Frequent consumer
8086,Meat - Low consumer
8825,Meat - Frequent consumer
2930,Meat - Frequent consumer
1928,Meat - Frequent consumer
7108,Meat - Frequent consumer
10925,Meat - Biggest consumer
9960,Meat - Low consumer
8800,Meat - Frequent consumer
9224,Meat - Frequent consumer
5519,Meat - Frequent consumer
5046,Meat - Biggest consumer
7037,Meat - Frequent consumer
905,Meat - Frequent consumer
8624,Meat - Biggest consumer
8945,Meat - Low consumer
6445,Meat - Biggest consumer
2727,Meat - Frequent consumer
6404,Meat - Frequent consumer
11074,Meat - Biggest consumer
10150,Meat - Biggest consumer
1968,Meat - Low consumer
6534,Meat - Frequent consumer
9485,Meat - Frequent consumer
7053,Meat - Biggest consumer
4654,Meat - Biggest consumer
9760,Meat - Frequent consumer
1048,Meat - Frequent consumer
10619,Meat - Biggest consumer
9308,Meat - Biggest consumer
10505,Meat - Frequent consumer
8362,Meat - Biggest consumer
2625,Meat - Frequent consumer
4637,Meat - Biggest consumer
9972,Meat - Low consumer
4483,Meat - Biggest consumer
4487,Meat - Frequent consumer
4988,Meat - Frequent consumer
8931,Meat - Biggest consumer
5871,Meat - Frequent consumer
2008,Meat - Biggest consumer
3139,Meat - Biggest consumer
10037,Meat - Biggest consumer
10673,Meat - Biggest consumer
5303,Meat - Biggest consumer
538,Meat - Frequent consumer
7922,Meat - Frequent consumer
5692,Meat - Low consumer
4843,Meat - Biggest consumer
6383,Meat - Low consumer
1628,Meat - Biggest consumer
1204,Meat - Biggest consumer
3673,Meat - Biggest consumer
760,Meat - Frequent consumer
8957,Meat - Biggest consumer
4128,Meat - Frequent consumer
6810,Meat - Biggest consumer
5386,Meat - Biggest consumer
8700,Meat - Low consumer
3202,Meat - Frequent consumer
1328,Meat - Frequent consumer
8405,Meat - Frequent consumer
6515,Meat - Frequent consumer
2882,Meat - Frequent consumer
7574,Meat - Low consumer
6387,Meat - Frequent consumer
5320,Meat - Frequent consumer
5048,Meat - Frequent consumer
8146,Meat - Low consumer
10031,Meat - Frequent consumer
5748,Meat - Frequent consumer
2134,Meat - Biggest consumer
1523,Meat - Low consumer
9665,Meat - Frequent consumer
4640,Meat - Frequent consumer
3635,Meat - Frequent consumer
3547,Meat - Low consumer
2456,Meat - Frequent consumer
5633,Meat - Frequent consumer
7801,Meat - Frequent consumer
10489,Meat - Biggest consumer
7011,Meat - Frequent consumer
2620,Meat - Low consumer
3933,Meat - Biggest consumer
10981,Meat - Biggest consumer
1734,Meat - Low consumer
10995,Meat - Frequent consumer
6357,Meat - Frequent consumer
9209,Meat - Biggest consumer
10286,Meat - Biggest consumer
2611,Meat - Biggest consumer
1600,Meat - Frequent consumer
3308,Meat - Low consumer
5407,Meat - Frequent consumer
2166,Meat - Low consumer
3955,Meat - Low consumer
6634,Meat - Frequent consumer
3056,Meat - Biggest consumer
5718,Meat - Frequent consumer
6872,Meat - Frequent consumer
8164,Meat - Biggest consumer
4580,Meat - Biggest consumer
9305,Meat - Biggest consumer
453,Meat - Low consumer
8545,Meat - Biggest consumer
9850,Meat - Low consumer
7378,Meat - Frequent consumer
7646,Meat - Biggest consumer
1640,Meat - Low consumer
5184,Meat - Low consumer
8492,Meat - Biggest consumer
11188,Meat - Frequent consumer
1212,Meat - Biggest consumer
9097,Meat - Frequent consumer
10473,Meat - Biggest consumer
7962,Meat - Biggest consumer
9984,Meat - Frequent consumer
5527,Meat - Low consumer
6374,Meat - Frequent consumer
7453,Meat - Frequent consumer
8952,Meat - Biggest consumer
241,Meat - Biggest consumer
8975,Meat - Frequent consumer
6119,Meat - Low consumer
5236,Meat - Biggest consumer
5723,Meat - Frequent consumer
1710,Meat - Frequent consumer
1970,Meat - Frequent consumer
5313,Meat - Low consumer
10634,Meat - Frequent consumer
7010,Meat - Biggest consumer
8562,Meat - Frequent consumer
3158,Meat - Low consumer
4436,Meat - Frequent consumer
5287,Meat - Frequent consumer
2445,Meat - Frequent consumer
6059,Meat - Frequent consumer
4550,Meat - Low consumer
4240,Meat - Low consumer
8911,Meat - Frequent consumer
3706,Meat - Frequent consumer
3628,Meat - Low consumer
10175,Meat - Low consumer
8985,Meat - Frequent consumer
5204,Meat - Biggest consumer
9220,Meat - Biggest consumer
9888,Meat - Biggest consumer
5263,Meat - Low consumer
1020,Meat - Biggest consumer
9503,Meat - Frequent consumer
10613,Meat - Low consumer
67,Meat - Low consumer
6019,Meat - Low consumer
5863,Meat - Frequent consumer
3717,Meat - Frequent consumer
6730,Meat - Low consumer
10749,Meat - Frequent consumer
4998,Meat - Biggest consumer
6287,Meat - Low consumer
5985,Meat - Frequent consumer
4754,Meat - Frequent consumer
4002,Meat - Biggest consumer
8870,Meat - Frequent consumer
966,Meat - Frequent consumer
4767,Meat - Biggest consumer
9725,Meat - Low consumer
4475,Meat - Biggest consumer
5740,Meat - Low consumer
5731,Meat - Low consumer
7290,Meat - Biggest consumer
3846,Meat - Frequent consumer
8104,Meat - Low consumer
4507,Meat - Biggest consumer
11013,Meat - Biggest consumer
4491,Meat - Frequent consumer
3759,Meat - Frequent consumer
1162,Meat - Biggest consumer
2055,Meat - Low consumer
10766,Meat - Frequent consumer
4415,Meat - Low consumer
3005,Meat - Biggest consumer
2223,Meat - Biggest consumer
4817,Meat - Low consumer
2875,Meat - Biggest consumer
10536,Meat - Low consumer
11112,Meat - Biggest consumer
3807,Meat - Frequent consumer
9197,Meat - Low consumer
10832,Meat - Frequent consumer
6421,Meat - Biggest consumer
4207,Meat - Frequent consumer
577,Meat - Low consumer
10855,Meat - Frequent consumer
3081,Meat - Low consumer
3535,Meat - Biggest consumer
247,Meat - Frequent consumer
8707,Meat - Biggest consumer
9523,Meat - Low consumer
6072,Meat - Biggest consumer
6295,Meat - Frequent consumer
10914,Meat - Low consumer
1509,Meat - Frequent consumer
5577,Meat - Low consumer
7348,Meat - Biggest consumer
1127,Meat - Biggest consumer
1833,Meat - Frequent consumer
4944,Meat - Biggest consumer
9080,Meat - Frequent consumer
6466,Meat - Low consumer
9964,Meat - Frequent consumer
4790,Meat - Frequent consumer
10245,Meat - Biggest consumer
1109,Meat - Low consumer
6001,Meat - Frequent consumer
5538,Meat - Biggest consumer
10552,Meat - Frequent consumer
1545,Meat - Frequent consumer
7409,Meat - Frequent consumer
4444,Meat - Low consumer
146,Meat - Biggest consumer
6271,Meat - Low consumer
10065,Meat - Low consumer
4741,Meat - Frequent consumer
246,Meat - Frequent consumer
375,Meat - Biggest consumer
1524,Meat - Frequent consumer
10022,Meat - Low consumer
7451,Meat - Biggest consumer
11010,Meat - Frequent consumer
4356,Meat - Frequent consumer
3885,Meat - Frequent consumer
1175,Meat - Frequent consumer
880,Meat - Low consumer
2320,Meat - Frequent consumer
850,Meat - Frequent consumer
4713,Meat - Frequent consumer
675,Meat - Frequent consumer
5025,Meat - Frequent consumer
2308,Meat - Frequent consumer
5995,Meat - Frequent consumer
6749,Meat - Biggest consumer
1010,Meat - Frequent consumer
8977,Meat - Low consumer
4756,Meat - Biggest consumer
3412,Meat - Frequent consumer
606,Meat - Low consumer
5961,Meat - Frequent consumer
2975,Meat - Biggest consumer
2894,Meat - Biggest consumer
7613,Meat - Frequent consumer
10542,Meat - Frequent consumer
8015,Meat - Biggest consumer
10617,Meat - Low consumer
11166,Meat - Frequent consumer
849,Meat - Frequent consumer
523,Meat - Frequent consumer
4066,Meat - Low consumer
8414,Meat - Low consumer
819,Meat - Biggest consumer
4961,Meat - Frequent consumer
749,Meat - Frequent consumer
5430,Meat - Frequent consumer
7755,Meat - Frequent consumer
10525,Meat - Low consumer
1453,Meat - Frequent consumer
8310,Meat - Frequent consumer
10710,Meat - Low consumer
5031,Meat - Biggest consumer
2613,Meat - Frequent consumer
213,Meat - Low consumer
967,Meat - Frequent consumer
1077,Meat - Biggest consumer
7959,Meat - Biggest consumer
640,Meat - Biggest consumer
4252,Meat - Frequent consumer
8432,Meat - Frequent consumer
6218,Meat - Frequent consumer
6905,Meat - Biggest consumer
5922,Meat - Low consumer
3598,Meat - Frequent consumer
6116,Meat - Frequent consumer
6263,Meat - Frequent consumer
10486,Meat - Frequent consumer
2410,Meat - Biggest consumer
193,Meat - Low consumer
3363,Meat - Low consumer
8278,Meat - Biggest consumer
10660,Meat - Frequent consumer
8686,Meat - Low consumer
1604,Meat - Frequent consumer
5907,Meat - Low consumer
10669,Meat - Frequent consumer
2918,Meat - Frequent consumer
5735,Meat - Biggest consumer
359,Meat - Frequent consumer
8387,Meat - Frequent consumer
1829,Meat - Frequent consumer
3839,Meat - Low consumer
9392,Meat - Low consumer
2292,Meat - Low consumer
10466,Meat - Frequent consumer
9855,Meat - Frequent consumer
4088,Meat - Frequent consumer
5231,Meat - Low consumer
590,Meat - Biggest consumer
8732,Meat - Frequent consumer
2315,Meat - Low consumer
3515,Meat - Frequent consumer
2245,Meat - Frequent consumer
6283,Meat - Frequent consumer
2246,Meat - Frequent consumer
6606,Meat - Frequent consumer
5545,Meat - Biggest consumer
7342,Meat - Frequent consumer
837,Meat - Frequent consumer
9500,Meat - Frequent consumer
3602,Meat - Frequent consumer
234,Meat - Low consumer
2995,Meat - Biggest consumer
1118,Meat - Frequent consumer
7789,Meat - Biggest consumer
3068,Meat - Low consumer
8955,Meat - Low consumer
945,Meat - Frequent consumer
5644,Meat - Frequent consumer
7192,Meat - Frequent consumer
2324,Meat - Biggest consumer
697,Meat - Biggest consumer
3439,Meat - Frequent consumer
1506,Meat - Frequent consumer
232,Meat - Frequent consumer
8876,Meat - Low consumer
4500,Meat - Biggest consumer
9739,Meat - Frequent consumer
10395,Meat - Low consumer
1176,Meat - Low consumer
1627,Meat - Frequent consumer
938,Meat - Low consumer
2740,Meat - Low consumer
257,Meat - Frequent consumer
4058,Meat - Frequent consumer
7736,Meat - Low consumer
8210,Meat - Frequent consumer
833,Meat - Low consumer
6230,Meat - Frequent consumer
7325,Meat - Low consumer
1307,Meat - Low consumer
1502,Meat - Frequent consumer
6211,Meat - Low consumer
843,Meat - Biggest consumer
4174,Meat - Frequent consumer
9757,Meat - Biggest consumer
6918,Meat - Low consumer
286,Meat - Frequent consumer
11086,Meat - Low consumer
1921,Meat - Low consumer
4138,Meat - Frequent consumer
7718,Meat - Biggest consumer
1291,Meat - Frequent consumer
6862,Meat - Low consumer
4136,Meat - Frequent consumer
803,Meat - Low consumer
4298,Meat - Low consumer
10833,Meat - Frequent consumer
9606,Meat - Biggest consumer
8534,Meat - Biggest consumer
5153,Meat - Biggest consumer
961,Meat - Biggest consumer
5011,Meat - Frequent consumer
6653,Meat - Frequent consumer
9094,Meat - Frequent consumer
810,Meat - Frequent consumer
5493,Meat - Low consumer
2147,Meat - Biggest consumer
5107,Meat - Low consumer
3979,Meat - Biggest consumer
6049,Meat - Biggest consumer
8147,Meat - Low consumer
1857,Meat - Low consumer
3910,Meat - Biggest consumer
5207,Meat - Frequent consumer
11114,Meat - Low consumer
5429,Meat - Frequent consumer
9400,Meat - Biggest consumer
1740,Meat - Frequent consumer
7488,Meat - Frequent consumer
195,Meat - Frequent consumer
635,Meat - Frequent consumer
7527,Meat - Frequent consumer
10319,Meat - Frequent consumer
2296,Meat - Low consumer
10637,Meat - Frequent consumer
2931,Meat - Frequent consumer
907,Meat - Frequent consumer
3698,Meat - Biggest consumer
9516,Meat - Biggest consumer
679,Meat - Frequent consumer
7384,Meat - Frequent consumer
5043,Meat - Frequent consumer
5267,Meat - Frequent consumer
339,Meat - Frequent consumer
2516,Meat - Low consumer
9010,Meat - Biggest consumer
378,Meat - Frequent consumer
4808,Meat - Low consumer
5068,Meat - Low consumer
7628,Meat - Frequent consumer
7128,Meat - Low consumer
2811,Meat - Low consumer
3551,Meat - Frequent consumer
1663,Meat - Low consumer
5543,Meat - Frequent consumer
1577,Meat - Biggest consumer
10641,Meat - Low consumer
5336,Meat - Low consumer
6024,Meat - Biggest consumer
1878,Meat - Low consumer
3099,Meat - Frequent consumer
6055,Meat - Biggest consumer
5841,Meat - Frequent consumer
3972,Meat - Frequent consumer
4394,Meat - Biggest consumer
5758,Meat - Frequent consumer
6658,Meat - Frequent consumer
4603,Meat - Frequent consumer
8427,Meat - Biggest consumer
10260,Meat - Frequent consumer
7143,Meat - Frequent consumer
8789,Meat - Frequent consumer
6197,Meat - Frequent consumer
4554,Meat - Frequent consumer
4937,Meat - Frequent consumer
1920,Meat - Frequent consumer
8749,Meat - Low consumer
1650,Meat - Biggest consumer
10377,Meat - Frequent consumer
9206,Meat - Frequent consumer
10971,Meat - Frequent consumer
6398,Meat - Low consumer
9212,Meat - Biggest consumer
7937,Meat - Frequent consumer
839,Meat - Frequent consumer
4246,Meat - Frequent consumer
158,Meat - Biggest consumer
4832,Meat - Frequent consumer
5621,Meat - Frequent consumer
1945,Meat - Frequent consumer
5147,Meat - Frequent consumer
2535,Meat - Biggest consumer
11039,Meat - Frequent consumer
9495,Meat - Biggest consumer
9635,Meat - Frequent consumer
2173,Meat - Low consumer
942,Meat - Frequent consumer
9386,Meat - Frequent consumer
5510,Meat - Frequent consumer
873,Meat - Frequent consumer
2253,Meat - Low consumer
5181,Meat - Low consumer
979,Meat - Frequent consumer
10390,Meat - Low consumer
4698,Meat - Frequent consumer
7793,Meat - Frequent consumer
1745,Meat - Biggest consumer
10590,Meat - Biggest consumer
5080,Meat - Biggest consumer
8369,Meat - Low consumer
5232,Meat - Frequent consumer
2407,Meat - Biggest consumer
3834,Meat - Frequent consumer
7912,Meat - Frequent consumer
7712,Meat - Biggest consumer
1065,Meat - Biggest consumer
7275,Meat - Frequent consumer
1343,Meat - Frequent consumer
1384,Meat - Low consumer
9967,Meat - Frequent consumer
6181,Meat - Biggest consumer
10507,Meat - Frequent consumer
2674,Meat - Frequent consumer
2698,Meat - Frequent consumer
3231,Meat - Low consumer
4096,Meat - Frequent consumer
10476,Meat - Frequent consumer
5948,Meat - Frequent consumer
9140,Meat - Frequent consumer
10258,Meat - Low consumer
5675,Meat - Frequent consumer
4743,Meat - Frequent consumer
8805,Meat - Frequent consumer
1542,Meat - Frequent consumer
6770,Meat - Low consumer
8773,Meat - Frequent consumer
10420,Meat - Frequent consumer
7514,Meat - Frequent consumer
793,Meat - Frequent consumer
10909,Meat - Biggest consumer
8702,Meat - Low consumer
4791,Meat - Frequent consumer
2963,Meat - Biggest consumer
8216,Meat - Frequent consumer
8140,Meat - Frequent consumer
10146,Meat - Low consumer
5289,Meat - Low consumer
2587,Meat - Low consumer
4405,Meat - Frequent consumer
8663,Meat - Low consumer
2589,Meat - Low consumer
3421,Meat - Frequent consumer
10490,Meat - Frequent consumer
4094,Meat - Frequent consumer
9958,Meat - Frequent consumer
2534,Meat - Frequent consumer
4188,Meat - Frequent consumer
6613,Meat - Frequent consumer
10827,Meat - Frequent consumer
5491,Meat - Frequent consumer
8402,Meat - Frequent consumer
8783,Meat - Frequent consumer
10010,Meat - Low consumer
618,Meat - Biggest consumer
9121,Meat - Biggest consumer
361,Meat - Low consumer
4310,Meat - Biggest consumer
2678,Meat - Frequent consumer
6376,Meat - Frequent consumer
524,Meat - Low consumer
10341,Meat - Frequent consumer
5654,Meat - Low consumer
4098,Meat - Low consumer
5824,Meat - Low consumer
7000,Meat - Frequent consumer
2561,Meat - Biggest consumer
5229,Meat - Low consumer
4086,Meat - Low consumer
2428,Meat - Frequent consumer
8254,Meat - Low consumer
2836,Meat - Low consumer
8418,Meat - Frequent consumer
1362,Meat - Frequent consumer
7152,Meat - Low consumer
10033,Meat - Low consumer
9349,Meat - Frequent consumer
274,Meat - Low consumer
3388,Meat - Frequent consumer
922,Meat - Low consumer
8588,Meat - Frequent consumer
2518,Meat - Low consumer
574,Meat - Low consumer
3220,Meat - Frequent consumer
5967,Meat - Frequent consumer
1183,Meat - Low consumer
6856,Meat - Frequent consumer
4530,Meat - Biggest consumer
1553,Meat - Biggest consumer
4682,Meat - Frequent consumer
8204,Meat - Biggest consumer
5221,Meat - Frequent consumer
1232,Meat - Biggest consumer
1927,Meat - Frequent consumer
5788,Meat - Frequent consumer
6652,Meat - Biggest consumer
6246,Meat - Biggest consumer
5975,Meat - Frequent consumer
6875,Meat - Frequent consumer
4399,Meat - Biggest consumer
4042,Meat - Frequent consumer
2157,Meat - Low consumer
10133,Meat - Biggest consumer
2525,Meat - Frequent consumer
8233,Meat - Frequent consumer
9483,Meat - Frequent consumer
2945,Meat - Low consumer
10403,Meat - Low consumer
5074,Meat - Low consumer
10524,Meat - Frequent consumer
4690,Meat - Frequent consumer
7521,Meat - Biggest consumer
7196,Meat - Low consumer
4406,Meat - Biggest consumer
9672,Meat - Low consumer
4864,Meat - Frequent consumer
4706,Meat - Low consumer
4070,Meat - Biggest consumer
25,Meat - Biggest consumer
3697,Meat - Frequent consumer
217,Meat - Biggest consumer
4220,Meat - Low consumer
5286,Meat - Frequent consumer
9559,Meat - Frequent consumer
2849,Meat - Biggest consumer
7787,Meat - Frequent consumer
3102,Meat - Low consumer
5868,Meat - Low consumer
8370,Meat - Biggest consumer
9988,Meat - Frequent consumer
2939,Meat - Biggest consumer
5529,Meat - Frequent consumer
9743,Meat - Frequent consumer
5763,Meat - Frequent consumer
3478,Meat - Biggest consumer
7494,Meat - Frequent consumer
1763,Meat - Biggest consumer
7250,Meat - Frequent consumer
2005,Meat - Frequent consumer
10770,Meat - Biggest consumer
6885,Meat - Low consumer
2072,Meat - Frequent consumer
9463,Meat - Biggest consumer
6318,Meat - Biggest consumer
4093,Meat - Frequent consumer
5751,Meat - Low consumer
3340,Meat - Frequent consumer
3594,Meat - Frequent consumer
3584,Meat - Frequent consumer
3643,Meat - Frequent consumer
851,Meat - Frequent consumer
7706,Meat - Frequent consumer
3967,Meat - Frequent consumer
10128,Meat - Frequent consumer
486,Meat - Biggest consumer
9,Meat - Frequent consumer
9451,Meat - Biggest consumer
9264,Meat - Biggest consumer
3865,Meat - Low consumer
2853,Meat - Frequent consumer
1490,Meat - Frequent consumer
6310,Meat - Low consumer
10380,Meat - Frequent consumer
3887,Meat - Frequent consumer
4278,Meat - Biggest consumer
8643,Meat - Biggest consumer
1998,Meat - Frequent consumer
10795,Meat - Frequent consumer
11110,Meat - Low consumer
2408,Meat - Frequent consumer
202,Meat - Biggest consumer
7998,Meat - Frequent consumer
830,Meat - Biggest consumer
3536,Meat - Low consumer
6050,Meat - Frequent consumer
125,Meat - Frequent consumer
3463,Meat - Frequent consumer
2804,Meat - Frequent consumer
3745,Meat - Low consumer
9771,Meat - Frequent consumer
451,Meat - Low consumer
10530,Meat - Biggest consumer
1079,Meat - Frequent consumer
8920,Meat - Biggest consumer
6678,Meat - Frequent consumer
3852,Meat - Biggest consumer
528,Meat - Biggest consumer
73,Meat - Low consumer
5589,Meat - Frequent consumer
10212,Meat - Low consumer
6365,Meat - Low consumer
5636,Meat - Frequent consumer
591,Meat - Frequent consumer
2217,Meat - Low consumer
2544,Meat - Frequent consumer
7725,Meat - Biggest consumer
8091,Meat - Biggest consumer
7321,Meat - Biggest consumer
5462,Meat - Frequent consumer
7791,Meat - Low consumer
955,Meat - Frequent consumer
4037,Meat - Low consumer
6642,Meat - Frequent consumer
2793,Meat - Frequent consumer
5424,Meat - Frequent consumer
879,Meat - Frequent consumer
9530,Meat - Low consumer
4828,Meat - Biggest consumer
10699,Meat - Frequent consumer
1497,Meat - Frequent consumer
7476,Meat - Biggest consumer
4390,Meat - Frequent consumer
10478,Meat - Frequent consumer
1081,Meat - Frequent consumer
4261,Meat - Frequent consumer
9916,Meat - Low consumer
5350,Meat - Biggest consumer
8135,Meat - Frequent consumer
8685,Meat - Frequent consumer
4967,Meat - Frequent consumer
2130,Meat - Frequent consumer
9298,Meat - Biggest consumer
8175,Meat - Frequent consumer
6257,Meat - Frequent consumer
3790,Meat - Low consumer
9952,Meat - Biggest consumer
3503,Meat - Biggest consumer
5223,Meat - Low consumer
4608,Meat - Biggest consumer
1626,Meat - Low consumer
4764,Meat - Frequent consumer
2471,Meat - Frequent consumer
5892,Meat - Frequent consumer
2612,Meat - Biggest consumer
4971,Meat - Frequent consumer
5185,Meat - Biggest consumer
10069,Meat - Low consumer
2262,Meat - Frequent consumer
1131,Meat - Low consumer
1041,Meat - Frequent consumer
24,Meat - Frequent consumer
3409,Meat - Frequent consumer
7022,Meat - Biggest consumer
7943,Meat - Low consumer
5272,Meat - Frequent consumer
5453,Meat - Biggest consumer
2565,Meat - Frequent consumer
800,Meat - Low consumer
11092,Meat - Frequent consumer
5062,Meat - Low consumer
8969,Meat - Biggest consumer
4656,Meat - Frequent consumer
4480,Meat - Low consumer
9971,Meat - Frequent consumer
6729,Meat - Biggest consumer
1773,Meat - Low consumer
9242,Meat - Biggest consumer
1764,Meat - Frequent consumer
6215,Meat - Low consumer
10099,Meat - Frequent consumer
5423,Meat - Low consumer
940,Meat - Frequent consumer
3011,Meat - Frequent consumer
3298,Meat - Frequent consumer
8286,Meat - Frequent consumer
9668,Meat - Frequent consumer
5120,Meat - Biggest consumer
6097,Meat - Frequent consumer
7019,Meat - Low consumer
7408,Meat - Low consumer
8041,Meat - Frequent consumer
252,Meat - Frequent consumer
9986,Meat - Frequent consumer
3276,Meat - Frequent consumer
3859,Meat - Biggest consumer
3570,Meat - Frequent consumer
3783,Meat - Low consumer
10207,Meat - Low consumer
10906,Meat - Frequent consumer
3427,Meat - Frequent consumer
5209,Meat - Frequent consumer
10711,Meat - Biggest consumer
10785,Meat - Low consumer
2814,Meat - Low consumer
6866,Meat - Low consumer
1665,Meat - Frequent consumer
6575,Meat - Frequent consumer
3829,Meat - Low consumer
3091,Meat - Frequent consumer
10141,Meat - Low consumer
5177,Meat - Frequent consumer
7005,Meat - Frequent consumer
6409,Meat - Biggest consumer
7485,Meat - Frequent consumer
8079,Meat - Low consumer
8395,Meat - Biggest consumer
10352,Meat - Frequent consumer
4931,Meat - Biggest consumer
13,Meat - Low consumer
1834,Meat - Frequent consumer
2285,Meat - Frequent consumer
2295,Meat - Frequent consumer
1378,Meat - Frequent consumer
2781,Meat - Biggest consumer
1165,Meat - Frequent consumer
1404,Meat - Frequent consumer
6457,Meat - Frequent consumer
2639,Meat - Low consumer
8299,Meat - Low consumer
6437,Meat - Frequent consumer
6912,Meat - Frequent consumer
7327,Meat - Low consumer
5299,Meat - Frequent consumer
4127,Meat - Biggest consumer
8143,Meat - Frequent consumer
1964,Meat - Biggest consumer
3690,Meat - Biggest consumer
3433,Meat - Biggest consumer
3389,Meat - Biggest consumer
4712,Meat - Frequent consumer
1170,Meat - Frequent consumer
6347,Meat - Low consumer
4065,Meat - Frequent consumer
8230,Meat - Frequent consumer
1215,Meat - Biggest consumer
5939,Meat - Frequent consumer
2156,Meat - Low consumer
7788,Meat - Low consumer
10323,Meat - Frequent consumer
7947,Meat - Low consumer
1891,Meat - Biggest consumer
2570,Meat - Frequent consumer
9256,Meat - Frequent consumer
295,Meat - Biggest consumer
7397,Meat - Frequent consumer
6349,Meat - Biggest consumer
10790,Meat - Low consumer
10398,Meat - Low consumer
2431,Meat - Frequent consumer
550,Meat - Frequent consumer
1890,Meat - Low consumer
10742,Meat - Frequent consumer
10356,Meat - Low consumer
4676,Meat - Biggest consumer
8852,Meat - Biggest consumer
3565,Meat - Low consumer
5294,Meat - Frequent consumer
1958,Meat - Frequent consumer
7349,Meat - Low consumer
8799,Meat - Frequent consumer
1351,Meat - Frequent consumer
1045,Meat - Frequent consumer
7732,Meat - Frequent consumer
8070,Meat - Frequent consumer
477,Meat - Biggest consumer
7832,Meat - Biggest consumer
2202,Meat - Low consumer
7396,Meat - Biggest consumer
4055,Meat - Low consumer
10340,Meat - Frequent consumer
10091,Meat - Biggest consumer
7629,Meat - Low consumer
10640,Meat - Frequent consumer
3498,Meat - Frequent consumer
6742,Meat - Low consumer
1172,Meat - Biggest consumer
569,Meat - Biggest consumer
4686,Meat - Biggest consumer
1381,Meat - Frequent consumer
2634,Meat - Frequent consumer
10905,Meat - Frequent consumer
1744,Meat - Low consumer
1000,Meat - Biggest consumer
3828,Meat - Frequent consumer
8605,Meat - Low consumer
10304,Meat - Low consumer
4351,Meat - Low consumer
10129,Meat - Biggest consumer
2499,Meat - Frequent consumer
10092,Meat - Biggest consumer
7500,Meat - Frequent consumer
5796,Meat - Biggest consumer
10556,Meat - Frequent consumer
1064,Meat - Low consumer
48,Meat - Low consumer
7610,Meat - Frequent consumer
263,Meat - Frequent consumer
10814,Meat - Biggest consumer
9710,Meat - Frequent consumer
9292,Meat - Biggest consumer
10250,Meat - Low consumer
7881,Meat - Frequent consumer
5847,Meat - Frequent consumer
737,Meat - Biggest consumer
3571,Meat - Frequent consumer
7807,Meat - Frequent consumer
3878,Meat - Low consumer
5092,Meat - Frequent consumer
2154,Meat - Low consumer
5394,Meat - Low consumer
3798,Meat - Frequent consumer
3524,Meat - Frequent consumer
5247,Meat - Low consumer
5883,Meat - Frequent consumer
2118,Meat - Frequent consumer
8812,Meat - Low consumer
6616,Meat - Frequent consumer
2797,Meat - Frequent consumer
4328,Meat - Low consumer
9167,Meat - Biggest consumer
10560,Meat - Low consumer
2631,Meat - Biggest consumer
8312,Meat - Low consumer
5534,Meat - Frequent consumer
5093,Meat - Frequent consumer
7592,Meat - Frequent consumer
8895,Meat - Biggest consumer
8584,Meat - Biggest consumer
2694,Meat - Low consumer
8910,Meat - Frequent consumer
7433,Meat - Frequent consumer
164,Meat - Frequent consumer
10477,Meat - Frequent consumer
2681,Meat - Frequent consumer
5150,Meat - Low consumer
5283,Meat - Frequent consumer
9645,Meat - Frequent consumer
10678,Meat - Frequent consumer
7261,Meat - Frequent consumer
9648,Meat - Frequent consumer
2870,Meat - Frequent consumer
8008,Meat - Frequent consumer
1513,Meat - Frequent consumer
6173,Meat - Biggest consumer
1419,Meat - Low consumer
9150,Meat - Low consumer
7960,Meat - Biggest consumer
1250,Meat - Frequent consumer
9905,Meat - Frequent consumer
10691,Meat - Low consumer
7002,Meat - Frequent consumer
2952,Meat - Frequent consumer
8439,Meat - Frequent consumer
762,Meat - Frequent consumer
2831,Meat - Biggest consumer
6977,Meat - Biggest consumer
6289,Meat - Low consumer
4168,Meat - Frequent consumer
8397,Meat - Low consumer
9284,Meat - Frequent consumer
6237,Meat - Frequent consumer
3130,Meat - Low consumer
1619,Meat - Biggest consumer
1990,Meat - Biggest consumer
5513,Meat - Low consumer
269,Meat - Frequent consumer
8093,Meat - Frequent consumer
10513,Meat - Biggest consumer
10177,Meat - Biggest consumer
2549,Meat - Low consumer
5782,Meat - Frequent consumer
10057,Meat - Biggest consumer
10307,Meat - Frequent consumer
8566,Meat - Low consumer
2415,Meat - Biggest consumer
5684,Meat - Low consumer
8334,Meat - Frequent consumer
9166,Meat - Frequent consumer
1440,Meat - Biggest consumer
78,Meat - Low consumer
5441,Meat - Frequent consumer
5302,Meat - Biggest consumer
4687,Meat - Biggest consumer
1087,Meat - Frequent consumer
6859,Meat - Frequent consumer
9860,Meat - Frequent consumer
7129,Meat - Frequent consumer
5866,Meat - Frequent consumer
10521,Meat - Frequent consumer
7393,Meat - Frequent consumer
7849,Meat - Biggest consumer
332,Meat - Frequent consumer
9847,Meat - Frequent consumer
531,Meat - Biggest consumer
9576,Meat - Frequent consumer
6906,Meat - Biggest consumer
7419,Meat - Frequent consumer
3170,Meat - Biggest consumer
8527,Meat - Frequent consumer
7872,Meat - Biggest consumer
9931,Meat - Low consumer
10595,Meat - Frequent consumer
4609,Meat - Frequent consumer
5010,Meat - Low consumer
4427,Meat - Biggest consumer
11148,Meat - Low consumer
1168,Meat - Biggest consumer
9595,Meat - Biggest consumer
10163,Meat - Biggest consumer
2886,Meat - Frequent consumer
6710,Meat - Low consumer
5316,Meat - Frequent consumer
9029,Meat - Biggest consumer
521,Meat - Frequent consumer
1459,Meat - Frequent consumer
10241,Non consumer
1630,Meat - Frequent consumer
3254,Meat - Biggest consumer
9064,Meat - Biggest consumer
3678,Meat - Frequent consumer
4227,Meat - Low consumer
9467,Meat - Low consumer
8486,Meat - Frequent consumer
2186,Meat - Biggest consumer
3286,Meat - Low consumer
8602,Meat - Frequent consumer
3722,Meat - Low consumer
6715,Meat - Frequent consumer
4796,Meat - Low consumer
9612,Meat - Low consumer
3766,Meat - Biggest consumer
1399,Meat - Biggest consumer
1570,Meat - Biggest consumer
3426,Meat - Biggest consumer
3074,Meat - Biggest consumer
8341,Meat - Low consumer
5180,Meat - Low consumer
6461,Meat - Frequent consumer
7679,Meat - Low consumer
10702,Meat - Frequent consumer
7505,Meat - Low consumer
5113,Meat - Biggest consumer
10858,Meat - Frequent consumer
2961,Meat - Frequent consumer
2747,Meat - Biggest consumer
3010,Meat - Biggest consumer
5790,Meat - Low consumer
6892,Meat - Frequent consumer
1743,Meat - Frequent consumer
3578,Meat - Frequent consumer
8462,Meat - Low consumer
5558,Meat - Biggest consumer
4619,Meat - Low consumer
8780,Meat - Frequent consumer
10789,Meat - Frequent consumer
10779,Meat - Low consumer
5896,Meat - Frequent consumer
2337,Meat - Frequent consumer
10951,Meat - Frequent consumer
544,Meat - Biggest consumer
17,Meat - Biggest consumer
10680,Meat - Low consumer
3265,Meat - Low consumer
5623,Meat - Low consumer
5832,Meat - Biggest consumer
5544,Meat - Frequent consumer
6417,Meat - Biggest consumer
5831,Meat - Biggest consumer
7101,Meat - Frequent consumer
10176,Meat - Frequent consumer
2326,Meat - Low consumer
4385,Meat - Low consumer
2929,Meat - Frequent consumer
10686,Meat - Low consumer
2546,Meat - Low consumer
3283,Meat - Frequent consumer
3138,Meat - Frequent consumer
4994,Meat - Biggest consumer
7966,Meat - Biggest consumer
3112,Meat - Low consumer
10872,Meat - Frequent consumer
2181,Meat - Biggest consumer
1867,Meat - Biggest consumer
1518,Meat - Frequent consumer
5734,Meat - Frequent consumer
2878,Meat - Frequent consumer
1458,Meat - Frequent consumer
7007,Meat - Frequent consumer
6200,Meat - Frequent consumer
1403,Meat - Low consumer
4827,Meat - Frequent consumer
6250,Meat - Frequent consumer
9291,Meat - Low consumer
2478,Meat - Low consumer
1139,Meat - Biggest consumer
5138,Meat - Low consumer
5393,Meat - Low consumer
10413,Meat - Frequent consumer
5015,Meat - Frequent consumer
10868,Meat - Biggest consumer
10676,Meat - Biggest consumer
2495,Meat - Biggest consumer
7842,Meat - Frequent consumer
9955,Meat - Frequent consumer
6663,Meat - Low consumer
2162,Meat - Frequent consumer
3434,Meat - Biggest consumer
7919,Meat - Biggest consumer
5626,Meat - Frequent consumer
6428,Meat - Biggest consumer
8514,Meat - Low consumer
10448,Meat - Frequent consumer
2109,Meat - Biggest consumer
7530,Meat - Frequent consumer
8925,Meat - Frequent consumer
3009,Meat - Frequent consumer
6355,Meat - Low consumer
3517,Meat - Frequent consumer
1158,Meat - Low consumer
6203,Meat - Biggest consumer
7165,Meat - Frequent consumer
3595,Meat - Biggest consumer
8537,Meat - Biggest consumer
4331,Meat - Biggest consumer
6281,Meat - Frequent consumer
4338,Meat - Low consumer
2452,Meat - Frequent consumer
9507,Meat - Frequent consumer
8360,Meat - Frequent consumer
10311,Meat - Low consumer
5117,Meat - Frequent consumer
4867,Meat - Frequent consumer
9289,Meat - Frequent consumer
10913,Meat - Low consumer
3032,Meat - Frequent consumer
8524,Meat - Frequent consumer
3334,Meat - Biggest consumer
4470,Meat - Frequent consumer
1406,Meat - Frequent consumer
8619,Meat - Low consumer
10821,Meat - Frequent consumer
4552,Meat - Frequent consumer
898,Meat - Frequent consumer
9797,Meat - Frequent consumer
10949,Meat - Biggest consumer
8212,Meat - Frequent consumer
6248,Meat - Biggest consumer
10164,Meat - Biggest consumer
4547,Meat - Low consumer
6815,Meat - Frequent consumer
4122,Meat - Frequent consumer
10841,Meat - Frequent consumer
5370,Meat - Frequent consumer
176,Meat - Frequent consumer
4860,Meat - Low consumer
10757,Meat - Low consumer
4023,Meat - Frequent consumer
6679,Meat - Low consumer
9923,Meat - Low consumer
7181,Meat - Low consumer
3599,Meat - Biggest consumer
405,Meat - Frequent consumer
6870,Meat - Frequent consumer
832,Meat - Frequent consumer
2002,Meat - Biggest consumer
3657,Meat - Frequent consumer
500,Meat - Biggest consumer
1951,Meat - Frequent consumer
3262,Meat - Biggest consumer
4102,Meat - Low consumer
7042,Meat - Low consumer
10598,Meat - Low consumer
255,Meat - Low consumer
2375,Meat - Low consumer
9829,Meat - Frequent consumer
6214,Meat - Frequent consumer
4954,Meat - Frequent consumer
7861,Meat - Biggest consumer
4837,Meat - Frequent consumer
9423,Meat - Frequent consumer
4198,Meat - Low consumer
153,Meat - Low consumer
9323,Meat - Frequent consumer
10001,Meat - Frequent consumer
3945,Meat - Frequent consumer
3799,Meat - Biggest consumer
8625,Meat - Frequent consumer
3491,Meat - Biggest consumer
983,Meat - Frequent consumer
9119,Meat - Frequent consumer
4786,Meat - Biggest consumer
5872,Meat - Frequent consumer
6568,Meat - Frequent consumer
5628,Meat - Biggest consumer
5631,Meat - Frequent consumer
4974,Meat - Biggest consumer
8416,Meat - Low consumer
5454,Meat - Low consumer
4095,Meat - Frequent consumer
5474,Meat - Frequent consumer
4268,Meat - Frequent consumer
10701,Meat - Biggest consumer
3507,Meat - Biggest consumer
2079,Meat - Biggest consumer
626,Meat - Low consumer
4426,Meat - Frequent consumer
2591,Meat - Frequent consumer
10509,Meat - Low consumer
6382,Meat - Low consumer
6673,Meat - Frequent consumer
7441,Meat - Biggest consumer
1071,Meat - Frequent consumer
10061,Meat - Frequent consumer
8775,Meat - Frequent consumer
2345,Meat - Biggest consumer
322,Meat - Low consumer
10897,Meat - Frequent consumer
123,Meat - Frequent consumer
6103,Meat - Low consumer
7899,Meat - Biggest consumer
10500,Meat - Frequent consumer
1655,Meat - Low consumer
2406,Meat - Frequent consumer
2712,Meat - Frequent consumer
5517,Meat - Low consumer
10643,Meat - Biggest consumer
2254,Meat - Biggest consumer
10281,Meat - Biggest consumer
6958,Meat - Low consumer
954,Meat - Frequent consumer
4643,Meat - Frequent consumer
6497,Meat - Frequent consumer
5396,Meat - Biggest consumer
1052,Meat - Frequent consumer
2802,Meat - Biggest consumer
6343,Meat - Biggest consumer
6507,Meat - Low consumer
7901,Meat - Low consumer
4865,Meat - Frequent consumer
2686,Meat - Low consumer
3107,Meat - Frequent consumer
7734,Meat - Frequent consumer
1146,Meat - Frequent consumer
11031,Meat - Low consumer
7428,Meat - Biggest consumer
975,Meat - Frequent consumer
1103,Meat - Biggest consumer
3422,Meat - Frequent consumer
1055,Meat - Low consumer
6544,Meat - Biggest consumer
1241,Meat - Low consumer
2909,Meat - Frequent consumer
5802,Meat - Low consumer
1407,Meat - Low consumer
6183,Meat - Frequent consumer
340,Meat - Frequent consumer
5991,Meat - Frequent consumer
3104,Meat - Biggest consumer
9729,Meat - Biggest consumer
1008,Meat - Frequent consumer
11091,Meat - Low consumer
3969,Meat - Frequent consumer
1916,Meat - Frequent consumer
9907,Meat - Frequent consumer
87,Meat - Low consumer
8659,Meat - Frequent consumer
6262,Meat - Biggest consumer
6147,Meat - Low consumer
8832,Meat - Frequent consumer
10067,Meat - Low consumer
7532,Meat - Low consumer
4915,Meat - Frequent consumer
2115,Meat - Low consumer
2088,Meat - Biggest consumer
2493,Meat - Frequent consumer
6292,Meat - Biggest consumer
1631,Meat - Biggest consumer
10104,Meat - Low consumer
3006,Meat - Low consumer
3919,Meat - Biggest consumer
11181,Meat - Low consumer
642,Meat - Low consumer
4369,Meat - Biggest consumer
10127,Meat - Frequent consumer
271,Meat - Frequent consumer
4973,Meat - Low consumer
2948,Meat - Frequent consumer
2715,Meat - Frequent consumer
10432,Meat - Low consumer
9216,Meat - Low consumer
7124,Meat - Low consumer
9727,Meat - Low consumer
5136,Meat - Frequent consumer
9790,Meat - Frequent consumer
1818,Meat - Low consumer
1100,Meat - Frequent consumer
7873,Meat - Frequent consumer
10609,Meat - Low consumer
6950,Meat - Low consumer
7233,Meat - Biggest consumer
9481,Meat - Low consumer
7699,Meat - Frequent consumer
2711,Meat - Low consumer
8933,Meat - Frequent consumer
8726,Meat - Frequent consumer
1515,Meat - Low consumer
5186,Meat - Frequent consumer
10157,Meat - Frequent consumer
5667,Meat - Biggest consumer
902,Meat - Frequent consumer
977,Meat - Frequent consumer
7313,Meat - Biggest consumer
7600,Meat - Low consumer
9706,Meat - Frequent consumer
2429,Meat - Biggest consumer
3520,Meat - Biggest consumer
10394,Meat - Frequent consumer
4548,Meat - Low consumer
9362,Meat - Frequent consumer
3968,Meat - Frequent consumer
4084,Meat - Frequent consumer
6721,Meat - Biggest consumer
2829,Meat - Frequent consumer
1772,Meat - Biggest consumer
1544,Meat - Biggest consumer
492,Meat - Frequent consumer
4377,Meat - Frequent consumer
4541,Meat - Frequent consumer
1321,Meat - Frequent consumer
8858,Meat - Frequent consumer
3266,Meat - Low consumer
11187,Meat - Low consumer
8207,Meat - Low consumer
9723,Meat - Frequent consumer
2666,Meat - Frequent consumer
5721,Meat - Biggest consumer
10652,Meat - Biggest consumer
1646,Meat - Low consumer
4418,Meat - Biggest consumer
2656,Meat - Low consumer
7990,Meat - Low consumer
8722,Meat - Biggest consumer
7118,Meat - Biggest consumer
2980,Meat - Low consumer
1839,Meat - Frequent consumer
10722,Meat - Frequent consumer
2632,Meat - Frequent consumer
9014,Meat - Low consumer
7620,Meat - Low consumer
10968,Meat - Biggest consumer
11133,Meat - Frequent consumer
2736,Meat - Frequent consumer
1876,Meat - Low consumer
5959,Meat - Frequent consumer
1092,Meat - Biggest consumer
4333,Meat - Low consumer
3850,Meat - Low consumer
6168,Meat - Low consumer
607,Meat - Frequent consumer
10469,Meat - Biggest consumer
6983,Meat - Frequent consumer
3661,Meat - Biggest consumer
9303,Meat - Low consumer
692,Meat - Low consumer
736,Meat - Frequent consumer
9589,Meat - Biggest consumer
4838,Meat - Low consumer
9246,Meat - Frequent consumer
6261,Meat - Frequent consumer
7366,Meat - Biggest consumer
10659,Meat - Low consumer
1448,Meat - Low consumer
4286,Meat - Frequent consumer
4749,Meat - Frequent consumer
4478,Meat - Frequent consumer
4201,Meat - Frequent consumer
10084,Meat - Low consumer
7004,Meat - Frequent consumer
9817,Meat - Frequent consumer
8080,Meat - Low consumer
8372,Meat - Low consumer
10870,Meat - Frequent consumer
4001,Meat - Frequent consumer
7270,Meat - Frequent consumer
8235,Meat - Frequent consumer
9405,Meat - Frequent consumer
