account_id,sweets-segment
5524,Sweets - Biggest consumer
2174,Sweets - Low consumer
4141,Sweets - Frequent consumer
6182,Sweets - Low consumer
5324,Sweets - Frequent consumer
7446,Sweets - Frequent consumer
965,Sweets - Biggest consumer
6177,Sweets - Low consumer
4855,Sweets - Low consumer
5899,Sweets - Low consumer
387,Sweets - Low consumer
2125,Sweets - Biggest consumer
8180,Sweets - Frequent consumer
2569,Sweets - Low consumer
2114,Sweets - Biggest consumer
9736,Sweets - Frequent consumer
4939,Sweets - Frequent consumer
6565,Sweets - Frequent consumer
2278,Sweets - Frequent consumer
9360,Sweets - Frequent consumer
5376,Sweets - Low consumer
1993,Non consumer
4047,Sweets - Frequent consumer
1409,Sweets - Frequent consumer
7892,Sweets - Frequent consumer
2404,Sweets - Frequent consumer
9422,Sweets - Frequent consumer
1966,Sweets - Biggest consumer
6864,Sweets - Low consumer
3033,Sweets - Frequent consumer
5710,Non consumer
7373,Sweets - Frequent consumer
8755,Sweets - Biggest consumer
10738,Sweets - Low consumer
4339,Sweets - Frequent consumer
10755,Sweets - Frequent consumer
8595,Non consumer
2968,Sweets - Biggest consumer
8601,Sweets - Biggest consumer
503,Non consumer
8430,Sweets - Low consumer
2139,Sweets - Low consumer
1371,Sweets - Frequent consumer
9909,Sweets - Frequent consumer
7286,Sweets - Frequent consumer
6566,Sweets - Frequent consumer
8614,Sweets - Biggest consumer
4114,Sweets - Biggest consumer
1331,Sweets - Low consumer
2225,Sweets - Frequent consumer
9381,Sweets - Frequent consumer
6260,Sweets - Biggest consumer
10383,Sweets - Biggest consumer
7437,Sweets - Low consumer
8375,Non consumer
6853,Sweets - Frequent consumer
3076,Sweets - Frequent consumer
1012,Sweets - Frequent consumer
6518,Sweets - Frequent consumer
4137,Sweets - Biggest consumer
8082,Sweets - Frequent consumer
1386,Non consumer
9369,Sweets - Frequent consumer
4477,Sweets - Biggest consumer
1357,Sweets - Frequent consumer
1402,Sweets - Biggest consumer
6312,Sweets - Frequent consumer
8132,Sweets - Frequent consumer
1050,Sweets - Frequent consumer
5846,Sweets - Low consumer
1859,Sweets - Frequent consumer
7503,Sweets - Biggest consumer
10401,Sweets - Low consumer
1618,Non consumer
3332,Sweets - Frequent consumer
2261,Non consumer
5346,Non consumer
4119,Sweets - Frequent consumer
535,Sweets - Biggest consumer
5268,Sweets - Low consumer
273,Non consumer
4452,Sweets - Low consumer
8504,Sweets - Biggest consumer
771,Non consumer
11178,Sweets - Low consumer
2230,Non consumer
7516,Sweets - Frequent consumer
7247,Non consumer
11100,Sweets - Low consumer
4646,Non consumer
3037,Sweets - Biggest consumer
1473,Sweets - Low consumer
1016,Non consumer
4518,Sweets - Biggest consumer
9370,Sweets - Frequent consumer
8908,Sweets - Frequent consumer
8373,Non consumer
7533,Sweets - Low consumer
2683,Sweets - Biggest consumer
3629,Sweets - Low consumer
10991,Sweets - Frequent consumer
5077,Sweets - Frequent consumer
7431,Sweets - Biggest consumer
3267,Non consumer
999,Sweets - Frequent consumer
9215,Non consumer
2286,Sweets - Low consumer
1592,Sweets - Biggest consumer
367,Sweets - Biggest consumer
5234,Sweets - Frequent consumer
9862,Sweets - Frequent consumer
9805,Sweets - Biggest consumer
6205,Sweets - Low consumer
8442,Sweets - Low consumer
7386,Sweets - Low consumer
7215,Sweets - Biggest consumer
1491,Sweets - Frequent consumer
11071,Non consumer
3381,Non consumer
11051,Sweets - Frequent consumer
8026,Sweets - Biggest consumer
433,Sweets - Frequent consumer
9597,Sweets - Frequent consumer
5290,Non consumer
1685,Sweets - Frequent consumer
5342,Sweets - Frequent consumer
9579,Non consumer
7660,Sweets - Low consumer
1461,Sweets - Low consumer
821,Sweets - Biggest consumer
11084,Sweets - Frequent consumer
8690,Sweets - Frequent consumer
2937,Sweets - Frequent consumer
9701,Sweets - Frequent consumer
9949,Sweets - Frequent consumer
10837,Sweets - Frequent consumer
3120,Sweets - Low consumer
5885,Sweets - Low consumer
4050,Sweets - Frequent consumer
3830,Sweets - Frequent consumer
7987,Sweets - Frequent consumer
7798,Sweets - Frequent consumer
92,Sweets - Frequent consumer
7055,Non consumer
10240,Sweets - Frequent consumer
3025,Sweets - Frequent consumer
9283,Non consumer
9970,Sweets - Frequent consumer
2730,Sweets - Biggest consumer
2795,Non consumer
9260,Sweets - Frequent consumer
8182,Sweets - Low consumer
10095,Sweets - Frequent consumer
8475,Sweets - Low consumer
4370,Sweets - Low consumer
10573,Sweets - Frequent consumer
3712,Non consumer
6637,Sweets - Biggest consumer
3152,Sweets - Frequent consumer
5610,Sweets - Low consumer
6460,Sweets - Frequent consumer
1349,Sweets - Low consumer
1880,Non consumer
641,Non consumer
8717,Sweets - Biggest consumer
10314,Sweets - Biggest consumer
10854,Non consumer
10492,Non consumer
6935,Non consumer
7698,Sweets - Frequent consumer
3559,Sweets - Frequent consumer
10562,Sweets - Frequent consumer
10796,Non consumer
2563,Sweets - Frequent consumer
3518,Sweets - Low consumer
5823,Non consumer
3934,Sweets - Frequent consumer
6982,Sweets - Biggest consumer
6431,Non consumer
9733,Non consumer
5602,Sweets - Biggest consumer
7829,Sweets - Low consumer
1324,Sweets - Frequent consumer
326,Sweets - Frequent consumer
7224,Sweets - Low consumer
6999,Sweets - Frequent consumer
9938,Sweets - Biggest consumer
6422,Sweets - Frequent consumer
3182,Sweets - Low consumer
7300,Sweets - Low consumer
10424,Sweets - Frequent consumer
8727,Sweets - Biggest consumer
2798,Sweets - Biggest consumer
1030,Non consumer
624,Sweets - Low consumer
5176,Sweets - Frequent consumer
5552,Sweets - Frequent consumer
868,Non consumer
380,Sweets - Frequent consumer
2677,Sweets - Low consumer
6521,Sweets - Biggest consumer
6927,Non consumer
2877,Sweets - Frequent consumer
0,Sweets - Biggest consumer
1584,Sweets - Frequent consumer
7264,Non consumer
6274,Sweets - Biggest consumer
1377,Non consumer
454,Sweets - Frequent consumer
1755,Sweets - Low consumer
2075,Sweets - Frequent consumer
4785,Non consumer
9076,Sweets - Low consumer
7079,Sweets - Frequent consumer
4653,Sweets - Low consumer
7375,Sweets - Frequent consumer
709,Non consumer
460,Sweets - Biggest consumer
3726,Non consumer
6798,Sweets - Frequent consumer
5341,Sweets - Biggest consumer
1606,Sweets - Low consumer
9617,Non consumer
3233,Sweets - Frequent consumer
89,Sweets - Frequent consumer
2936,Non consumer
9449,Sweets - Frequent consumer
7297,Sweets - Frequent consumer
11004,Non consumer
313,Sweets - Biggest consumer
9940,Sweets - Biggest consumer
10735,Sweets - Low consumer
9529,Sweets - Frequent consumer
6439,Sweets - Frequent consumer
7411,Non consumer
2176,Non consumer
9265,Sweets - Frequent consumer
8867,Sweets - Frequent consumer
8932,Sweets - Biggest consumer
10236,Sweets - Low consumer
6340,Sweets - Low consumer
10089,Sweets - Biggest consumer
2227,Sweets - Frequent consumer
10992,Sweets - Frequent consumer
5304,Non consumer
309,Sweets - Frequent consumer
3406,Sweets - Frequent consumer
2661,Sweets - Frequent consumer
3153,Non consumer
10264,Sweets - Low consumer
1184,Non consumer
4200,Sweets - Frequent consumer
9396,Sweets - Low consumer
2387,Sweets - Low consumer
6690,Sweets - Low consumer
1225,Sweets - Biggest consumer
9703,Sweets - Low consumer
291,Sweets - Biggest consumer
4557,Sweets - Low consumer
2379,Sweets - Biggest consumer
5726,Sweets - Frequent consumer
3066,Sweets - Low consumer
6336,Sweets - Frequent consumer
10967,Sweets - Frequent consumer
2304,Sweets - Frequent consumer
3445,Sweets - Biggest consumer
7828,Sweets - Frequent consumer
3762,Sweets - Biggest consumer
4391,Sweets - Frequent consumer
4669,Sweets - Frequent consumer
10144,Sweets - Frequent consumer
8652,Sweets - Frequent consumer
1672,Sweets - Frequent consumer
8962,Non consumer
9974,Sweets - Frequent consumer
10983,Sweets - Biggest consumer
8148,Sweets - Biggest consumer
10102,Sweets - Biggest consumer
4697,Sweets - Low consumer
9262,Sweets - Frequent consumer
7254,Sweets - Frequent consumer
4543,Sweets - Frequent consumer
4927,Sweets - Low consumer
10451,Sweets - Low consumer
2926,Sweets - Frequent consumer
2874,Sweets - Low consumer
9738,Sweets - Low consumer
7119,Sweets - Biggest consumer
3924,Non consumer
5827,Sweets - Low consumer
5596,Non consumer
10812,Sweets - Low consumer
1717,Sweets - Frequent consumer
9491,Sweets - Low consumer
9274,Sweets - Biggest consumer
6609,Sweets - Frequent consumer
6963,Sweets - Biggest consumer
4440,Non consumer
1379,Sweets - Low consumer
10032,Sweets - Frequent consumer
2826,Non consumer
6320,Sweets - Frequent consumer
3050,Sweets - Low consumer
231,Non consumer
2392,Non consumer
9478,Sweets - Low consumer
113,Sweets - Low consumer
1802,Sweets - Frequent consumer
520,Sweets - Low consumer
8275,Non consumer
9750,Sweets - Frequent consumer
2607,Sweets - Frequent consumer
7214,Sweets - Biggest consumer
5835,Sweets - Low consumer
3896,Sweets - Low consumer
10350,Non consumer
7786,Sweets - Frequent consumer
2861,Non consumer
663,Non consumer
10675,Non consumer
2521,Sweets - Low consumer
9592,Non consumer
10151,Sweets - Biggest consumer
7381,Sweets - Biggest consumer
4099,Sweets - Low consumer
9560,Sweets - Frequent consumer
1150,Sweets - Biggest consumer
10172,Sweets - Biggest consumer
11191,Sweets - Low consumer
9707,Non consumer
6245,Sweets - Frequent consumer
8234,Sweets - Low consumer
1411,Sweets - Biggest consumer
8553,Non consumer
1826,Sweets - Biggest consumer
8842,Sweets - Low consumer
11030,Non consumer
2579,Sweets - Frequent consumer
175,Sweets - Biggest consumer
9185,Sweets - Frequent consumer
11056,Non consumer
9365,Non consumer
6201,Sweets - Low consumer
2061,Non consumer
6184,Sweets - Biggest consumer
6142,Non consumer
4107,Sweets - Frequent consumer
7274,Sweets - Biggest consumer
9336,Non consumer
2958,Sweets - Frequent consumer
933,Sweets - Low consumer
5837,Sweets - Frequent consumer
10704,Sweets - Frequent consumer
5125,Sweets - Frequent consumer
4432,Sweets - Frequent consumer
5955,Sweets - Biggest consumer
2928,Sweets - Frequent consumer
5680,Sweets - Frequent consumer
10313,Sweets - Low consumer
2557,Sweets - Low consumer
1245,Sweets - Frequent consumer
1519,Sweets - Low consumer
10703,Non consumer
1726,Sweets - Low consumer
4459,Sweets - Low consumer
1729,Sweets - Frequent consumer
1517,Sweets - Frequent consumer
2098,Non consumer
9543,Sweets - Low consumer
6878,Sweets - Frequent consumer
3310,Sweets - Low consumer
2724,Non consumer
948,Sweets - Low consumer
6720,Sweets - Low consumer
6202,Sweets - Biggest consumer
2066,Sweets - Frequent consumer
9799,Sweets - Frequent consumer
8318,Sweets - Biggest consumer
5642,Sweets - Frequent consumer
2669,Sweets - Biggest consumer
455,Sweets - Frequent consumer
7683,Sweets - Frequent consumer
3428,Sweets - Frequent consumer
7414,Sweets - Low consumer
6354,Sweets - Low consumer
798,Sweets - Frequent consumer
8213,Sweets - Frequent consumer
2488,Sweets - Frequent consumer
9999,Sweets - Frequent consumer
7617,Sweets - Frequent consumer
615,Sweets - Frequent consumer
2552,Non consumer
194,Sweets - Low consumer
3645,Sweets - Frequent consumer
8890,Sweets - Frequent consumer
5049,Sweets - Low consumer
9973,Sweets - Frequent consumer
7301,Sweets - Frequent consumer
10882,Sweets - Biggest consumer
7030,Sweets - Frequent consumer
7422,Sweets - Biggest consumer
3523,Sweets - Frequent consumer
7106,Non consumer
6504,Sweets - Frequent consumer
5067,Sweets - Frequent consumer
4216,Sweets - Biggest consumer
8581,Non consumer
5929,Sweets - Low consumer
3129,Sweets - Frequent consumer
6528,Sweets - Low consumer
1361,Sweets - Biggest consumer
6932,Non consumer
7284,Non consumer
1340,Sweets - Biggest consumer
8746,Sweets - Frequent consumer
5987,Sweets - Frequent consumer
3767,Sweets - Biggest consumer
3725,Sweets - Frequent consumer
4324,Sweets - Low consumer
238,Sweets - Biggest consumer
6694,Sweets - Frequent consumer
498,Sweets - Low consumer
9347,Non consumer
9699,Sweets - Frequent consumer
10664,Non consumer
5455,Sweets - Low consumer
456,Sweets - Frequent consumer
5012,Non consumer
7495,Non consumer
5029,Sweets - Low consumer
10642,Sweets - Low consumer
2106,Sweets - Frequent consumer
10364,Sweets - Frequent consumer
5954,Sweets - Frequent consumer
1137,Sweets - Biggest consumer
2541,Non consumer
1142,Sweets - Biggest consumer
2276,Sweets - Frequent consumer
2807,Sweets - Biggest consumer
6471,Sweets - Low consumer
6131,Sweets - Frequent consumer
6233,Sweets - Biggest consumer
4148,Sweets - Low consumer
4947,Sweets - Biggest consumer
3225,Sweets - Frequent consumer
7540,Sweets - Frequent consumer
10648,Sweets - Biggest consumer
1992,Sweets - Frequent consumer
7851,Sweets - Biggest consumer
8594,Sweets - Low consumer
7059,Sweets - Biggest consumer
2815,Sweets - Frequent consumer
2416,Sweets - Frequent consumer
7999,Sweets - Frequent consumer
9213,Non consumer
9697,Sweets - Frequent consumer
3916,Sweets - Frequent consumer
2021,Sweets - Biggest consumer
1581,Sweets - Low consumer
564,Sweets - Frequent consumer
6619,Non consumer
9081,Sweets - Low consumer
178,Sweets - Biggest consumer
916,Non consumer
5512,Sweets - Low consumer
8970,Non consumer
10581,Non consumer
5300,Sweets - Low consumer
5154,Sweets - Frequent consumer
8346,Sweets - Frequent consumer
1676,Sweets - Low consumer
9286,Sweets - Biggest consumer
2426,Sweets - Frequent consumer
5172,Sweets - Frequent consumer
5562,Sweets - Frequent consumer
3436,Sweets - Low consumer
3921,Sweets - Frequent consumer
3403,Sweets - Biggest consumer
22,Sweets - Frequent consumer
10965,Sweets - Biggest consumer
9426,Non consumer
6605,Non consumer
3136,Sweets - Frequent consumer
8737,Non consumer
11088,Sweets - Frequent consumer
716,Sweets - Frequent consumer
466,Sweets - Frequent consumer
9135,Non consumer
10623,Non consumer
8151,Sweets - Biggest consumer
5140,Sweets - Frequent consumer
10160,Non consumer
4945,Sweets - Frequent consumer
10584,Sweets - Frequent consumer
6071,Sweets - Frequent consumer
3386,Sweets - Frequent consumer
8939,Sweets - Frequent consumer
9925,Sweets - Low consumer
4320,Sweets - Biggest consumer
5389,Sweets - Frequent consumer
6036,Sweets - Biggest consumer
182,Sweets - Frequent consumer
203,Sweets - Biggest consumer
11025,Sweets - Low consumer
10203,Sweets - Low consumer
4607,Sweets - Frequent consumer
3711,Sweets - Frequent consumer
3696,Non consumer
2532,Sweets - Frequent consumer
9214,Sweets - Frequent consumer
4943,Sweets - Frequent consumer
35,Sweets - Frequent consumer
2258,Sweets - Frequent consumer
4322,Sweets - Frequent consumer
713,Sweets - Frequent consumer
4702,Sweets - Frequent consumer
3281,Sweets - Frequent consumer
702,Sweets - Biggest consumer
2004,Sweets - Biggest consumer
4769,Non consumer
4437,Sweets - Frequent consumer
8724,Sweets - Low consumer
10741,Non consumer
1991,Non consumer
6931,Sweets - Biggest consumer
11096,Sweets - Biggest consumer
304,Sweets - Frequent consumer
3665,Sweets - Low consumer
10591,Sweets - Frequent consumer
5036,Sweets - Low consumer
5547,Sweets - Frequent consumer
7822,Sweets - Biggest consumer
8541,Sweets - Frequent consumer
10955,Sweets - Biggest consumer
4368,Sweets - Frequent consumer
9671,Sweets - Low consumer
2256,Non consumer
4279,Sweets - Low consumer
5371,Non consumer
9240,Sweets - Low consumer
9460,Sweets - Frequent consumer
9504,Sweets - Biggest consumer
8692,Sweets - Frequent consumer
448,Sweets - Biggest consumer
8314,Sweets - Biggest consumer
8420,Sweets - Frequent consumer
3174,Sweets - Biggest consumer
7685,Sweets - Frequent consumer
3179,Sweets - Biggest consumer
9780,Non consumer
10681,Sweets - Biggest consumer
10232,Sweets - Frequent consumer
4184,Sweets - Low consumer
9120,Sweets - Frequent consumer
891,Non consumer
10381,Non consumer
3525,Non consumer
6818,Sweets - Frequent consumer
3526,Non consumer
8181,Sweets - Frequent consumer
1029,Sweets - Frequent consumer
7369,Non consumer
2574,Non consumer
8159,Non consumer
1160,Sweets - Low consumer
10242,Non consumer
5253,Sweets - Low consumer
5966,Non consumer
5314,Sweets - Frequent consumer
5081,Sweets - Frequent consumer
5123,Sweets - Frequent consumer
5756,Non consumer
8036,Sweets - Low consumer
9058,Non consumer
5057,Sweets - Biggest consumer
254,Sweets - Low consumer
4179,Sweets - Frequent consumer
3710,Sweets - Low consumer
7627,Sweets - Biggest consumer
4501,Sweets - Biggest consumer
6424,Sweets - Low consumer
3075,Sweets - Frequent consumer
4992,Sweets - Frequent consumer
5252,Sweets - Low consumer
7444,Non consumer
6919,Sweets - Frequent consumer
3537,Sweets - Frequent consumer
10277,Non consumer
2453,Sweets - Frequent consumer
7972,Sweets - Biggest consumer
895,Sweets - Frequent consumer
1177,Sweets - Low consumer
7141,Sweets - Low consumer
7232,Non consumer
8477,Sweets - Frequent consumer
2457,Sweets - Low consumer
988,Sweets - Frequent consumer
7930,Sweets - Frequent consumer
4587,Non consumer
6682,Sweets - Frequent consumer
6222,Non consumer
10299,Sweets - Biggest consumer
3083,Sweets - Frequent consumer
8953,Non consumer
1503,Sweets - Low consumer
8650,Sweets - Frequent consumer
10862,Sweets - Frequent consumer
2782,Non consumer
6941,Sweets - Frequent consumer
10972,Sweets - Frequent consumer
10708,Sweets - Low consumer
6583,Sweets - Frequent consumer
3641,Sweets - Low consumer
10156,Sweets - Frequent consumer
4299,Sweets - Biggest consumer
3469,Sweets - Low consumer
5063,Sweets - Low consumer
10727,Sweets - Frequent consumer
9624,Sweets - Frequent consumer
5156,Sweets - Biggest consumer
4376,Sweets - Low consumer
8923,Sweets - Biggest consumer
8461,Non consumer
6945,Sweets - Biggest consumer
944,Sweets - Frequent consumer
1907,Sweets - Frequent consumer
701,Sweets - Frequent consumer
3856,Sweets - Biggest consumer
4149,Non consumer
2131,Sweets - Frequent consumer
2942,Sweets - Low consumer
1173,Sweets - Frequent consumer
4381,Sweets - Frequent consumer
4611,Sweets - Frequent consumer
3376,Sweets - Low consumer
4679,Sweets - Biggest consumer
10928,Sweets - Frequent consumer
4248,Sweets - Biggest consumer
6728,Sweets - Low consumer
6661,Sweets - Biggest consumer
4725,Sweets - Low consumer
3277,Non consumer
5555,Sweets - Low consumer
2564,Sweets - Frequent consumer
946,Sweets - Frequent consumer
3867,Sweets - Biggest consumer
6940,Sweets - Low consumer
55,Sweets - Frequent consumer
7093,Sweets - Low consumer
5084,Sweets - Biggest consumer
1777,Sweets - Frequent consumer
8162,Sweets - Low consumer
10826,Sweets - Low consumer
8754,Non consumer
1987,Sweets - Low consumer
11007,Non consumer
7426,Sweets - Frequent consumer
9153,Sweets - Biggest consumer
10379,Sweets - Frequent consumer
9204,Sweets - Biggest consumer
3197,Sweets - Biggest consumer
2920,Sweets - Frequent consumer
6961,Sweets - Low consumer
4673,Sweets - Frequent consumer
9937,Sweets - Frequent consumer
8779,Sweets - Low consumer
9596,Sweets - Biggest consumer
2891,Sweets - Frequent consumer
4910,Sweets - Biggest consumer
75,Sweets - Biggest consumer
10120,Sweets - Frequent consumer
6327,Sweets - Frequent consumer
10142,Sweets - Biggest consumer
9826,Sweets - Biggest consumer
1501,Sweets - Low consumer
10767,Sweets - Frequent consumer
7279,Sweets - Frequent consumer
7230,Non consumer
143,Sweets - Biggest consumer
450,Sweets - Frequent consumer
9316,Sweets - Frequent consumer
6379,Sweets - Low consumer
9239,Sweets - Low consumer
8315,Non consumer
2868,Sweets - Low consumer
10888,Sweets - Biggest consumer
1277,Sweets - Frequent consumer
9977,Sweets - Frequent consumer
10196,Sweets - Biggest consumer
6384,Sweets - Frequent consumer
8029,Sweets - Frequent consumer
968,Sweets - Frequent consumer
6988,Sweets - Biggest consumer
4472,Sweets - Low consumer
6991,Sweets - Frequent consumer
3336,Non consumer
4301,Sweets - Low consumer
1940,Sweets - Low consumer
1272,Non consumer
1388,Sweets - Frequent consumer
1044,Sweets - Frequent consumer
6969,Sweets - Frequent consumer
10479,Sweets - Biggest consumer
3619,Sweets - Biggest consumer
1715,Sweets - Frequent consumer
10159,Sweets - Biggest consumer
1463,Non consumer
5114,Sweets - Frequent consumer
4990,Sweets - Frequent consumer
4329,Sweets - Low consumer
10936,Sweets - Biggest consumer
4692,Sweets - Frequent consumer
7212,Non consumer
6086,Sweets - Biggest consumer
437,Sweets - Biggest consumer
11171,Sweets - Low consumer
11101,Sweets - Frequent consumer
5329,Non consumer
610,Non consumer
9384,Sweets - Frequent consumer
5956,Sweets - Low consumer
10430,Sweets - Frequent consumer
7875,Sweets - Biggest consumer
7072,Sweets - Biggest consumer
6255,Sweets - Frequent consumer
6516,Sweets - Low consumer
5564,Sweets - Frequent consumer
5682,Sweets - Frequent consumer
7458,Sweets - Low consumer
5237,Non consumer
7761,Sweets - Frequent consumer
5278,Sweets - Frequent consumer
3560,Sweets - Frequent consumer
7235,Sweets - Frequent consumer
10548,Sweets - Biggest consumer
2281,Sweets - Low consumer
4073,Sweets - Frequent consumer
6974,Sweets - Biggest consumer
7938,Sweets - Low consumer
7094,Sweets - Biggest consumer
3667,Sweets - Frequent consumer
7723,Sweets - Biggest consumer
3870,Sweets - Biggest consumer
4012,Sweets - Frequent consumer
5909,Non consumer
10470,Sweets - Low consumer
6488,Non consumer
10270,Sweets - Frequent consumer
6887,Sweets - Frequent consumer
6406,Sweets - Biggest consumer
7573,Sweets - Low consumer
4508,Sweets - Frequent consumer
221,Non consumer
5331,Non consumer
1911,Sweets - Biggest consumer
20,Sweets - Frequent consumer
8786,Non consumer
10582,Sweets - Frequent consumer
1915,Non consumer
8897,Sweets - Frequent consumer
2371,Sweets - Low consumer
4303,Sweets - Low consumer
6825,Non consumer
1072,Non consumer
4964,Non consumer
2461,Sweets - Low consumer
10736,Sweets - Biggest consumer
3194,Sweets - Biggest consumer
10839,Non consumer
49,Sweets - Low consumer
4290,Sweets - Frequent consumer
10219,Sweets - Frequent consumer
4211,Sweets - Frequent consumer
1135,Sweets - Low consumer
6299,Sweets - Frequent consumer
10846,Sweets - Low consumer
347,Sweets - Low consumer
6543,Sweets - Biggest consumer
10446,Sweets - Frequent consumer
3479,Sweets - Low consumer
11075,Sweets - Low consumer
4442,Sweets - Frequent consumer
199,Sweets - Frequent consumer
6722,Sweets - Frequent consumer
796,Sweets - Frequent consumer
3749,Sweets - Biggest consumer
8523,Sweets - Low consumer
310,Sweets - Frequent consumer
8629,Sweets - Low consumer
236,Sweets - Frequent consumer
9930,Sweets - Biggest consumer
3483,Sweets - Biggest consumer
4599,Non consumer
7326,Sweets - Frequent consumer
7352,Sweets - Low consumer
2350,Sweets - Frequent consumer
9145,Sweets - Biggest consumer
2964,Sweets - Frequent consumer
5585,Sweets - Low consumer
9687,Sweets - Frequent consumer
3732,Sweets - Biggest consumer
6303,Sweets - Biggest consumer
11176,Sweets - Low consumer
2986,Sweets - Low consumer
7462,Sweets - Biggest consumer
3900,Sweets - Frequent consumer
7034,Sweets - Frequent consumer
9493,Sweets - Biggest consumer
1143,Sweets - Frequent consumer
1,Non consumer
3855,Sweets - Frequent consumer
5536,Sweets - Biggest consumer
5989,Sweets - Biggest consumer
9499,Non consumer
6768,Sweets - Low consumer
2150,Sweets - Biggest consumer
6646,Non consumer
4887,Sweets - Low consumer
8560,Sweets - Frequent consumer
3321,Sweets - Frequent consumer
11003,Sweets - Frequent consumer
10402,Sweets - Low consumer
9904,Sweets - Biggest consumer
6141,Sweets - Frequent consumer
5687,Sweets - Frequent consumer
10856,Sweets - Low consumer
5121,Sweets - Frequent consumer
4186,Sweets - Frequent consumer
368,Sweets - Frequent consumer
3312,Sweets - Frequent consumer
11121,Sweets - Low consumer
5332,Sweets - Frequent consumer
5848,Sweets - Biggest consumer
10343,Sweets - Biggest consumer
5935,Sweets - Frequent consumer
2895,Sweets - Frequent consumer
10262,Sweets - Frequent consumer
7848,Non consumer
9477,Sweets - Frequent consumer
4856,Sweets - Biggest consumer
7186,Non consumer
5794,Non consumer
1456,Sweets - Frequent consumer
4877,Non consumer
425,Sweets - Frequent consumer
3007,Non consumer
1031,Sweets - Frequent consumer
4297,Sweets - Low consumer
807,Non consumer
9553,Sweets - Low consumer
4271,Sweets - Frequent consumer
4120,Sweets - Frequent consumer
2036,Sweets - Low consumer
115,Sweets - Frequent consumer
4259,Non consumer
8687,Sweets - Frequent consumer
2447,Sweets - Frequent consumer
10140,Non consumer
9353,Sweets - Biggest consumer
3623,Sweets - Low consumer
738,Sweets - Frequent consumer
7631,Sweets - Frequent consumer
4789,Sweets - Biggest consumer
773,Sweets - Frequent consumer
10602,Sweets - Low consumer
1446,Sweets - Biggest consumer
3270,Sweets - Frequent consumer
8443,Sweets - Frequent consumer
9653,Sweets - Low consumer
8916,Non consumer
8017,Sweets - Frequent consumer
5830,Sweets - Biggest consumer
4597,Sweets - Biggest consumer
7023,Sweets - Frequent consumer
8086,Non consumer
8825,Sweets - Frequent consumer
2930,Sweets - Frequent consumer
1928,Sweets - Low consumer
7108,Sweets - Low consumer
10925,Sweets - Biggest consumer
9960,Sweets - Low consumer
8800,Sweets - Biggest consumer
9224,Non consumer
5519,Sweets - Biggest consumer
5046,Sweets - Biggest consumer
7037,Non consumer
905,Sweets - Frequent consumer
8624,Sweets - Biggest consumer
8945,Sweets - Low consumer
6445,Sweets - Frequent consumer
2727,Sweets - Low consumer
6404,Sweets - Frequent consumer
11074,Sweets - Frequent consumer
10150,Sweets - Frequent consumer
1968,Non consumer
6534,Sweets - Frequent consumer
9485,Sweets - Low consumer
7053,Sweets - Frequent consumer
4654,Sweets - Biggest consumer
9760,Non consumer
1048,Sweets - Frequent consumer
10619,Sweets - Frequent consumer
9308,Sweets - Biggest consumer
10505,Sweets - Frequent consumer
8362,Sweets - Frequent consumer
2625,Sweets - Frequent consumer
4637,Non consumer
9972,Non consumer
4483,Sweets - Frequent consumer
4487,Sweets - Frequent consumer
4988,Sweets - Frequent consumer
8931,Sweets - Biggest consumer
5871,Sweets - Frequent consumer
2008,Sweets - Frequent consumer
3139,Sweets - Biggest consumer
10037,Sweets - Biggest consumer
10673,Sweets - Frequent consumer
5303,Sweets - Frequent consumer
538,Sweets - Frequent consumer
7922,Non consumer
5692,Sweets - Frequent consumer
4843,Sweets - Frequent consumer
6383,Sweets - Low consumer
1628,Sweets - Biggest consumer
1204,Sweets - Biggest consumer
3673,Sweets - Frequent consumer
760,Sweets - Frequent consumer
8957,Sweets - Biggest consumer
4128,Sweets - Frequent consumer
6810,Sweets - Biggest consumer
5386,Sweets - Biggest consumer
8700,Sweets - Frequent consumer
3202,Non consumer
1328,Sweets - Biggest consumer
8405,Sweets - Frequent consumer
6515,Sweets - Frequent consumer
2882,Sweets - Frequent consumer
7574,Sweets - Low consumer
6387,Non consumer
5320,Sweets - Low consumer
5048,Sweets - Frequent consumer
8146,Non consumer
10031,Sweets - Low consumer
5748,Sweets - Biggest consumer
2134,Sweets - Frequent consumer
1523,Sweets - Low consumer
9665,Non consumer
4640,Sweets - Biggest consumer
3635,Non consumer
3547,Sweets - Frequent consumer
2456,Sweets - Frequent consumer
5633,Sweets - Frequent consumer
7801,Sweets - Biggest consumer
10489,Sweets - Frequent consumer
7011,Sweets - Frequent consumer
2620,Non consumer
3933,Sweets - Biggest consumer
10981,Sweets - Biggest consumer
1734,Sweets - Low consumer
10995,Sweets - Frequent consumer
6357,Sweets - Biggest consumer
9209,Sweets - Biggest consumer
10286,Sweets - Frequent consumer
2611,Sweets - Frequent consumer
1600,Sweets - Low consumer
3308,Sweets - Frequent consumer
5407,Non consumer
2166,Non consumer
3955,Non consumer
6634,Non consumer
3056,Sweets - Biggest consumer
5718,Sweets - Frequent consumer
6872,Sweets - Frequent consumer
8164,Sweets - Biggest consumer
4580,Sweets - Biggest consumer
9305,Sweets - Frequent consumer
453,Sweets - Low consumer
8545,Sweets - Biggest consumer
9850,Non consumer
7378,Sweets - Frequent consumer
7646,Sweets - Frequent consumer
1640,Sweets - Frequent consumer
5184,Non consumer
8492,Sweets - Biggest consumer
11188,Sweets - Frequent consumer
1212,Sweets - Frequent consumer
9097,Sweets - Low consumer
10473,Non consumer
7962,Sweets - Frequent consumer
9984,Sweets - Frequent consumer
5527,Sweets - Frequent consumer
6374,Sweets - Low consumer
7453,Sweets - Biggest consumer
8952,Sweets - Frequent consumer
241,Sweets - Frequent consumer
8975,Sweets - Low consumer
6119,Non consumer
5236,Sweets - Biggest consumer
5723,Sweets - Low consumer
1710,Sweets - Frequent consumer
1970,Non consumer
5313,Non consumer
10634,Sweets - Frequent consumer
7010,Sweets - Biggest consumer
8562,Sweets - Frequent consumer
3158,Sweets - Frequent consumer
4436,Sweets - Frequent consumer
5287,Sweets - Low consumer
2445,Non consumer
6059,Non consumer
4550,Non consumer
4240,Non consumer
8911,Sweets - Biggest consumer
3706,Sweets - Frequent consumer
3628,Sweets - Frequent consumer
10175,Non consumer
8985,Sweets - Frequent consumer
5204,Sweets - Biggest consumer
9220,Sweets - Biggest consumer
9888,Sweets - Biggest consumer
5263,Sweets - Frequent consumer
1020,Sweets - Biggest consumer
9503,Sweets - Frequent consumer
10613,Sweets - Low consumer
67,Non consumer
6019,Sweets - Low consumer
5863,Sweets - Frequent consumer
3717,Sweets - Frequent consumer
6730,Non consumer
10749,Sweets - Frequent consumer
4998,Sweets - Frequent consumer
6287,Non consumer
5985,Sweets - Low consumer
4754,Sweets - Frequent consumer
4002,Sweets - Biggest consumer
8870,Sweets - Frequent consumer
966,Sweets - Frequent consumer
4767,Sweets - Biggest consumer
9725,Non consumer
4475,Non consumer
5740,Sweets - Frequent consumer
5731,Non consumer
7290,Non consumer
3846,Sweets - Frequent consumer
8104,Non consumer
4507,Sweets - Frequent consumer
11013,Sweets - Biggest consumer
4491,Non consumer
3759,Non consumer
1162,Sweets - Biggest consumer
2055,Sweets - Low consumer
10766,Non consumer
4415,Sweets - Low consumer
3005,Sweets - Frequent consumer
2223,Sweets - Biggest consumer
4817,Sweets - Low consumer
2875,Sweets - Frequent consumer
10536,Sweets - Low consumer
11112,Sweets - Biggest consumer
3807,Sweets - Frequent consumer
9197,Non consumer
10832,Sweets - Frequent consumer
6421,Sweets - Biggest consumer
4207,Sweets - Frequent consumer
577,Sweets - Low consumer
10855,Sweets - Frequent consumer
3081,Non consumer
3535,Sweets - Biggest consumer
247,Sweets - Frequent consumer
8707,Sweets - Biggest consumer
9523,Non consumer
6072,Sweets - Frequent consumer
6295,Non consumer
10914,Sweets - Low consumer
1509,Sweets - Biggest consumer
5577,Sweets - Low consumer
7348,Sweets - Frequent consumer
1127,Sweets - Biggest consumer
1833,Sweets - Frequent consumer
4944,Sweets - Frequent consumer
9080,Sweets - Low consumer
6466,Sweets - Low consumer
9964,Sweets - Frequent consumer
4790,Sweets - Frequent consumer
10245,Sweets - Frequent consumer
1109,Non consumer
6001,Sweets - Frequent consumer
5538,Sweets - Biggest consumer
10552,Sweets - Frequent consumer
1545,Sweets - Frequent consumer
7409,Sweets - Frequent consumer
4444,Sweets - Frequent consumer
146,Sweets - Biggest consumer
6271,Non consumer
10065,Sweets - Frequent consumer
4741,Sweets - Frequent consumer
246,Sweets - Frequent consumer
375,Sweets - Frequent consumer
1524,Sweets - Biggest consumer
10022,Non consumer
7451,Sweets - Biggest consumer
11010,Sweets - Low consumer
4356,Sweets - Frequent consumer
3885,Non consumer
1175,Sweets - Frequent consumer
880,Sweets - Frequent consumer
2320,Sweets - Frequent consumer
850,Sweets - Frequent consumer
4713,Sweets - Low consumer
675,Sweets - Frequent consumer
5025,Sweets - Frequent consumer
2308,Sweets - Frequent consumer
5995,Sweets - Frequent consumer
6749,Sweets - Biggest consumer
1010,Sweets - Low consumer
8977,Sweets - Low consumer
4756,Sweets - Frequent consumer
3412,Non consumer
606,Non consumer
5961,Sweets - Low consumer
2975,Sweets - Frequent consumer
2894,Sweets - Frequent consumer
7613,Sweets - Frequent consumer
10542,Sweets - Low consumer
8015,Non consumer
10617,Sweets - Low consumer
11166,Sweets - Low consumer
849,Sweets - Biggest consumer
523,Sweets - Frequent consumer
4066,Sweets - Frequent consumer
8414,Non consumer
819,Sweets - Frequent consumer
4961,Sweets - Low consumer
749,Sweets - Low consumer
5430,Sweets - Frequent consumer
7755,Non consumer
10525,Non consumer
1453,Sweets - Frequent consumer
8310,Sweets - Biggest consumer
10710,Non consumer
5031,Sweets - Biggest consumer
2613,Sweets - Frequent consumer
213,Non consumer
967,Sweets - Frequent consumer
1077,Sweets - Biggest consumer
7959,Sweets - Frequent consumer
640,Sweets - Frequent consumer
4252,Sweets - Frequent consumer
8432,Sweets - Frequent consumer
6218,Non consumer
6905,Sweets - Frequent consumer
5922,Non consumer
3598,Sweets - Frequent consumer
6116,Sweets - Frequent consumer
6263,Sweets - Frequent consumer
10486,Sweets - Biggest consumer
2410,Sweets - Biggest consumer
193,Sweets - Low consumer
3363,Sweets - Frequent consumer
8278,Sweets - Biggest consumer
10660,Non consumer
8686,Sweets - Frequent consumer
1604,Sweets - Frequent consumer
5907,Non consumer
10669,Sweets - Frequent consumer
2918,Sweets - Low consumer
5735,Sweets - Biggest consumer
359,Sweets - Frequent consumer
8387,Non consumer
1829,Non consumer
3839,Sweets - Frequent consumer
9392,Non consumer
2292,Non consumer
10466,Sweets - Low consumer
9855,Non consumer
4088,Sweets - Low consumer
5231,Sweets - Low consumer
590,Sweets - Biggest consumer
8732,Sweets - Frequent consumer
2315,Sweets - Frequent consumer
3515,Sweets - Frequent consumer
2245,Sweets - Low consumer
6283,Sweets - Frequent consumer
2246,Sweets - Frequent consumer
6606,Non consumer
5545,Sweets - Frequent consumer
7342,Sweets - Biggest consumer
837,Sweets - Frequent consumer
9500,Sweets - Biggest consumer
3602,Sweets - Frequent consumer
234,Sweets - Low consumer
2995,Sweets - Frequent consumer
1118,Sweets - Frequent consumer
7789,Sweets - Biggest consumer
3068,Sweets - Frequent consumer
8955,Non consumer
945,Sweets - Low consumer
5644,Sweets - Low consumer
7192,Sweets - Biggest consumer
2324,Sweets - Frequent consumer
697,Sweets - Frequent consumer
3439,Sweets - Frequent consumer
1506,Sweets - Frequent consumer
232,Sweets - Frequent consumer
8876,Non consumer
4500,Sweets - Frequent consumer
9739,Sweets - Low consumer
10395,Sweets - Frequent consumer
1176,Sweets - Low consumer
1627,Sweets - Biggest consumer
938,Sweets - Low consumer
2740,Sweets - Low consumer
257,Sweets - Frequent consumer
4058,Sweets - Frequent consumer
7736,Sweets - Low consumer
8210,Sweets - Frequent consumer
833,Non consumer
6230,Sweets - Low consumer
7325,Sweets - Low consumer
1307,Sweets - Low consumer
1502,Sweets - Low consumer
6211,Sweets - Low consumer
843,Sweets - Biggest consumer
4174,Non consumer
9757,Sweets - Frequent consumer
6918,Non consumer
286,Sweets - Low consumer
11086,Sweets - Frequent consumer
1921,Non consumer
4138,Sweets - Biggest consumer
7718,Non consumer
1291,Sweets - Frequent consumer
6862,Sweets - Low consumer
4136,Sweets - Frequent consumer
803,Non consumer
4298,Non consumer
10833,Non consumer
9606,Sweets - Frequent consumer
8534,Sweets - Biggest consumer
5153,Sweets - Biggest consumer
961,Sweets - Biggest consumer
5011,Sweets - Frequent consumer
6653,Sweets - Frequent consumer
9094,Non consumer
810,Sweets - Biggest consumer
5493,Non consumer
2147,Sweets - Biggest consumer
5107,Sweets - Low consumer
3979,Sweets - Frequent consumer
6049,Sweets - Biggest consumer
8147,Non consumer
1857,Sweets - Low consumer
3910,Sweets - Biggest consumer
5207,Sweets - Frequent consumer
11114,Sweets - Frequent consumer
5429,Sweets - Low consumer
9400,Sweets - Frequent consumer
1740,Sweets - Frequent consumer
7488,Sweets - Frequent consumer
195,Sweets - Frequent consumer
635,Non consumer
7527,Sweets - Frequent consumer
10319,Sweets - Frequent consumer
2296,Sweets - Low consumer
10637,Sweets - Frequent consumer
2931,Sweets - Biggest consumer
907,Non consumer
3698,Sweets - Biggest consumer
9516,Sweets - Biggest consumer
679,Non consumer
7384,Sweets - Frequent consumer
5043,Sweets - Biggest consumer
5267,Sweets - Low consumer
339,Non consumer
2516,Sweets - Low consumer
9010,Sweets - Frequent consumer
378,Sweets - Biggest consumer
4808,Non consumer
5068,Sweets - Low consumer
7628,Sweets - Low consumer
7128,Sweets - Low consumer
2811,Non consumer
3551,Sweets - Frequent consumer
1663,Non consumer
5543,Sweets - Frequent consumer
1577,Sweets - Biggest consumer
10641,Sweets - Low consumer
5336,Non consumer
6024,Sweets - Biggest consumer
1878,Sweets - Low consumer
3099,Sweets - Frequent consumer
6055,Sweets - Biggest consumer
5841,Non consumer
3972,Sweets - Frequent consumer
4394,Sweets - Frequent consumer
5758,Non consumer
6658,Sweets - Frequent consumer
4603,Sweets - Biggest consumer
8427,Non consumer
10260,Sweets - Frequent consumer
7143,Sweets - Biggest consumer
8789,Sweets - Frequent consumer
6197,Non consumer
4554,Sweets - Frequent consumer
4937,Sweets - Low consumer
1920,Non consumer
8749,Sweets - Frequent consumer
1650,Sweets - Biggest consumer
10377,Sweets - Frequent consumer
9206,Sweets - Biggest consumer
10971,Sweets - Low consumer
6398,Non consumer
9212,Sweets - Frequent consumer
7937,Sweets - Low consumer
839,Sweets - Low consumer
4246,Sweets - Low consumer
158,Sweets - Biggest consumer
4832,Sweets - Frequent consumer
5621,Sweets - Frequent consumer
1945,Sweets - Biggest consumer
5147,Sweets - Biggest consumer
2535,Sweets - Biggest consumer
11039,Sweets - Frequent consumer
9495,Sweets - Biggest consumer
9635,Sweets - Low consumer
2173,Sweets - Low consumer
942,Sweets - Frequent consumer
9386,Sweets - Frequent consumer
5510,Sweets - Frequent consumer
873,Non consumer
2253,Sweets - Low consumer
5181,Sweets - Frequent consumer
979,Sweets - Frequent consumer
10390,Sweets - Low consumer
4698,Sweets - Biggest consumer
7793,Sweets - Frequent consumer
1745,Non consumer
10590,Sweets - Frequent consumer
5080,Sweets - Biggest consumer
8369,Sweets - Low consumer
5232,Sweets - Frequent consumer
2407,Sweets - Frequent consumer
3834,Sweets - Frequent consumer
7912,Sweets - Frequent consumer
7712,Sweets - Biggest consumer
1065,Sweets - Frequent consumer
7275,Sweets - Low consumer
1343,Non consumer
1384,Sweets - Frequent consumer
9967,Sweets - Frequent consumer
6181,Sweets - Biggest consumer
10507,Sweets - Frequent consumer
2674,Sweets - Biggest consumer
2698,Non consumer
3231,Sweets - Low consumer
4096,Sweets - Frequent consumer
10476,Sweets - Low consumer
5948,Sweets - Frequent consumer
9140,Sweets - Frequent consumer
10258,Non consumer
5675,Non consumer
4743,Sweets - Frequent consumer
8805,Sweets - Frequent consumer
1542,Sweets - Low consumer
6770,Sweets - Frequent consumer
8773,Non consumer
10420,Sweets - Frequent consumer
7514,Sweets - Frequent consumer
793,Non consumer
10909,Sweets - Frequent consumer
8702,Sweets - Low consumer
4791,Non consumer
2963,Sweets - Biggest consumer
8216,Sweets - Frequent consumer
8140,Sweets - Low consumer
10146,Non consumer
5289,Sweets - Low consumer
2587,Non consumer
4405,Non consumer
8663,Non consumer
2589,Sweets - Frequent consumer
3421,Sweets - Frequent consumer
10490,Non consumer
4094,Sweets - Frequent consumer
9958,Sweets - Frequent consumer
2534,Sweets - Low consumer
4188,Non consumer
6613,Sweets - Frequent consumer
10827,Sweets - Low consumer
5491,Non consumer
8402,Sweets - Frequent consumer
8783,Sweets - Frequent consumer
10010,Sweets - Low consumer
618,Sweets - Biggest consumer
9121,Non consumer
361,Sweets - Low consumer
4310,Sweets - Frequent consumer
2678,Sweets - Frequent consumer
6376,Sweets - Frequent consumer
524,Sweets - Frequent consumer
10341,Sweets - Frequent consumer
5654,Sweets - Low consumer
4098,Sweets - Low consumer
5824,Non consumer
7000,Sweets - Frequent consumer
2561,Sweets - Frequent consumer
5229,Non consumer
4086,Sweets - Low consumer
2428,Sweets - Frequent consumer
8254,Non consumer
2836,Non consumer
8418,Sweets - Frequent consumer
1362,Sweets - Frequent consumer
7152,Non consumer
10033,Sweets - Low consumer
9349,Sweets - Biggest consumer
274,Sweets - Low consumer
3388,Sweets - Biggest consumer
922,Non consumer
8588,Sweets - Frequent consumer
2518,Sweets - Low consumer
574,Sweets - Frequent consumer
3220,Sweets - Low consumer
5967,Sweets - Frequent consumer
1183,Sweets - Low consumer
6856,Sweets - Frequent consumer
4530,Sweets - Frequent consumer
1553,Sweets - Biggest consumer
4682,Sweets - Biggest consumer
8204,Sweets - Biggest consumer
5221,Non consumer
1232,Sweets - Biggest consumer
1927,Sweets - Frequent consumer
5788,Sweets - Frequent consumer
6652,Sweets - Biggest consumer
6246,Sweets - Biggest consumer
5975,Non consumer
6875,Sweets - Frequent consumer
4399,Sweets - Biggest consumer
4042,Sweets - Low consumer
2157,Sweets - Frequent consumer
10133,Sweets - Biggest consumer
2525,Sweets - Biggest consumer
8233,Sweets - Frequent consumer
9483,Sweets - Frequent consumer
2945,Non consumer
10403,Sweets - Frequent consumer
5074,Non consumer
10524,Sweets - Frequent consumer
4690,Sweets - Frequent consumer
7521,Sweets - Frequent consumer
7196,Non consumer
4406,Sweets - Biggest consumer
9672,Sweets - Low consumer
4864,Sweets - Low consumer
4706,Sweets - Low consumer
4070,Non consumer
25,Sweets - Frequent consumer
3697,Sweets - Frequent consumer
217,Non consumer
4220,Sweets - Low consumer
5286,Sweets - Frequent consumer
9559,Non consumer
2849,Sweets - Frequent consumer
7787,Sweets - Frequent consumer
3102,Sweets - Frequent consumer
5868,Sweets - Frequent consumer
8370,Sweets - Biggest consumer
9988,Sweets - Biggest consumer
2939,Sweets - Frequent consumer
5529,Non consumer
9743,Sweets - Frequent consumer
5763,Non consumer
3478,Sweets - Frequent consumer
7494,Sweets - Low consumer
1763,Sweets - Biggest consumer
7250,Sweets - Frequent consumer
2005,Sweets - Frequent consumer
10770,Sweets - Biggest consumer
6885,Sweets - Low consumer
2072,Sweets - Frequent consumer
9463,Sweets - Biggest consumer
6318,Sweets - Biggest consumer
4093,Sweets - Frequent consumer
5751,Sweets - Low consumer
3340,Sweets - Frequent consumer
3594,Sweets - Frequent consumer
3584,Sweets - Frequent consumer
3643,Sweets - Frequent consumer
851,Sweets - Biggest consumer
7706,Sweets - Biggest consumer
3967,Sweets - Biggest consumer
10128,Sweets - Frequent consumer
486,Sweets - Biggest consumer
9,Non consumer
9451,Sweets - Biggest consumer
9264,Sweets - Biggest consumer
3865,Sweets - Frequent consumer
2853,Sweets - Frequent consumer
1490,Sweets - Frequent consumer
6310,Sweets - Frequent consumer
10380,Sweets - Low consumer
3887,Sweets - Low consumer
4278,Sweets - Biggest consumer
8643,Sweets - Biggest consumer
1998,Sweets - Low consumer
10795,Sweets - Low consumer
11110,Non consumer
2408,Sweets - Frequent consumer
202,Sweets - Biggest consumer
7998,Non consumer
830,Sweets - Biggest consumer
3536,Sweets - Low consumer
6050,Sweets - Frequent consumer
125,Non consumer
3463,Sweets - Frequent consumer
2804,Non consumer
3745,Sweets - Frequent consumer
9771,Sweets - Frequent consumer
451,Non consumer
10530,Sweets - Frequent consumer
1079,Non consumer
8920,Non consumer
6678,Sweets - Low consumer
3852,Sweets - Frequent consumer
528,Sweets - Biggest consumer
73,Non consumer
5589,Sweets - Frequent consumer
10212,Sweets - Low consumer
6365,Sweets - Low consumer
5636,Sweets - Low consumer
591,Sweets - Biggest consumer
2217,Sweets - Low consumer
2544,Sweets - Frequent consumer
7725,Sweets - Biggest consumer
8091,Sweets - Biggest consumer
7321,Sweets - Frequent consumer
5462,Sweets - Biggest consumer
7791,Sweets - Low consumer
955,Sweets - Low consumer
4037,Non consumer
6642,Sweets - Frequent consumer
2793,Sweets - Frequent consumer
5424,Sweets - Low consumer
879,Non consumer
9530,Sweets - Low consumer
4828,Sweets - Biggest consumer
10699,Non consumer
1497,Sweets - Low consumer
7476,Sweets - Frequent consumer
4390,Sweets - Frequent consumer
10478,Sweets - Frequent consumer
1081,Sweets - Frequent consumer
4261,Sweets - Biggest consumer
9916,Non consumer
5350,Sweets - Biggest consumer
8135,Non consumer
8685,Sweets - Frequent consumer
4967,Non consumer
2130,Sweets - Frequent consumer
9298,Sweets - Frequent consumer
8175,Sweets - Frequent consumer
6257,Sweets - Frequent consumer
3790,Non consumer
9952,Sweets - Frequent consumer
3503,Sweets - Frequent consumer
5223,Sweets - Frequent consumer
4608,Sweets - Biggest consumer
1626,Sweets - Low consumer
4764,Sweets - Frequent consumer
2471,Sweets - Biggest consumer
5892,Sweets - Low consumer
2612,Sweets - Frequent consumer
4971,Sweets - Low consumer
5185,Sweets - Biggest consumer
10069,Sweets - Frequent consumer
2262,Sweets - Frequent consumer
1131,Non consumer
1041,Sweets - Low consumer
24,Sweets - Low consumer
3409,Sweets - Frequent consumer
7022,Sweets - Biggest consumer
7943,Sweets - Low consumer
5272,Sweets - Low consumer
5453,Sweets - Biggest consumer
2565,Sweets - Frequent consumer
800,Non consumer
11092,Sweets - Low consumer
5062,Non consumer
8969,Sweets - Biggest consumer
4656,Sweets - Frequent consumer
4480,Sweets - Low consumer
9971,Non consumer
6729,Sweets - Biggest consumer
1773,Sweets - Frequent consumer
9242,Sweets - Frequent consumer
1764,Sweets - Frequent consumer
6215,Sweets - Low consumer
10099,Sweets - Biggest consumer
5423,Sweets - Low consumer
940,Sweets - Frequent consumer
3011,Sweets - Frequent consumer
3298,Sweets - Frequent consumer
8286,Sweets - Low consumer
9668,Sweets - Frequent consumer
5120,Sweets - Biggest consumer
6097,Sweets - Low consumer
7019,Sweets - Frequent consumer
7408,Non consumer
8041,Sweets - Biggest consumer
252,Sweets - Frequent consumer
9986,Sweets - Low consumer
3276,Sweets - Frequent consumer
3859,Sweets - Biggest consumer
3570,Sweets - Low consumer
3783,Sweets - Low consumer
10207,Non consumer
10906,Sweets - Frequent consumer
3427,Non consumer
5209,Sweets - Frequent consumer
10711,Sweets - Frequent consumer
10785,Non consumer
2814,Sweets - Frequent consumer
6866,Sweets - Low consumer
1665,Sweets - Frequent consumer
6575,Sweets - Frequent consumer
3829,Non consumer
3091,Sweets - Frequent consumer
10141,Sweets - Low consumer
5177,Non consumer
7005,Sweets - Frequent consumer
6409,Sweets - Frequent consumer
7485,Sweets - Low consumer
8079,Sweets - Low consumer
8395,Sweets - Biggest consumer
10352,Sweets - Low consumer
4931,Sweets - Low consumer
13,Non consumer
1834,Sweets - Low consumer
2285,Sweets - Low consumer
2295,Sweets - Biggest consumer
1378,Sweets - Frequent consumer
2781,Sweets - Biggest consumer
1165,Sweets - Low consumer
1404,Non consumer
6457,Sweets - Frequent consumer
2639,Sweets - Low consumer
8299,Non consumer
6437,Sweets - Low consumer
6912,Sweets - Frequent consumer
7327,Sweets - Low consumer
5299,Sweets - Frequent consumer
4127,Sweets - Biggest consumer
8143,Sweets - Low consumer
1964,Sweets - Biggest consumer
3690,Sweets - Frequent consumer
3433,Sweets - Frequent consumer
3389,Sweets - Biggest consumer
4712,Sweets - Frequent consumer
1170,Sweets - Frequent consumer
6347,Sweets - Frequent consumer
4065,Non consumer
8230,Sweets - Low consumer
1215,Sweets - Biggest consumer
5939,Sweets - Frequent consumer
2156,Non consumer
7788,Non consumer
10323,Sweets - Low consumer
7947,Sweets - Low consumer
1891,Sweets - Biggest consumer
2570,Non consumer
9256,Sweets - Biggest consumer
295,Sweets - Frequent consumer
7397,Non consumer
6349,Sweets - Biggest consumer
10790,Non consumer
10398,Sweets - Low consumer
2431,Sweets - Frequent consumer
550,Sweets - Frequent consumer
1890,Non consumer
10742,Sweets - Frequent consumer
10356,Non consumer
4676,Sweets - Biggest consumer
8852,Sweets - Biggest consumer
3565,Non consumer
5294,Sweets - Low consumer
1958,Non consumer
7349,Sweets - Frequent consumer
8799,Sweets - Low consumer
1351,Sweets - Frequent consumer
1045,Non consumer
7732,Sweets - Biggest consumer
8070,Sweets - Frequent consumer
477,Sweets - Frequent consumer
7832,Sweets - Biggest consumer
2202,Sweets - Low consumer
7396,Sweets - Frequent consumer
4055,Sweets - Frequent consumer
10340,Sweets - Frequent consumer
10091,Sweets - Biggest consumer
7629,Sweets - Low consumer
10640,Sweets - Frequent consumer
3498,Sweets - Biggest consumer
6742,Sweets - Low consumer
1172,Sweets - Frequent consumer
569,Sweets - Biggest consumer
4686,Sweets - Biggest consumer
1381,Non consumer
2634,Sweets - Low consumer
10905,Non consumer
1744,Sweets - Low consumer
1000,Sweets - Frequent consumer
3828,Sweets - Biggest consumer
8605,Non consumer
10304,Sweets - Low consumer
4351,Non consumer
10129,Sweets - Biggest consumer
2499,Sweets - Biggest consumer
10092,Sweets - Frequent consumer
7500,Sweets - Frequent consumer
5796,Sweets - Frequent consumer
10556,Sweets - Low consumer
1064,Sweets - Frequent consumer
48,Sweets - Low consumer
7610,Sweets - Frequent consumer
263,Sweets - Frequent consumer
10814,Sweets - Frequent consumer
9710,Non consumer
9292,Sweets - Biggest consumer
10250,Sweets - Low consumer
7881,Sweets - Frequent consumer
5847,Sweets - Biggest consumer
737,Sweets - Frequent consumer
3571,Sweets - Frequent consumer
7807,Sweets - Frequent consumer
3878,Sweets - Frequent consumer
5092,Non consumer
2154,Sweets - Low consumer
5394,Sweets - Frequent consumer
3798,Sweets - Frequent consumer
3524,Sweets - Frequent consumer
5247,Sweets - Low consumer
5883,Sweets - Biggest consumer
2118,Sweets - Biggest consumer
8812,Non consumer
6616,Sweets - Biggest consumer
2797,Sweets - Biggest consumer
4328,Sweets - Frequent consumer
9167,Sweets - Frequent consumer
10560,Non consumer
2631,Sweets - Biggest consumer
8312,Sweets - Frequent consumer
5534,Non consumer
5093,Sweets - Frequent consumer
7592,Sweets - Frequent consumer
8895,Non consumer
8584,Sweets - Biggest consumer
2694,Non consumer
8910,Non consumer
7433,Sweets - Frequent consumer
164,Sweets - Low consumer
10477,Non consumer
2681,Sweets - Biggest consumer
5150,Sweets - Frequent consumer
5283,Sweets - Low consumer
9645,Sweets - Biggest consumer
10678,Sweets - Frequent consumer
7261,Sweets - Low consumer
9648,Sweets - Frequent consumer
2870,Sweets - Frequent consumer
8008,Sweets - Low consumer
1513,Sweets - Biggest consumer
6173,Sweets - Frequent consumer
1419,Sweets - Frequent consumer
9150,Non consumer
7960,Sweets - Frequent consumer
1250,Sweets - Low consumer
9905,Sweets - Low consumer
10691,Sweets - Low consumer
7002,Sweets - Biggest consumer
2952,Sweets - Low consumer
8439,Sweets - Frequent consumer
762,Sweets - Frequent consumer
2831,Sweets - Frequent consumer
6977,Sweets - Frequent consumer
6289,Sweets - Low consumer
4168,Sweets - Frequent consumer
8397,Non consumer
9284,Sweets - Frequent consumer
6237,Sweets - Low consumer
3130,Sweets - Frequent consumer
1619,Sweets - Frequent consumer
1990,Sweets - Biggest consumer
5513,Non consumer
269,Sweets - Biggest consumer
8093,Sweets - Biggest consumer
10513,Sweets - Biggest consumer
10177,Sweets - Biggest consumer
2549,Non consumer
5782,Sweets - Biggest consumer
10057,Sweets - Biggest consumer
10307,Sweets - Frequent consumer
8566,Non consumer
2415,Sweets - Frequent consumer
5684,Non consumer
8334,Sweets - Low consumer
9166,Sweets - Frequent consumer
1440,Sweets - Biggest consumer
78,Sweets - Low consumer
5441,Sweets - Low consumer
5302,Sweets - Frequent consumer
4687,Non consumer
1087,Sweets - Frequent consumer
6859,Sweets - Frequent consumer
9860,Sweets - Low consumer
7129,Sweets - Frequent consumer
5866,Sweets - Frequent consumer
10521,Sweets - Frequent consumer
7393,Non consumer
7849,Sweets - Biggest consumer
332,Sweets - Frequent consumer
9847,Non consumer
531,Sweets - Biggest consumer
9576,Sweets - Low consumer
6906,Sweets - Biggest consumer
7419,Sweets - Low consumer
3170,Sweets - Biggest consumer
8527,Sweets - Frequent consumer
7872,Sweets - Frequent consumer
9931,Sweets - Low consumer
10595,Sweets - Low consumer
4609,Sweets - Low consumer
5010,Sweets - Low consumer
4427,Sweets - Biggest consumer
11148,Sweets - Low consumer
1168,Sweets - Frequent consumer
9595,Non consumer
10163,Sweets - Frequent consumer
2886,Sweets - Frequent consumer
6710,Sweets - Frequent consumer
5316,Sweets - Low consumer
9029,Sweets - Biggest consumer
521,Sweets - Frequent consumer
1459,Sweets - Frequent consumer
10241,Sweets - Low consumer
1630,Sweets - Frequent consumer
3254,Sweets - Biggest consumer
9064,Sweets - Frequent consumer
3678,Non consumer
4227,Sweets - Low consumer
9467,Non consumer
8486,Sweets - Low consumer
2186,Sweets - Biggest consumer
3286,Sweets - Low consumer
8602,Sweets - Biggest consumer
3722,Non consumer
6715,Sweets - Frequent consumer
4796,Sweets - Frequent consumer
9612,Sweets - Frequent consumer
3766,Sweets - Biggest consumer
1399,Sweets - Biggest consumer
1570,Sweets - Frequent consumer
3426,Sweets - Biggest consumer
3074,Sweets - Biggest consumer
8341,Sweets - Low consumer
5180,Sweets - Low consumer
6461,Sweets - Frequent consumer
7679,Sweets - Low consumer
10702,Sweets - Biggest consumer
7505,Non consumer
5113,Sweets - Biggest consumer
10858,Sweets - Biggest consumer
2961,Sweets - Frequent consumer
2747,Sweets - Frequent consumer
3010,Sweets - Biggest consumer
5790,Non consumer
6892,Non consumer
1743,Sweets - Frequent consumer
3578,Sweets - Frequent consumer
8462,Non consumer
5558,Sweets - Biggest consumer
4619,Sweets - Biggest consumer
8780,Sweets - Frequent consumer
10789,Non consumer
10779,Sweets - Low consumer
5896,Sweets - Frequent consumer
2337,Sweets - Low consumer
10951,Non consumer
544,Sweets - Biggest consumer
17,Sweets - Frequent consumer
10680,Sweets - Low consumer
3265,Sweets - Low consumer
5623,Non consumer
5832,Sweets - Frequent consumer
5544,Sweets - Biggest consumer
6417,Sweets - Biggest consumer
5831,Sweets - Biggest consumer
7101,Non consumer
10176,Non consumer
2326,Sweets - Low consumer
4385,Sweets - Low consumer
2929,Sweets - Frequent consumer
10686,Non consumer
2546,Sweets - Frequent consumer
3283,Sweets - Biggest consumer
3138,Sweets - Biggest consumer
4994,Sweets - Biggest consumer
7966,Sweets - Frequent consumer
3112,Sweets - Low consumer
10872,Non consumer
2181,Sweets - Biggest consumer
1867,Sweets - Biggest consumer
1518,Sweets - Biggest consumer
5734,Sweets - Low consumer
2878,Sweets - Frequent consumer
1458,Sweets - Low consumer
7007,Sweets - Low consumer
6200,Sweets - Frequent consumer
1403,Sweets - Frequent consumer
4827,Sweets - Frequent consumer
6250,Non consumer
9291,Non consumer
2478,Sweets - Frequent consumer
1139,Sweets - Frequent consumer
5138,Sweets - Low consumer
5393,Sweets - Low consumer
10413,Sweets - Biggest consumer
5015,Sweets - Frequent consumer
10868,Sweets - Frequent consumer
10676,Sweets - Frequent consumer
2495,Sweets - Biggest consumer
7842,Sweets - Low consumer
9955,Sweets - Frequent consumer
6663,Non consumer
2162,Sweets - Frequent consumer
3434,Sweets - Frequent consumer
7919,Sweets - Frequent consumer
5626,Sweets - Frequent consumer
6428,Sweets - Biggest consumer
8514,Sweets - Low consumer
10448,Sweets - Frequent consumer
2109,Sweets - Frequent consumer
7530,Sweets - Low consumer
8925,Sweets - Biggest consumer
3009,Non consumer
6355,Sweets - Low consumer
3517,Sweets - Frequent consumer
1158,Non consumer
6203,Sweets - Biggest consumer
7165,Sweets - Biggest consumer
3595,Sweets - Biggest consumer
8537,Sweets - Biggest consumer
4331,Sweets - Frequent consumer
6281,Sweets - Biggest consumer
4338,Non consumer
2452,Sweets - Low consumer
9507,Sweets - Frequent consumer
8360,Sweets - Frequent consumer
10311,Sweets - Low consumer
5117,Sweets - Frequent consumer
4867,Non consumer
9289,Sweets - Low consumer
10913,Sweets - Low consumer
3032,Sweets - Frequent consumer
8524,Sweets - Frequent consumer
3334,Sweets - Biggest consumer
4470,Sweets - Frequent consumer
1406,Non consumer
8619,Sweets - Low consumer
10821,Sweets - Low consumer
4552,Sweets - Frequent consumer
898,Sweets - Frequent consumer
9797,Sweets - Frequent consumer
10949,Sweets - Frequent consumer
8212,Sweets - Frequent consumer
6248,Sweets - Frequent consumer
10164,Sweets - Biggest consumer
4547,Sweets - Low consumer
6815,Sweets - Biggest consumer
4122,Sweets - Frequent consumer
10841,Sweets - Frequent consumer
5370,Sweets - Frequent consumer
176,Sweets - Frequent consumer
4860,Sweets - Low consumer
10757,Non consumer
4023,Sweets - Frequent consumer
6679,Non consumer
9923,Non consumer
7181,Non consumer
3599,Sweets - Biggest consumer
405,Non consumer
6870,Sweets - Frequent consumer
832,Sweets - Frequent consumer
2002,Sweets - Frequent consumer
3657,Sweets - Frequent consumer
500,Sweets - Biggest consumer
1951,Sweets - Biggest consumer
3262,Sweets - Biggest consumer
4102,Sweets - Low consumer
7042,Sweets - Frequent consumer
10598,Sweets - Low consumer
255,Non consumer
2375,Sweets - Low consumer
9829,Sweets - Frequent consumer
6214,Sweets - Frequent consumer
4954,Sweets - Frequent consumer
7861,Non consumer
4837,Sweets - Frequent consumer
9423,Sweets - Low consumer
4198,Sweets - Low consumer
153,Sweets - Low consumer
9323,Sweets - Biggest consumer
10001,Sweets - Frequent consumer
3945,Sweets - Frequent consumer
3799,Sweets - Frequent consumer
8625,Sweets - Frequent consumer
3491,Sweets - Biggest consumer
983,Sweets - Frequent consumer
9119,Sweets - Frequent consumer
4786,Sweets - Biggest consumer
5872,Sweets - Frequent consumer
6568,Sweets - Frequent consumer
5628,Sweets - Biggest consumer
5631,Sweets - Frequent consumer
4974,Sweets - Biggest consumer
8416,Sweets - Frequent consumer
5454,Non consumer
4095,Sweets - Frequent consumer
5474,Sweets - Frequent consumer
4268,Sweets - Low consumer
10701,Sweets - Biggest consumer
3507,Sweets - Frequent consumer
2079,Sweets - Biggest consumer
626,Sweets - Low consumer
4426,Sweets - Low consumer
2591,Sweets - Biggest consumer
10509,Non consumer
6382,Non consumer
6673,Sweets - Frequent consumer
7441,Non consumer
1071,Sweets - Frequent consumer
10061,Sweets - Frequent consumer
8775,Sweets - Frequent consumer
2345,Sweets - Biggest consumer
322,Non consumer
10897,Sweets - Biggest consumer
123,Sweets - Biggest consumer
6103,Sweets - Frequent consumer
7899,Sweets - Frequent consumer
10500,Sweets - Frequent consumer
1655,Sweets - Low consumer
2406,Sweets - Frequent consumer
2712,Sweets - Frequent consumer
5517,Sweets - Low consumer
10643,Sweets - Biggest consumer
2254,Sweets - Biggest consumer
10281,Sweets - Biggest consumer
6958,Non consumer
954,Sweets - Frequent consumer
4643,Sweets - Frequent consumer
6497,Sweets - Frequent consumer
5396,Sweets - Biggest consumer
1052,Sweets - Biggest consumer
2802,Sweets - Frequent consumer
6343,Sweets - Biggest consumer
6507,Non consumer
7901,Sweets - Low consumer
4865,Sweets - Low consumer
2686,Sweets - Low consumer
3107,Sweets - Frequent consumer
7734,Sweets - Biggest consumer
1146,Sweets - Biggest consumer
11031,Non consumer
7428,Sweets - Biggest consumer
975,Sweets - Low consumer
1103,Non consumer
3422,Sweets - Frequent consumer
1055,Non consumer
6544,Sweets - Frequent consumer
1241,Sweets - Low consumer
2909,Sweets - Frequent consumer
5802,Sweets - Frequent consumer
1407,Sweets - Frequent consumer
6183,Sweets - Frequent consumer
340,Non consumer
5991,Sweets - Low consumer
3104,Sweets - Biggest consumer
9729,Sweets - Frequent consumer
1008,Sweets - Frequent consumer
11091,Non consumer
3969,Sweets - Frequent consumer
1916,Sweets - Low consumer
9907,Sweets - Frequent consumer
87,Sweets - Low consumer
8659,Sweets - Frequent consumer
6262,Sweets - Biggest consumer
6147,Sweets - Low consumer
8832,Sweets - Frequent consumer
10067,Non consumer
7532,Non consumer
4915,Sweets - Frequent consumer
2115,Non consumer
2088,Sweets - Frequent consumer
2493,Sweets - Frequent consumer
6292,Sweets - Biggest consumer
1631,Sweets - Frequent consumer
10104,Non consumer
3006,Sweets - Low consumer
3919,Sweets - Frequent consumer
11181,Sweets - Low consumer
642,Sweets - Frequent consumer
4369,Non consumer
10127,Sweets - Frequent consumer
271,Sweets - Frequent consumer
4973,Sweets - Low consumer
2948,Sweets - Frequent consumer
2715,Sweets - Low consumer
10432,Sweets - Frequent consumer
9216,Sweets - Low consumer
7124,Non consumer
9727,Sweets - Low consumer
5136,Sweets - Frequent consumer
9790,Sweets - Frequent consumer
1818,Sweets - Low consumer
1100,Sweets - Low consumer
7873,Sweets - Frequent consumer
10609,Sweets - Low consumer
6950,Sweets - Low consumer
7233,Sweets - Biggest consumer
9481,Sweets - Frequent consumer
7699,Sweets - Frequent consumer
2711,Sweets - Frequent consumer
8933,Sweets - Frequent consumer
8726,Sweets - Frequent consumer
1515,Sweets - Low consumer
5186,Sweets - Frequent consumer
10157,Sweets - Frequent consumer
5667,Sweets - Biggest consumer
902,Sweets - Frequent consumer
977,Sweets - Frequent consumer
7313,Sweets - Biggest consumer
7600,Sweets - Low consumer
9706,Non consumer
2429,Sweets - Biggest consumer
3520,Sweets - Frequent consumer
10394,Sweets - Biggest consumer
4548,Sweets - Low consumer
9362,Sweets - Frequent consumer
3968,Non consumer
4084,Sweets - Biggest consumer
6721,Sweets - Frequent consumer
2829,Sweets - Frequent consumer
1772,Sweets - Biggest consumer
1544,Sweets - Biggest consumer
492,Sweets - Low consumer
4377,Sweets - Frequent consumer
4541,Sweets - Frequent consumer
1321,Sweets - Low consumer
8858,Non consumer
3266,Sweets - Frequent consumer
11187,Sweets - Frequent consumer
8207,Non consumer
9723,Sweets - Frequent consumer
2666,Non consumer
5721,Sweets - Biggest consumer
10652,Non consumer
1646,Sweets - Low consumer
4418,Sweets - Biggest consumer
2656,Sweets - Low consumer
7990,Sweets - Low consumer
8722,Sweets - Biggest consumer
7118,Sweets - Frequent consumer
2980,Sweets - Low consumer
1839,Sweets - Low consumer
10722,Sweets - Low consumer
2632,Non consumer
9014,Non consumer
7620,Sweets - Frequent consumer
10968,Sweets - Frequent consumer
11133,Sweets - Low consumer
2736,Sweets - Biggest consumer
1876,Sweets - Low consumer
5959,Non consumer
1092,Sweets - Frequent consumer
4333,Non consumer
3850,Sweets - Low consumer
6168,Non consumer
607,Non consumer
10469,Sweets - Frequent consumer
6983,Sweets - Low consumer
3661,Sweets - Biggest consumer
9303,Sweets - Low consumer
692,Non consumer
736,Sweets - Low consumer
9589,Sweets - Biggest consumer
4838,Non consumer
9246,Sweets - Frequent consumer
6261,Sweets - Biggest consumer
7366,Sweets - Frequent consumer
10659,Sweets - Frequent consumer
1448,Sweets - Low consumer
4286,Non consumer
4749,Non consumer
4478,Sweets - Frequent consumer
4201,Non consumer
10084,Non consumer
7004,Sweets - Low consumer
9817,Sweets - Frequent consumer
8080,Sweets - Low consumer
8372,Sweets - Low consumer
10870,Sweets - Biggest consumer
4001,Non consumer
7270,Sweets - Frequent consumer
8235,Sweets - Frequent consumer
9405,Sweets - Low consumer
