account_id,wines-segment
5524,Wines - Biggest consumer
2174,Wines - Low consumer
4141,Wines - Frequent consumer
6182,Wines - Low consumer
5324,Wines - Frequent consumer
7446,Wines - Biggest consumer
965,Wines - Frequent consumer
6177,Wines - Frequent consumer
4855,Wines - Low consumer
5899,Wines - Frequent consumer
387,Wines - Low consumer
2125,Wines - Frequent consumer
8180,Wines - Frequent consumer
2569,Wines - Low consumer
2114,Wines - Biggest consumer
9736,Wines - Frequent consumer
4939,Wines - Frequent consumer
6565,Wines - Biggest consumer
2278,Wines - Low consumer
9360,Wines - Frequent consumer
5376,Wines - Low consumer
1993,Wines - Biggest consumer
4047,Wines - Frequent consumer
1409,Wines - Frequent consumer
7892,Wines - Low consumer
2404,Wines - Frequent consumer
9422,Wines - Frequent consumer
1966,Wines - Biggest consumer
6864,Wines - Low consumer
3033,Wines - Frequent consumer
5710,Wines - Frequent consumer
7373,Wines - Frequent consumer
8755,Wines - Frequent consumer
10738,Wines - Frequent consumer
4339,Wines - Biggest consumer
10755,Wines - Low consumer
8595,Wines - Frequent consumer
2968,Wines - Frequent consumer
8601,Wines - Frequent consumer
503,Wines - Low consumer
8430,Wines - Low consumer
2139,Wines - Low consumer
1371,Wines - Frequent consumer
9909,Wines - Low consumer
7286,Wines - Low consumer
6566,Wines - Biggest consumer
8614,Wines - Frequent consumer
4114,Wines - Biggest consumer
1331,Wines - Low consumer
2225,Wines - Biggest consumer
9381,Wines - Frequent consumer
6260,Wines - Biggest consumer
10383,Wines - Frequent consumer
7437,Wines - Low consumer
8375,Wines - Frequent consumer
6853,Wines - Biggest consumer
3076,Wines - Frequent consumer
1012,Wines - Biggest consumer
6518,Wines - Biggest consumer
4137,Wines - Frequent consumer
8082,Wines - Low consumer
1386,Wines - Low consumer
9369,Wines - Biggest consumer
4477,Wines - Frequent consumer
1357,Wines - Biggest consumer
1402,Wines - Frequent consumer
6312,Wines - Frequent consumer
8132,Wines - Biggest consumer
1050,Wines - Low consumer
5846,Wines - Low consumer
1859,Wines - Biggest consumer
7503,Wines - Biggest consumer
10401,Wines - Low consumer
1618,Wines - Biggest consumer
3332,Wines - Frequent consumer
2261,Wines - Low consumer
5346,Wines - Frequent consumer
4119,Wines - Frequent consumer
535,Wines - Frequent consumer
5268,Wines - Low consumer
273,Wines - Frequent consumer
4452,Wines - Frequent consumer
8504,Wines - Frequent consumer
771,Wines - Frequent consumer
11178,Wines - Low consumer
2230,Wines - Frequent consumer
7516,Wines - Low consumer
7247,Wines - Frequent consumer
11100,Wines - Frequent consumer
4646,Wines - Frequent consumer
3037,Wines - Frequent consumer
1473,Wines - Frequent consumer
1016,Wines - Frequent consumer
4518,Wines - Frequent consumer
9370,Wines - Biggest consumer
8908,Wines - Frequent consumer
8373,Wines - Low consumer
7533,Wines - Frequent consumer
2683,Wines - Frequent consumer
3629,Wines - Frequent consumer
10991,Wines - Frequent consumer
5077,Wines - Frequent consumer
7431,Wines - Biggest consumer
3267,Wines - Biggest consumer
999,Wines - Frequent consumer
9215,Wines - Frequent consumer
2286,Wines - Frequent consumer
1592,Wines - Biggest consumer
367,Wines - Frequent consumer
5234,Wines - Low consumer
9862,Wines - Low consumer
9805,Wines - Frequent consumer
6205,Wines - Frequent consumer
8442,Wines - Low consumer
7386,Wines - Low consumer
7215,Wines - Biggest consumer
1491,Wines - Frequent consumer
11071,Wines - Frequent consumer
3381,Wines - Frequent consumer
11051,Wines - Frequent consumer
8026,Wines - Frequent consumer
433,Wines - Biggest consumer
9597,Wines - Frequent consumer
5290,Wines - Frequent consumer
1685,Wines - Biggest consumer
5342,Non consumer
9579,Wines - Frequent consumer
7660,Wines - Low consumer
1461,Wines - Low consumer
821,Wines - Biggest consumer
11084,Wines - Biggest consumer
8690,Wines - Frequent consumer
2937,Wines - Biggest consumer
9701,Wines - Frequent consumer
9949,Wines - Biggest consumer
10837,Wines - Low consumer
3120,Wines - Low consumer
5885,Wines - Frequent consumer
4050,Wines - Frequent consumer
3830,Wines - Frequent consumer
7987,Wines - Frequent consumer
7798,Wines - Frequent consumer
92,Wines - Low consumer
7055,Wines - Biggest consumer
10240,Wines - Biggest consumer
3025,Wines - Frequent consumer
9283,Wines - Low consumer
9970,Wines - Frequent consumer
2730,Wines - Biggest consumer
2795,Wines - Low consumer
9260,Wines - Biggest consumer
8182,Wines - Frequent consumer
10095,Wines - Biggest consumer
8475,Wines - Low consumer
4370,Wines - Low consumer
10573,Wines - Frequent consumer
3712,Wines - Frequent consumer
6637,Wines - Frequent consumer
3152,Wines - Low consumer
5610,Wines - Low consumer
6460,Wines - Low consumer
1349,Wines - Frequent consumer
1880,Wines - Frequent consumer
641,Wines - Frequent consumer
8717,Wines - Biggest consumer
10314,Wines - Biggest consumer
10854,Wines - Frequent consumer
10492,Wines - Low consumer
6935,Wines - Frequent consumer
7698,Wines - Frequent consumer
3559,Wines - Low consumer
10562,Wines - Biggest consumer
10796,Wines - Frequent consumer
2563,Wines - Low consumer
3518,Wines - Low consumer
5823,Wines - Frequent consumer
3934,Wines - Frequent consumer
6982,Wines - Biggest consumer
6431,Wines - Frequent consumer
9733,Wines - Low consumer
5602,Wines - Frequent consumer
7829,Wines - Low consumer
1324,Wines - Low consumer
326,Wines - Frequent consumer
7224,Wines - Low consumer
6999,Wines - Biggest consumer
9938,Wines - Biggest consumer
6422,Wines - Frequent consumer
3182,Wines - Frequent consumer
7300,Wines - Frequent consumer
10424,Wines - Frequent consumer
8727,Wines - Biggest consumer
2798,Wines - Biggest consumer
1030,Wines - Low consumer
624,Wines - Low consumer
5176,Wines - Low consumer
5552,Wines - Frequent consumer
868,Wines - Frequent consumer
380,Wines - Biggest consumer
2677,Wines - Frequent consumer
6521,Wines - Biggest consumer
6927,Wines - Frequent consumer
2877,Wines - Frequent consumer
0,Wines - Frequent consumer
1584,Wines - Frequent consumer
7264,Wines - Low consumer
6274,Wines - Biggest consumer
1377,Wines - Frequent consumer
454,Wines - Biggest consumer
1755,Wines - Frequent consumer
2075,Wines - Frequent consumer
4785,Wines - Biggest consumer
9076,Wines - Frequent consumer
7079,Wines - Biggest consumer
4653,Wines - Frequent consumer
7375,Wines - Frequent consumer
709,Wines - Biggest consumer
460,Wines - Biggest consumer
3726,Wines - Low consumer
6798,Wines - Frequent consumer
5341,Wines - Biggest consumer
1606,Wines - Low consumer
9617,Non consumer
3233,Wines - Biggest consumer
89,Wines - Low consumer
2936,Wines - Low consumer
9449,Wines - Frequent consumer
7297,Wines - Low consumer
11004,Wines - Low consumer
313,Wines - Biggest consumer
9940,Wines - Frequent consumer
10735,Wines - Low consumer
9529,Wines - Biggest consumer
6439,Wines - Biggest consumer
7411,Wines - Low consumer
2176,Wines - Biggest consumer
9265,Wines - Biggest consumer
8867,Wines - Biggest consumer
8932,Wines - Biggest consumer
10236,Wines - Low consumer
6340,Wines - Low consumer
10089,Wines - Frequent consumer
2227,Wines - Frequent consumer
10992,Wines - Biggest consumer
5304,Wines - Low consumer
309,Wines - Biggest consumer
3406,Wines - Frequent consumer
2661,Wines - Low consumer
3153,Wines - Low consumer
10264,Wines - Low consumer
1184,Wines - Biggest consumer
4200,Wines - Frequent consumer
9396,Wines - Low consumer
2387,Wines - Frequent consumer
6690,Wines - Frequent consumer
1225,Wines - Frequent consumer
9703,Wines - Frequent consumer
291,Wines - Frequent consumer
4557,Wines - Low consumer
2379,Wines - Biggest consumer
5726,Wines - Low consumer
3066,Wines - Frequent consumer
6336,Wines - Low consumer
10967,Wines - Frequent consumer
2304,Wines - Biggest consumer
3445,Wines - Frequent consumer
7828,Wines - Frequent consumer
3762,Wines - Frequent consumer
4391,Wines - Biggest consumer
4669,Wines - Low consumer
10144,Wines - Frequent consumer
8652,Wines - Frequent consumer
1672,Wines - Frequent consumer
8962,Wines - Frequent consumer
9974,Wines - Low consumer
10983,Wines - Frequent consumer
8148,Wines - Frequent consumer
10102,Wines - Frequent consumer
4697,Wines - Frequent consumer
9262,Wines - Low consumer
7254,Wines - Frequent consumer
4543,Wines - Biggest consumer
4927,Wines - Low consumer
10451,Wines - Low consumer
2926,Wines - Biggest consumer
2874,Wines - Low consumer
9738,Wines - Frequent consumer
7119,Wines - Frequent consumer
3924,Wines - Biggest consumer
5827,Wines - Frequent consumer
5596,Wines - Biggest consumer
10812,Wines - Frequent consumer
1717,Wines - Frequent consumer
9491,Wines - Low consumer
9274,Wines - Biggest consumer
6609,Wines - Low consumer
6963,Wines - Biggest consumer
4440,Wines - Biggest consumer
1379,Wines - Frequent consumer
10032,Wines - Low consumer
2826,Wines - Frequent consumer
6320,Wines - Biggest consumer
3050,Wines - Frequent consumer
231,Wines - Low consumer
2392,Wines - Frequent consumer
9478,Wines - Frequent consumer
113,Wines - Low consumer
1802,Wines - Frequent consumer
520,Wines - Low consumer
8275,Wines - Low consumer
9750,Wines - Biggest consumer
2607,Wines - Frequent consumer
7214,Wines - Biggest consumer
5835,Wines - Low consumer
3896,Wines - Low consumer
10350,Wines - Frequent consumer
7786,Wines - Frequent consumer
2861,Wines - Low consumer
663,Wines - Frequent consumer
10675,Wines - Biggest consumer
2521,Wines - Low consumer
9592,Wines - Low consumer
10151,Wines - Frequent consumer
7381,Wines - Biggest consumer
4099,Wines - Low consumer
9560,Wines - Biggest consumer
1150,Wines - Biggest consumer
10172,Wines - Frequent consumer
11191,Wines - Frequent consumer
9707,Wines - Biggest consumer
6245,Wines - Frequent consumer
8234,Wines - Low consumer
1411,Wines - Frequent consumer
8553,Wines - Frequent consumer
1826,Wines - Frequent consumer
8842,Wines - Low consumer
11030,Wines - Low consumer
2579,Wines - Frequent consumer
175,Wines - Biggest consumer
9185,Wines - Frequent consumer
11056,Wines - Biggest consumer
9365,Wines - Biggest consumer
6201,Wines - Low consumer
2061,Wines - Frequent consumer
6184,Wines - Biggest consumer
6142,Wines - Biggest consumer
4107,Wines - Frequent consumer
7274,Wines - Biggest consumer
9336,Wines - Biggest consumer
2958,Wines - Low consumer
933,Wines - Low consumer
5837,Wines - Frequent consumer
10704,Wines - Frequent consumer
5125,Wines - Frequent consumer
4432,Wines - Low consumer
5955,Wines - Biggest consumer
2928,Wines - Biggest consumer
5680,Wines - Low consumer
10313,Wines - Frequent consumer
2557,Wines - Low consumer
1245,Wines - Biggest consumer
1519,Wines - Frequent consumer
10703,Wines - Frequent consumer
1726,Wines - Low consumer
4459,Wines - Low consumer
1729,Wines - Biggest consumer
1517,Wines - Low consumer
2098,Wines - Low consumer
9543,Wines - Low consumer
6878,Wines - Frequent consumer
3310,Wines - Frequent consumer
2724,Wines - Low consumer
948,Wines - Low consumer
6720,Wines - Frequent consumer
6202,Wines - Biggest consumer
2066,Wines - Frequent consumer
9799,Wines - Biggest consumer
8318,Wines - Biggest consumer
5642,Wines - Frequent consumer
2669,Wines - Frequent consumer
455,Wines - Frequent consumer
7683,Wines - Biggest consumer
3428,Wines - Biggest consumer
7414,Wines - Frequent consumer
6354,Wines - Low consumer
798,Wines - Low consumer
8213,Wines - Low consumer
2488,Wines - Low consumer
9999,Wines - Biggest consumer
7617,Wines - Frequent consumer
615,Wines - Frequent consumer
2552,Wines - Frequent consumer
194,Wines - Low consumer
3645,Wines - Low consumer
8890,Wines - Frequent consumer
5049,Wines - Low consumer
9973,Wines - Frequent consumer
7301,Wines - Low consumer
10882,Wines - Frequent consumer
7030,Wines - Biggest consumer
7422,Wines - Frequent consumer
3523,Wines - Biggest consumer
7106,Wines - Frequent consumer
6504,Wines - Low consumer
5067,Wines - Biggest consumer
4216,Wines - Biggest consumer
8581,Wines - Biggest consumer
5929,Wines - Low consumer
3129,Wines - Low consumer
6528,Wines - Low consumer
1361,Wines - Biggest consumer
6932,Wines - Biggest consumer
7284,Wines - Low consumer
1340,Wines - Biggest consumer
8746,Wines - Biggest consumer
5987,Wines - Low consumer
3767,Wines - Frequent consumer
3725,Wines - Biggest consumer
4324,Wines - Frequent consumer
238,Wines - Biggest consumer
6694,Wines - Frequent consumer
498,Wines - Frequent consumer
9347,Wines - Frequent consumer
9699,Wines - Frequent consumer
10664,Wines - Frequent consumer
5455,Wines - Frequent consumer
456,Wines - Low consumer
5012,Wines - Low consumer
7495,Wines - Frequent consumer
5029,Wines - Low consumer
10642,Wines - Low consumer
2106,Non consumer
10364,Non consumer
5954,Wines - Frequent consumer
1137,Wines - Frequent consumer
2541,Wines - Low consumer
1142,Wines - Frequent consumer
2276,Wines - Frequent consumer
2807,Wines - Biggest consumer
6471,Wines - Low consumer
6131,Wines - Frequent consumer
6233,Wines - Frequent consumer
4148,Wines - Frequent consumer
4947,Wines - Biggest consumer
3225,Wines - Frequent consumer
7540,Wines - Frequent consumer
10648,Wines - Frequent consumer
1992,Wines - Biggest consumer
7851,Wines - Frequent consumer
8594,Wines - Frequent consumer
7059,Wines - Frequent consumer
2815,Wines - Low consumer
2416,Wines - Biggest consumer
7999,Wines - Biggest consumer
9213,Wines - Low consumer
9697,Wines - Frequent consumer
3916,Wines - Biggest consumer
2021,Wines - Biggest consumer
1581,Wines - Low consumer
564,Wines - Biggest consumer
6619,Wines - Low consumer
9081,Wines - Low consumer
178,Wines - Frequent consumer
916,Wines - Low consumer
5512,Wines - Frequent consumer
8970,Wines - Frequent consumer
10581,Wines - Frequent consumer
5300,Wines - Low consumer
5154,Wines - Frequent consumer
8346,Wines - Frequent consumer
1676,Wines - Frequent consumer
9286,Wines - Frequent consumer
2426,Wines - Frequent consumer
5172,Wines - Biggest consumer
5562,Wines - Frequent consumer
3436,Wines - Low consumer
3921,Wines - Low consumer
3403,Wines - Biggest consumer
22,Wines - Frequent consumer
10965,Wines - Biggest consumer
9426,Wines - Biggest consumer
6605,Wines - Frequent consumer
3136,Wines - Frequent consumer
8737,Wines - Frequent consumer
11088,Wines - Biggest consumer
716,Wines - Biggest consumer
466,Wines - Frequent consumer
9135,Wines - Low consumer
10623,Wines - Frequent consumer
8151,Wines - Low consumer
5140,Wines - Biggest consumer
10160,Wines - Frequent consumer
4945,Wines - Biggest consumer
10584,Wines - Frequent consumer
6071,Wines - Frequent consumer
3386,Wines - Frequent consumer
8939,Wines - Frequent consumer
9925,Wines - Frequent consumer
4320,Wines - Frequent consumer
5389,Wines - Frequent consumer
6036,Wines - Biggest consumer
182,Wines - Frequent consumer
203,Wines - Biggest consumer
11025,Wines - Frequent consumer
10203,Wines - Low consumer
4607,Wines - Frequent consumer
3711,Wines - Biggest consumer
3696,Wines - Frequent consumer
2532,Wines - Biggest consumer
9214,Wines - Frequent consumer
4943,Wines - Biggest consumer
35,Wines - Frequent consumer
2258,Wines - Low consumer
4322,Wines - Biggest consumer
713,Wines - Frequent consumer
4702,Wines - Biggest consumer
3281,Wines - Frequent consumer
702,Wines - Frequent consumer
2004,Wines - Biggest consumer
4769,Wines - Frequent consumer
4437,Wines - Frequent consumer
8724,Wines - Low consumer
10741,Wines - Frequent consumer
1991,Wines - Frequent consumer
6931,Wines - Frequent consumer
11096,Wines - Frequent consumer
304,Wines - Low consumer
3665,Wines - Low consumer
10591,Wines - Frequent consumer
5036,Wines - Frequent consumer
5547,Wines - Biggest consumer
7822,Wines - Frequent consumer
8541,Wines - Low consumer
10955,Wines - Frequent consumer
4368,Wines - Frequent consumer
9671,Wines - Low consumer
2256,Wines - Low consumer
4279,Wines - Low consumer
5371,Wines - Low consumer
9240,Wines - Frequent consumer
9460,Wines - Frequent consumer
9504,Wines - Frequent consumer
8692,Wines - Frequent consumer
448,Wines - Frequent consumer
8314,Wines - Biggest consumer
8420,Wines - Low consumer
3174,Wines - Biggest consumer
7685,Wines - Frequent consumer
3179,Wines - Frequent consumer
9780,Wines - Frequent consumer
10681,Wines - Frequent consumer
10232,Wines - Frequent consumer
4184,Wines - Frequent consumer
9120,Wines - Biggest consumer
891,Wines - Low consumer
10381,Wines - Low consumer
3525,Wines - Low consumer
6818,Wines - Frequent consumer
3526,Wines - Frequent consumer
8181,Wines - Frequent consumer
1029,Wines - Frequent consumer
7369,Wines - Frequent consumer
2574,Wines - Biggest consumer
8159,Wines - Frequent consumer
1160,Wines - Low consumer
10242,Wines - Frequent consumer
5253,Wines - Frequent consumer
5966,Wines - Frequent consumer
5314,Wines - Frequent consumer
5081,Wines - Low consumer
5123,Wines - Frequent consumer
5756,Wines - Frequent consumer
8036,Wines - Frequent consumer
9058,Wines - Biggest consumer
5057,Wines - Frequent consumer
254,Wines - Frequent consumer
4179,Wines - Low consumer
3710,Wines - Low consumer
7627,Wines - Biggest consumer
4501,Wines - Frequent consumer
6424,Wines - Low consumer
3075,Wines - Frequent consumer
4992,Wines - Low consumer
5252,Wines - Low consumer
7444,Wines - Low consumer
6919,Wines - Low consumer
3537,Wines - Frequent consumer
10277,Wines - Frequent consumer
2453,Wines - Biggest consumer
7972,Wines - Frequent consumer
895,Wines - Frequent consumer
1177,Wines - Frequent consumer
7141,Wines - Frequent consumer
7232,Wines - Frequent consumer
8477,Wines - Low consumer
2457,Wines - Low consumer
988,Wines - Frequent consumer
7930,Wines - Frequent consumer
4587,Wines - Frequent consumer
6682,Wines - Low consumer
6222,Wines - Frequent consumer
10299,Wines - Frequent consumer
3083,Wines - Frequent consumer
8953,Wines - Frequent consumer
1503,Wines - Frequent consumer
8650,Wines - Low consumer
10862,Wines - Frequent consumer
2782,Wines - Frequent consumer
6941,Wines - Low consumer
10972,Wines - Biggest consumer
10708,Wines - Low consumer
6583,Wines - Frequent consumer
3641,Wines - Low consumer
10156,Wines - Frequent consumer
4299,Wines - Biggest consumer
3469,Wines - Low consumer
5063,Wines - Frequent consumer
10727,Wines - Biggest consumer
9624,Wines - Biggest consumer
5156,Wines - Frequent consumer
4376,Wines - Low consumer
8923,Wines - Biggest consumer
8461,Wines - Low consumer
6945,Wines - Frequent consumer
944,Wines - Frequent consumer
1907,Wines - Biggest consumer
701,Wines - Biggest consumer
3856,Wines - Biggest consumer
4149,Wines - Biggest consumer
2131,Wines - Biggest consumer
2942,Wines - Frequent consumer
1173,Wines - Biggest consumer
4381,Wines - Frequent consumer
4611,Wines - Biggest consumer
3376,Wines - Frequent consumer
4679,Wines - Biggest consumer
10928,Wines - Frequent consumer
4248,Wines - Biggest consumer
6728,Wines - Low consumer
6661,Wines - Biggest consumer
4725,Wines - Frequent consumer
3277,Wines - Frequent consumer
5555,Wines - Low consumer
2564,Wines - Frequent consumer
946,Wines - Frequent consumer
3867,Wines - Frequent consumer
6940,Wines - Frequent consumer
55,Wines - Biggest consumer
7093,Wines - Low consumer
5084,Wines - Frequent consumer
1777,Wines - Low consumer
8162,Wines - Low consumer
10826,Wines - Low consumer
8754,Wines - Low consumer
1987,Wines - Low consumer
11007,Wines - Frequent consumer
7426,Wines - Frequent consumer
9153,Wines - Frequent consumer
10379,Wines - Frequent consumer
9204,Wines - Frequent consumer
3197,Wines - Frequent consumer
2920,Wines - Biggest consumer
6961,Wines - Low consumer
4673,Wines - Biggest consumer
9937,Wines - Frequent consumer
8779,Wines - Frequent consumer
9596,Wines - Frequent consumer
2891,Wines - Biggest consumer
4910,Wines - Biggest consumer
75,Wines - Frequent consumer
10120,Wines - Frequent consumer
6327,Wines - Biggest consumer
10142,Wines - Frequent consumer
9826,Wines - Biggest consumer
1501,Wines - Frequent consumer
10767,Wines - Biggest consumer
7279,Wines - Frequent consumer
7230,Wines - Frequent consumer
143,Wines - Frequent consumer
450,Wines - Frequent consumer
9316,Wines - Low consumer
6379,Wines - Frequent consumer
9239,Wines - Frequent consumer
8315,Wines - Low consumer
2868,Wines - Low consumer
10888,Wines - Frequent consumer
1277,Wines - Frequent consumer
9977,Wines - Frequent consumer
10196,Wines - Frequent consumer
6384,Wines - Biggest consumer
8029,Wines - Biggest consumer
968,Wines - Frequent consumer
6988,Wines - Biggest consumer
4472,Wines - Low consumer
6991,Wines - Biggest consumer
3336,Wines - Biggest consumer
4301,Wines - Low consumer
1940,Wines - Low consumer
1272,Wines - Biggest consumer
1388,Wines - Low consumer
1044,Wines - Frequent consumer
6969,Wines - Frequent consumer
10479,Wines - Biggest consumer
3619,Wines - Frequent consumer
1715,Wines - Low consumer
10159,Wines - Frequent consumer
1463,Wines - Low consumer
5114,Wines - Biggest consumer
4990,Wines - Biggest consumer
4329,Wines - Low consumer
10936,Wines - Biggest consumer
4692,Wines - Low consumer
7212,Wines - Frequent consumer
6086,Wines - Frequent consumer
437,Wines - Frequent consumer
11171,Wines - Frequent consumer
11101,Wines - Frequent consumer
5329,Wines - Low consumer
610,Wines - Frequent consumer
9384,Wines - Frequent consumer
5956,Wines - Frequent consumer
10430,Wines - Biggest consumer
7875,Wines - Biggest consumer
7072,Wines - Frequent consumer
6255,Wines - Frequent consumer
6516,Non consumer
5564,Wines - Biggest consumer
5682,Wines - Biggest consumer
7458,Wines - Frequent consumer
5237,Wines - Frequent consumer
7761,Wines - Low consumer
5278,Wines - Frequent consumer
3560,Wines - Biggest consumer
7235,Wines - Low consumer
10548,Wines - Frequent consumer
2281,Wines - Low consumer
4073,Wines - Biggest consumer
6974,Wines - Biggest consumer
7938,Wines - Frequent consumer
7094,Wines - Frequent consumer
3667,Wines - Biggest consumer
7723,Wines - Biggest consumer
3870,Wines - Frequent consumer
4012,Wines - Biggest consumer
5909,Wines - Biggest consumer
10470,Wines - Frequent consumer
6488,Wines - Frequent consumer
10270,Wines - Low consumer
6887,Wines - Frequent consumer
6406,Wines - Biggest consumer
7573,Wines - Frequent consumer
4508,Wines - Frequent consumer
221,Wines - Frequent consumer
5331,Wines - Biggest consumer
1911,Wines - Biggest consumer
20,Wines - Frequent consumer
8786,Wines - Frequent consumer
10582,Wines - Frequent consumer
1915,Wines - Biggest consumer
8897,Wines - Frequent consumer
2371,Wines - Frequent consumer
4303,Wines - Frequent consumer
6825,Wines - Low consumer
1072,Wines - Frequent consumer
4964,Wines - Biggest consumer
2461,Wines - Frequent consumer
10736,Wines - Biggest consumer
3194,Wines - Frequent consumer
10839,Wines - Low consumer
49,Wines - Low consumer
4290,Wines - Low consumer
10219,Wines - Low consumer
4211,Wines - Low consumer
1135,Wines - Low consumer
6299,Wines - Frequent consumer
10846,Wines - Frequent consumer
347,Wines - Frequent consumer
6543,Wines - Biggest consumer
10446,Wines - Frequent consumer
3479,Wines - Low consumer
11075,Wines - Frequent consumer
4442,Wines - Frequent consumer
199,Wines - Frequent consumer
6722,Wines - Frequent consumer
796,Wines - Biggest consumer
3749,Wines - Biggest consumer
8523,Wines - Low consumer
310,Wines - Frequent consumer
8629,Wines - Low consumer
236,Wines - Frequent consumer
9930,Wines - Biggest consumer
3483,Wines - Biggest consumer
4599,Wines - Frequent consumer
7326,Wines - Frequent consumer
7352,Wines - Frequent consumer
2350,Wines - Biggest consumer
9145,Wines - Biggest consumer
2964,Wines - Low consumer
5585,Wines - Low consumer
9687,Wines - Frequent consumer
3732,Wines - Frequent consumer
6303,Wines - Frequent consumer
11176,Wines - Frequent consumer
2986,Wines - Low consumer
7462,Wines - Frequent consumer
3900,Wines - Biggest consumer
7034,Wines - Low consumer
9493,Wines - Biggest consumer
1143,Wines - Low consumer
1,Wines - Frequent consumer
3855,Wines - Frequent consumer
5536,Wines - Biggest consumer
5989,Wines - Biggest consumer
9499,Wines - Biggest consumer
6768,Wines - Low consumer
2150,Wines - Biggest consumer
6646,Wines - Low consumer
4887,Wines - Low consumer
8560,Wines - Frequent consumer
3321,Wines - Frequent consumer
11003,Wines - Low consumer
10402,Wines - Frequent consumer
9904,Wines - Frequent consumer
6141,Wines - Frequent consumer
5687,Wines - Biggest consumer
10856,Wines - Frequent consumer
5121,Wines - Frequent consumer
4186,Wines - Low consumer
368,Wines - Frequent consumer
3312,Wines - Low consumer
11121,Wines - Low consumer
5332,Wines - Frequent consumer
5848,Wines - Biggest consumer
10343,Wines - Biggest consumer
5935,Wines - Biggest consumer
2895,Wines - Frequent consumer
10262,Wines - Low consumer
7848,Wines - Frequent consumer
9477,Wines - Frequent consumer
4856,Wines - Biggest consumer
7186,Wines - Low consumer
5794,Wines - Frequent consumer
1456,Wines - Frequent consumer
4877,Wines - Frequent consumer
425,Wines - Frequent consumer
3007,Wines - Frequent consumer
1031,Wines - Biggest consumer
4297,Wines - Low consumer
807,Wines - Frequent consumer
9553,Non consumer
4271,Wines - Frequent consumer
4120,Wines - Frequent consumer
2036,Wines - Frequent consumer
115,Wines - Frequent consumer
4259,Wines - Low consumer
8687,Wines - Frequent consumer
2447,Wines - Low consumer
10140,Wines - Biggest consumer
9353,Wines - Biggest consumer
3623,Wines - Low consumer
738,Wines - Frequent consumer
7631,Wines - Biggest consumer
4789,Wines - Biggest consumer
773,Wines - Frequent consumer
10602,Wines - Frequent consumer
1446,Wines - Frequent consumer
3270,Wines - Low consumer
8443,Wines - Low consumer
9653,Wines - Frequent consumer
8916,Wines - Low consumer
8017,Wines - Low consumer
5830,Wines - Biggest consumer
4597,Wines - Biggest consumer
7023,Wines - Frequent consumer
8086,Wines - Frequent consumer
8825,Wines - Frequent consumer
2930,Wines - Biggest consumer
1928,Wines - Frequent consumer
7108,Wines - Frequent consumer
10925,Wines - Frequent consumer
9960,Non consumer
8800,Wines - Frequent consumer
9224,Wines - Biggest consumer
5519,Wines - Frequent consumer
5046,Wines - Biggest consumer
7037,Wines - Frequent consumer
905,Wines - Low consumer
8624,Wines - Frequent consumer
8945,Wines - Frequent consumer
6445,Wines - Frequent consumer
2727,Wines - Frequent consumer
6404,Wines - Frequent consumer
11074,Wines - Frequent consumer
10150,Wines - Frequent consumer
1968,Wines - Low consumer
6534,Wines - Frequent consumer
9485,Wines - Frequent consumer
7053,Wines - Biggest consumer
4654,Wines - Biggest consumer
9760,Wines - Biggest consumer
1048,Wines - Frequent consumer
10619,Wines - Biggest consumer
9308,Wines - Frequent consumer
10505,Wines - Biggest consumer
8362,Wines - Biggest consumer
2625,Wines - Frequent consumer
4637,Wines - Biggest consumer
9972,Wines - Frequent consumer
4483,Wines - Frequent consumer
4487,Wines - Low consumer
4988,Wines - Low consumer
8931,Wines - Biggest consumer
5871,Wines - Frequent consumer
2008,Wines - Frequent consumer
3139,Wines - Biggest consumer
10037,Wines - Frequent consumer
10673,Wines - Biggest consumer
5303,Wines - Frequent consumer
538,Wines - Frequent consumer
7922,Wines - Biggest consumer
5692,Wines - Low consumer
4843,Wines - Frequent consumer
6383,Wines - Frequent consumer
1628,Wines - Frequent consumer
1204,Wines - Biggest consumer
3673,Wines - Frequent consumer
760,Wines - Biggest consumer
8957,Wines - Frequent consumer
4128,Wines - Biggest consumer
6810,Wines - Frequent consumer
5386,Wines - Biggest consumer
8700,Wines - Low consumer
3202,Wines - Biggest consumer
1328,Wines - Frequent consumer
8405,Wines - Frequent consumer
6515,Wines - Low consumer
2882,Wines - Biggest consumer
7574,Wines - Low consumer
6387,Wines - Frequent consumer
5320,Wines - Frequent consumer
5048,Wines - Low consumer
8146,Wines - Frequent consumer
10031,Wines - Low consumer
5748,Wines - Frequent consumer
2134,Wines - Frequent consumer
1523,Wines - Frequent consumer
9665,Wines - Frequent consumer
4640,Wines - Biggest consumer
3635,Wines - Frequent consumer
3547,Wines - Low consumer
2456,Wines - Frequent consumer
5633,Wines - Frequent consumer
7801,Wines - Frequent consumer
10489,Wines - Biggest consumer
7011,Wines - Frequent consumer
2620,Wines - Low consumer
3933,Wines - Frequent consumer
10981,Wines - Frequent consumer
1734,Wines - Frequent consumer
10995,Wines - Low consumer
6357,Wines - Frequent consumer
9209,Wines - Biggest consumer
10286,Wines - Frequent consumer
2611,Wines - Biggest consumer
1600,Wines - Frequent consumer
3308,Wines - Frequent consumer
5407,Wines - Biggest consumer
2166,Wines - Low consumer
3955,Wines - Low consumer
6634,Wines - Low consumer
3056,Wines - Biggest consumer
5718,Wines - Biggest consumer
6872,Wines - Frequent consumer
8164,Wines - Biggest consumer
4580,Wines - Biggest consumer
9305,Wines - Frequent consumer
453,Wines - Frequent consumer
8545,Wines - Biggest consumer
9850,Wines - Low consumer
7378,Wines - Frequent consumer
7646,Wines - Frequent consumer
1640,Wines - Frequent consumer
5184,Wines - Low consumer
8492,Wines - Biggest consumer
11188,Wines - Low consumer
1212,Wines - Frequent consumer
9097,Wines - Frequent consumer
10473,Wines - Frequent consumer
7962,Wines - Biggest consumer
9984,Wines - Frequent consumer
5527,Wines - Low consumer
6374,Wines - Frequent consumer
7453,Wines - Frequent consumer
8952,Wines - Frequent consumer
241,Wines - Biggest consumer
8975,Wines - Low consumer
6119,Wines - Low consumer
5236,Wines - Biggest consumer
5723,Wines - Frequent consumer
1710,Wines - Frequent consumer
1970,Wines - Frequent consumer
5313,Wines - Frequent consumer
10634,Wines - Frequent consumer
7010,Wines - Biggest consumer
8562,Wines - Frequent consumer
3158,Wines - Low consumer
4436,Wines - Low consumer
5287,Wines - Frequent consumer
2445,Wines - Frequent consumer
6059,Wines - Biggest consumer
4550,Wines - Frequent consumer
4240,Wines - Low consumer
8911,Wines - Frequent consumer
3706,Wines - Low consumer
3628,Wines - Low consumer
10175,Wines - Low consumer
8985,Wines - Biggest consumer
5204,Wines - Frequent consumer
9220,Wines - Biggest consumer
9888,Wines - Frequent consumer
5263,Wines - Low consumer
1020,Wines - Frequent consumer
9503,Wines - Frequent consumer
10613,Wines - Frequent consumer
67,Wines - Frequent consumer
6019,Wines - Frequent consumer
5863,Wines - Frequent consumer
3717,Wines - Frequent consumer
6730,Wines - Frequent consumer
10749,Wines - Frequent consumer
4998,Wines - Frequent consumer
6287,Wines - Low consumer
5985,Wines - Frequent consumer
4754,Wines - Frequent consumer
4002,Wines - Frequent consumer
8870,Wines - Frequent consumer
966,Wines - Biggest consumer
4767,Wines - Biggest consumer
9725,Wines - Low consumer
4475,Wines - Biggest consumer
5740,Wines - Low consumer
5731,Wines - Low consumer
7290,Wines - Frequent consumer
3846,Wines - Frequent consumer
8104,Wines - Frequent consumer
4507,Wines - Biggest consumer
11013,Wines - Frequent consumer
4491,Wines - Biggest consumer
3759,Wines - Biggest consumer
1162,Wines - Frequent consumer
2055,Wines - Low consumer
10766,Wines - Frequent consumer
4415,Wines - Low consumer
3005,Wines - Biggest consumer
2223,Wines - Biggest consumer
4817,Wines - Low consumer
2875,Wines - Frequent consumer
10536,Wines - Frequent consumer
11112,Wines - Biggest consumer
3807,Wines - Frequent consumer
9197,Wines - Frequent consumer
10832,Wines - Frequent consumer
6421,Wines - Biggest consumer
4207,Wines - Biggest consumer
577,Wines - Low consumer
10855,Wines - Frequent consumer
3081,Wines - Low consumer
3535,Wines - Frequent consumer
247,Wines - Frequent consumer
8707,Wines - Biggest consumer
9523,Wines - Low consumer
6072,Wines - Biggest consumer
6295,Wines - Biggest consumer
10914,Wines - Low consumer
1509,Wines - Frequent consumer
5577,Wines - Low consumer
7348,Wines - Frequent consumer
1127,Wines - Biggest consumer
1833,Wines - Frequent consumer
4944,Wines - Frequent consumer
9080,Wines - Frequent consumer
6466,Wines - Frequent consumer
9964,Wines - Frequent consumer
4790,Wines - Biggest consumer
10245,Wines - Frequent consumer
1109,Wines - Low consumer
6001,Wines - Biggest consumer
5538,Wines - Biggest consumer
10552,Wines - Frequent consumer
1545,Wines - Frequent consumer
7409,Wines - Frequent consumer
4444,Wines - Low consumer
146,Wines - Biggest consumer
6271,Wines - Frequent consumer
10065,Wines - Low consumer
4741,Wines - Frequent consumer
246,Wines - Frequent consumer
375,Wines - Biggest consumer
1524,Wines - Biggest consumer
10022,Wines - Low consumer
7451,Wines - Biggest consumer
11010,Wines - Low consumer
4356,Wines - Biggest consumer
3885,Wines - Low consumer
1175,Wines - Frequent consumer
880,Wines - Low consumer
2320,Wines - Biggest consumer
850,Wines - Frequent consumer
4713,Wines - Frequent consumer
675,Wines - Frequent consumer
5025,Wines - Low consumer
2308,Wines - Frequent consumer
5995,Wines - Frequent consumer
6749,Wines - Biggest consumer
1010,Wines - Frequent consumer
8977,Wines - Low consumer
4756,Wines - Frequent consumer
3412,Wines - Biggest consumer
606,Wines - Low consumer
5961,Wines - Low consumer
2975,Wines - Biggest consumer
2894,Wines - Biggest consumer
7613,Wines - Frequent consumer
10542,Wines - Frequent consumer
8015,Wines - Biggest consumer
10617,Wines - Low consumer
11166,Wines - Frequent consumer
849,Wines - Frequent consumer
523,Wines - Low consumer
4066,Wines - Low consumer
8414,Wines - Frequent consumer
819,Wines - Biggest consumer
4961,Wines - Frequent consumer
749,Wines - Frequent consumer
5430,Wines - Frequent consumer
7755,Wines - Frequent consumer
10525,Wines - Low consumer
1453,Wines - Biggest consumer
8310,Wines - Biggest consumer
10710,Wines - Low consumer
5031,Wines - Biggest consumer
2613,Wines - Frequent consumer
213,Wines - Frequent consumer
967,Wines - Frequent consumer
1077,Wines - Frequent consumer
7959,Wines - Biggest consumer
640,Wines - Frequent consumer
4252,Wines - Frequent consumer
8432,Wines - Frequent consumer
6218,Wines - Frequent consumer
6905,Wines - Frequent consumer
5922,Wines - Frequent consumer
3598,Wines - Frequent consumer
6116,Wines - Low consumer
6263,Wines - Frequent consumer
10486,Wines - Frequent consumer
2410,Wines - Frequent consumer
193,Non consumer
3363,Non consumer
8278,Wines - Biggest consumer
10660,Wines - Frequent consumer
8686,Wines - Low consumer
1604,Wines - Frequent consumer
5907,Wines - Low consumer
10669,Wines - Frequent consumer
2918,Wines - Frequent consumer
5735,Wines - Biggest consumer
359,Wines - Frequent consumer
8387,Wines - Frequent consumer
1829,Wines - Biggest consumer
3839,Wines - Low consumer
9392,Wines - Low consumer
2292,Wines - Low consumer
10466,Wines - Low consumer
9855,Wines - Biggest consumer
4088,Wines - Frequent consumer
5231,Wines - Frequent consumer
590,Wines - Biggest consumer
8732,Wines - Biggest consumer
2315,Wines - Low consumer
3515,Wines - Frequent consumer
2245,Wines - Frequent consumer
6283,Wines - Biggest consumer
2246,Wines - Frequent consumer
6606,Wines - Biggest consumer
5545,Wines - Biggest consumer
7342,Wines - Frequent consumer
837,Wines - Frequent consumer
9500,Wines - Frequent consumer
3602,Wines - Frequent consumer
234,Wines - Low consumer
2995,Wines - Frequent consumer
1118,Wines - Biggest consumer
7789,Wines - Biggest consumer
3068,Wines - Low consumer
8955,Wines - Frequent consumer
945,Wines - Frequent consumer
5644,Wines - Frequent consumer
7192,Wines - Frequent consumer
2324,Wines - Biggest consumer
697,Wines - Biggest consumer
3439,Wines - Frequent consumer
1506,Wines - Frequent consumer
232,Wines - Frequent consumer
8876,Wines - Frequent consumer
4500,Wines - Biggest consumer
9739,Wines - Frequent consumer
10395,Wines - Low consumer
1176,Wines - Low consumer
1627,Wines - Frequent consumer
938,Wines - Frequent consumer
2740,Wines - Frequent consumer
257,Wines - Biggest consumer
4058,Wines - Biggest consumer
7736,Wines - Low consumer
8210,Wines - Frequent consumer
833,Wines - Frequent consumer
6230,Wines - Frequent consumer
7325,Wines - Low consumer
1307,Wines - Frequent consumer
1502,Wines - Low consumer
6211,Wines - Low consumer
843,Wines - Frequent consumer
4174,Wines - Frequent consumer
9757,Wines - Biggest consumer
6918,Wines - Low consumer
286,Wines - Frequent consumer
11086,Wines - Low consumer
1921,Wines - Frequent consumer
4138,Wines - Frequent consumer
7718,Wines - Frequent consumer
1291,Wines - Frequent consumer
6862,Wines - Low consumer
4136,Wines - Low consumer
803,Wines - Low consumer
4298,Wines - Low consumer
10833,Wines - Biggest consumer
9606,Wines - Biggest consumer
8534,Wines - Biggest consumer
5153,Wines - Biggest consumer
961,Wines - Frequent consumer
5011,Wines - Biggest consumer
6653,Wines - Frequent consumer
9094,Wines - Frequent consumer
810,Wines - Frequent consumer
5493,Wines - Low consumer
2147,Wines - Biggest consumer
5107,Wines - Low consumer
3979,Wines - Biggest consumer
6049,Wines - Biggest consumer
8147,Wines - Frequent consumer
1857,Wines - Frequent consumer
3910,Wines - Biggest consumer
5207,Wines - Frequent consumer
11114,Wines - Frequent consumer
5429,Wines - Frequent consumer
9400,Wines - Biggest consumer
1740,Wines - Biggest consumer
7488,Wines - Frequent consumer
195,Wines - Frequent consumer
635,Wines - Frequent consumer
7527,Wines - Low consumer
10319,Wines - Biggest consumer
2296,Wines - Low consumer
10637,Wines - Low consumer
2931,Wines - Biggest consumer
907,Wines - Frequent consumer
3698,Wines - Biggest consumer
9516,Wines - Biggest consumer
679,Wines - Low consumer
7384,Wines - Frequent consumer
5043,Wines - Low consumer
5267,Wines - Low consumer
339,Wines - Frequent consumer
2516,Wines - Low consumer
9010,Wines - Biggest consumer
378,Wines - Frequent consumer
4808,Wines - Low consumer
5068,Wines - Low consumer
7628,Wines - Frequent consumer
7128,Wines - Low consumer
2811,Wines - Frequent consumer
3551,Wines - Frequent consumer
1663,Wines - Low consumer
5543,Wines - Biggest consumer
1577,Wines - Biggest consumer
10641,Wines - Low consumer
5336,Wines - Frequent consumer
6024,Wines - Biggest consumer
1878,Wines - Low consumer
3099,Wines - Frequent consumer
6055,Wines - Biggest consumer
5841,Wines - Biggest consumer
3972,Wines - Frequent consumer
4394,Wines - Biggest consumer
5758,Wines - Biggest consumer
6658,Wines - Biggest consumer
4603,Wines - Frequent consumer
8427,Wines - Biggest consumer
10260,Wines - Frequent consumer
7143,Wines - Frequent consumer
8789,Wines - Frequent consumer
6197,Wines - Frequent consumer
4554,Wines - Frequent consumer
4937,Wines - Low consumer
1920,Wines - Frequent consumer
8749,Wines - Low consumer
1650,Wines - Biggest consumer
10377,Wines - Frequent consumer
9206,Wines - Frequent consumer
10971,Wines - Frequent consumer
6398,Wines - Low consumer
9212,Wines - Biggest consumer
7937,Wines - Low consumer
839,Wines - Frequent consumer
4246,Wines - Frequent consumer
158,Wines - Frequent consumer
4832,Wines - Low consumer
5621,Wines - Frequent consumer
1945,Wines - Biggest consumer
5147,Wines - Biggest consumer
2535,Wines - Frequent consumer
11039,Wines - Frequent consumer
9495,Wines - Frequent consumer
9635,Wines - Frequent consumer
2173,Wines - Low consumer
942,Wines - Frequent consumer
9386,Wines - Frequent consumer
5510,Wines - Frequent consumer
873,Wines - Biggest consumer
2253,Wines - Frequent consumer
5181,Wines - Low consumer
979,Wines - Low consumer
10390,Wines - Low consumer
4698,Wines - Frequent consumer
7793,Wines - Biggest consumer
1745,Wines - Biggest consumer
10590,Wines - Biggest consumer
5080,Wines - Frequent consumer
8369,Wines - Low consumer
5232,Wines - Frequent consumer
2407,Wines - Biggest consumer
3834,Wines - Frequent consumer
7912,Wines - Low consumer
7712,Wines - Frequent consumer
1065,Wines - Biggest consumer
7275,Wines - Frequent consumer
1343,Wines - Frequent consumer
1384,Wines - Low consumer
9967,Wines - Frequent consumer
6181,Wines - Frequent consumer
10507,Wines - Biggest consumer
2674,Wines - Biggest consumer
2698,Wines - Frequent consumer
3231,Wines - Low consumer
4096,Wines - Frequent consumer
10476,Wines - Frequent consumer
5948,Wines - Frequent consumer
9140,Wines - Frequent consumer
10258,Wines - Frequent consumer
5675,Wines - Frequent consumer
4743,Wines - Biggest consumer
8805,Wines - Frequent consumer
1542,Wines - Frequent consumer
6770,Wines - Low consumer
8773,Wines - Frequent consumer
10420,Wines - Frequent consumer
7514,Wines - Frequent consumer
793,Wines - Low consumer
10909,Wines - Biggest consumer
8702,Wines - Low consumer
4791,Wines - Low consumer
2963,Wines - Biggest consumer
8216,Wines - Frequent consumer
8140,Wines - Low consumer
10146,Wines - Frequent consumer
5289,Wines - Low consumer
2587,Wines - Low consumer
4405,Wines - Biggest consumer
8663,Wines - Low consumer
2589,Wines - Frequent consumer
3421,Wines - Biggest consumer
10490,Wines - Frequent consumer
4094,Wines - Frequent consumer
9958,Wines - Biggest consumer
2534,Wines - Frequent consumer
4188,Wines - Frequent consumer
6613,Wines - Biggest consumer
10827,Wines - Frequent consumer
5491,Wines - Frequent consumer
8402,Wines - Frequent consumer
8783,Wines - Frequent consumer
10010,Wines - Frequent consumer
618,Wines - Frequent consumer
9121,Wines - Biggest consumer
361,Wines - Low consumer
4310,Wines - Frequent consumer
2678,Wines - Frequent consumer
6376,Wines - Frequent consumer
524,Wines - Low consumer
10341,Wines - Frequent consumer
5654,Wines - Low consumer
4098,Wines - Low consumer
5824,Wines - Low consumer
7000,Wines - Frequent consumer
2561,Wines - Biggest consumer
5229,Wines - Frequent consumer
4086,Wines - Low consumer
2428,Wines - Low consumer
8254,Wines - Low consumer
2836,Wines - Low consumer
8418,Wines - Low consumer
1362,Wines - Frequent consumer
7152,Wines - Low consumer
10033,Wines - Low consumer
9349,Wines - Biggest consumer
274,Wines - Low consumer
3388,Wines - Frequent consumer
922,Wines - Low consumer
8588,Wines - Frequent consumer
2518,Wines - Low consumer
574,Wines - Low consumer
3220,Wines - Frequent consumer
5967,Wines - Frequent consumer
1183,Wines - Low consumer
6856,Wines - Low consumer
4530,Wines - Biggest consumer
1553,Wines - Biggest consumer
4682,Wines - Frequent consumer
8204,Wines - Frequent consumer
5221,Wines - Biggest consumer
1232,Wines - Biggest consumer
1927,Wines - Frequent consumer
5788,Wines - Frequent consumer
6652,Wines - Frequent consumer
6246,Wines - Biggest consumer
5975,Wines - Frequent consumer
6875,Wines - Frequent consumer
4399,Wines - Frequent consumer
4042,Wines - Frequent consumer
2157,Wines - Low consumer
10133,Wines - Biggest consumer
2525,Wines - Frequent consumer
8233,Wines - Biggest consumer
9483,Wines - Frequent consumer
2945,Wines - Frequent consumer
10403,Wines - Low consumer
5074,Wines - Frequent consumer
10524,Wines - Frequent consumer
4690,Wines - Frequent consumer
7521,Wines - Biggest consumer
7196,Wines - Low consumer
4406,Wines - Biggest consumer
9672,Wines - Low consumer
4864,Wines - Frequent consumer
4706,Wines - Frequent consumer
4070,Wines - Frequent consumer
25,Wines - Frequent consumer
3697,Wines - Frequent consumer
217,Wines - Biggest consumer
4220,Wines - Frequent consumer
5286,Wines - Frequent consumer
9559,Wines - Biggest consumer
2849,Wines - Frequent consumer
7787,Wines - Biggest consumer
3102,Wines - Low consumer
5868,Wines - Low consumer
8370,Wines - Frequent consumer
9988,Wines - Biggest consumer
2939,Wines - Biggest consumer
5529,Wines - Frequent consumer
9743,Wines - Biggest consumer
5763,Wines - Frequent consumer
3478,Wines - Frequent consumer
7494,Wines - Frequent consumer
1763,Wines - Biggest consumer
7250,Wines - Frequent consumer
2005,Wines - Low consumer
10770,Wines - Frequent consumer
6885,Wines - Frequent consumer
2072,Wines - Biggest consumer
9463,Wines - Biggest consumer
6318,Wines - Biggest consumer
4093,Wines - Frequent consumer
5751,Wines - Low consumer
3340,Wines - Frequent consumer
3594,Wines - Biggest consumer
3584,Wines - Biggest consumer
3643,Wines - Biggest consumer
851,Wines - Frequent consumer
7706,Wines - Frequent consumer
3967,Wines - Frequent consumer
10128,Wines - Biggest consumer
486,Wines - Frequent consumer
9,Wines - Frequent consumer
9451,Wines - Biggest consumer
9264,Wines - Frequent consumer
3865,Wines - Low consumer
2853,Wines - Frequent consumer
1490,Wines - Biggest consumer
6310,Wines - Frequent consumer
10380,Wines - Frequent consumer
3887,Wines - Low consumer
4278,Wines - Biggest consumer
8643,Wines - Frequent consumer
1998,Wines - Frequent consumer
10795,Wines - Low consumer
11110,Wines - Low consumer
2408,Wines - Frequent consumer
202,Wines - Frequent consumer
7998,Wines - Frequent consumer
830,Wines - Biggest consumer
3536,Wines - Low consumer
6050,Wines - Biggest consumer
125,Wines - Frequent consumer
3463,Wines - Biggest consumer
2804,Wines - Frequent consumer
3745,Wines - Low consumer
9771,Wines - Frequent consumer
451,Wines - Low consumer
10530,Wines - Frequent consumer
1079,Wines - Biggest consumer
8920,Wines - Frequent consumer
6678,Wines - Frequent consumer
3852,Wines - Frequent consumer
528,Wines - Frequent consumer
73,Wines - Low consumer
5589,Wines - Biggest consumer
10212,Wines - Frequent consumer
6365,Wines - Low consumer
5636,Wines - Frequent consumer
591,Wines - Frequent consumer
2217,Wines - Low consumer
2544,Wines - Frequent consumer
7725,Wines - Frequent consumer
8091,Wines - Frequent consumer
7321,Wines - Frequent consumer
5462,Wines - Biggest consumer
7791,Wines - Low consumer
955,Wines - Frequent consumer
4037,Wines - Low consumer
6642,Wines - Frequent consumer
2793,Wines - Biggest consumer
5424,Wines - Frequent consumer
879,Wines - Frequent consumer
9530,Wines - Low consumer
4828,Wines - Frequent consumer
10699,Wines - Frequent consumer
1497,Wines - Frequent consumer
7476,Wines - Biggest consumer
4390,Wines - Frequent consumer
10478,Wines - Frequent consumer
1081,Wines - Biggest consumer
4261,Wines - Biggest consumer
9916,Wines - Frequent consumer
5350,Wines - Biggest consumer
8135,Wines - Low consumer
8685,Wines - Frequent consumer
4967,Wines - Frequent consumer
2130,Wines - Frequent consumer
9298,Wines - Biggest consumer
8175,Wines - Frequent consumer
6257,Wines - Frequent consumer
3790,Wines - Low consumer
9952,Wines - Frequent consumer
3503,Wines - Frequent consumer
5223,Wines - Frequent consumer
4608,Wines - Frequent consumer
1626,Wines - Low consumer
4764,Wines - Frequent consumer
2471,Wines - Frequent consumer
5892,Wines - Frequent consumer
2612,Wines - Biggest consumer
4971,Wines - Frequent consumer
5185,Wines - Frequent consumer
10069,Wines - Low consumer
2262,Wines - Frequent consumer
1131,Wines - Frequent consumer
1041,Wines - Frequent consumer
24,Wines - Low consumer
3409,Wines - Frequent consumer
7022,Wines - Biggest consumer
7943,Wines - Low consumer
5272,Wines - Frequent consumer
5453,Wines - Biggest consumer
2565,Wines - Biggest consumer
800,Wines - Low consumer
11092,Wines - Low consumer
5062,Wines - Frequent consumer
8969,Wines - Biggest consumer
4656,Wines - Frequent consumer
4480,Wines - Frequent consumer
9971,Wines - Frequent consumer
6729,Wines - Frequent consumer
1773,Wines - Low consumer
9242,Wines - Biggest consumer
1764,Wines - Frequent consumer
6215,Wines - Low consumer
10099,Wines - Frequent consumer
5423,Wines - Low consumer
940,Wines - Frequent consumer
3011,Wines - Frequent consumer
3298,Wines - Biggest consumer
8286,Wines - Frequent consumer
9668,Wines - Low consumer
5120,Wines - Frequent consumer
6097,Wines - Frequent consumer
7019,Wines - Frequent consumer
7408,Wines - Frequent consumer
8041,Wines - Biggest consumer
252,Wines - Frequent consumer
9986,Wines - Low consumer
3276,Wines - Low consumer
3859,Wines - Frequent consumer
3570,Wines - Frequent consumer
3783,Wines - Frequent consumer
10207,Wines - Low consumer
10906,Wines - Frequent consumer
3427,Wines - Biggest consumer
5209,Wines - Frequent consumer
10711,Wines - Frequent consumer
10785,Wines - Low consumer
2814,Wines - Low consumer
6866,Wines - Low consumer
1665,Wines - Biggest consumer
6575,Wines - Frequent consumer
3829,Wines - Low consumer
3091,Wines - Frequent consumer
10141,Wines - Low consumer
5177,Wines - Frequent consumer
7005,Wines - Frequent consumer
6409,Wines - Frequent consumer
7485,Wines - Frequent consumer
8079,Wines - Low consumer
8395,Wines - Biggest consumer
10352,Wines - Frequent consumer
4931,Wines - Low consumer
13,Wines - Low consumer
1834,Wines - Frequent consumer
2285,Wines - Frequent consumer
2295,Wines - Biggest consumer
1378,Wines - Frequent consumer
2781,Wines - Biggest consumer
1165,Wines - Frequent consumer
1404,Wines - Frequent consumer
6457,Wines - Biggest consumer
2639,Wines - Low consumer
8299,Wines - Frequent consumer
6437,Wines - Low consumer
6912,Wines - Biggest consumer
7327,Wines - Low consumer
5299,Wines - Biggest consumer
4127,Wines - Biggest consumer
8143,Wines - Frequent consumer
1964,Wines - Frequent consumer
3690,Wines - Biggest consumer
3433,Wines - Frequent consumer
3389,Wines - Biggest consumer
4712,Wines - Low consumer
1170,Wines - Frequent consumer
6347,Wines - Low consumer
4065,Wines - Frequent consumer
8230,Wines - Low consumer
1215,Wines - Biggest consumer
5939,Wines - Frequent consumer
2156,Wines - Frequent consumer
7788,Wines - Low consumer
10323,Wines - Frequent consumer
7947,Wines - Low consumer
1891,Wines - Biggest consumer
2570,Wines - Biggest consumer
9256,Wines - Frequent consumer
295,Wines - Frequent consumer
7397,Wines - Frequent consumer
6349,Wines - Biggest consumer
10790,Wines - Low consumer
10398,Wines - Low consumer
2431,Wines - Low consumer
550,Wines - Frequent consumer
1890,Wines - Low consumer
10742,Wines - Biggest consumer
10356,Wines - Frequent consumer
4676,Wines - Biggest consumer
8852,Wines - Frequent consumer
3565,Wines - Frequent consumer
5294,Wines - Low consumer
1958,Wines - Biggest consumer
7349,Wines - Low consumer
8799,Wines - Frequent consumer
1351,Wines - Biggest consumer
1045,Wines - Frequent consumer
7732,Wines - Frequent consumer
8070,Wines - Frequent consumer
477,Wines - Biggest consumer
7832,Wines - Biggest consumer
2202,Wines - Frequent consumer
7396,Wines - Frequent consumer
4055,Wines - Low consumer
10340,Wines - Frequent consumer
10091,Wines - Biggest consumer
7629,Wines - Low consumer
10640,Wines - Frequent consumer
3498,Wines - Frequent consumer
6742,Wines - Low consumer
1172,Wines - Biggest consumer
569,Wines - Biggest consumer
4686,Wines - Biggest consumer
1381,Wines - Frequent consumer
2634,Wines - Low consumer
10905,Wines - Frequent consumer
1744,Wines - Low consumer
1000,Wines - Frequent consumer
3828,Wines - Biggest consumer
8605,Wines - Frequent consumer
10304,Wines - Low consumer
4351,Wines - Low consumer
10129,Wines - Frequent consumer
2499,Wines - Frequent consumer
10092,Wines - Biggest consumer
7500,Wines - Frequent consumer
5796,Wines - Biggest consumer
10556,Wines - Frequent consumer
1064,Wines - Low consumer
48,Wines - Frequent consumer
7610,Wines - Frequent consumer
263,Wines - Frequent consumer
10814,Wines - Frequent consumer
9710,Wines - Biggest consumer
9292,Wines - Frequent consumer
10250,Wines - Low consumer
7881,Wines - Biggest consumer
5847,Wines - Frequent consumer
737,Wines - Biggest consumer
3571,Wines - Biggest consumer
7807,Wines - Frequent consumer
3878,Wines - Low consumer
5092,Wines - Frequent consumer
2154,Wines - Low consumer
5394,Wines - Low consumer
3798,Wines - Low consumer
3524,Wines - Frequent consumer
5247,Wines - Frequent consumer
5883,Wines - Frequent consumer
2118,Wines - Frequent consumer
8812,Wines - Low consumer
6616,Wines - Frequent consumer
2797,Wines - Biggest consumer
4328,Wines - Low consumer
9167,Wines - Frequent consumer
10560,Wines - Low consumer
2631,Wines - Frequent consumer
8312,Wines - Low consumer
5534,Wines - Frequent consumer
5093,Wines - Frequent consumer
7592,Wines - Frequent consumer
8895,Wines - Frequent consumer
8584,Wines - Frequent consumer
2694,Wines - Low consumer
8910,Wines - Frequent consumer
7433,Wines - Frequent consumer
164,Wines - Frequent consumer
10477,Wines - Frequent consumer
2681,Wines - Frequent consumer
5150,Non consumer
5283,Wines - Frequent consumer
9645,Wines - Biggest consumer
10678,Wines - Biggest consumer
7261,Wines - Frequent consumer
9648,Wines - Frequent consumer
2870,Wines - Frequent consumer
8008,Wines - Frequent consumer
1513,Wines - Biggest consumer
6173,Wines - Frequent consumer
1419,Wines - Low consumer
9150,Wines - Frequent consumer
7960,Wines - Biggest consumer
1250,Wines - Frequent consumer
9905,Wines - Frequent consumer
10691,Wines - Low consumer
7002,Wines - Frequent consumer
2952,Wines - Frequent consumer
8439,Wines - Biggest consumer
762,Wines - Frequent consumer
2831,Wines - Frequent consumer
6977,Wines - Biggest consumer
6289,Wines - Frequent consumer
4168,Wines - Frequent consumer
8397,Wines - Low consumer
9284,Wines - Biggest consumer
6237,Wines - Frequent consumer
3130,Wines - Low consumer
1619,Wines - Frequent consumer
1990,Wines - Biggest consumer
5513,Wines - Frequent consumer
269,Wines - Biggest consumer
8093,Wines - Biggest consumer
10513,Wines - Frequent consumer
10177,Wines - Biggest consumer
2549,Wines - Low consumer
5782,Wines - Frequent consumer
10057,Wines - Frequent consumer
10307,Wines - Frequent consumer
8566,Wines - Low consumer
2415,Wines - Frequent consumer
5684,Wines - Frequent consumer
8334,Wines - Frequent consumer
9166,Wines - Frequent consumer
1440,Wines - Frequent consumer
78,Wines - Low consumer
5441,Wines - Frequent consumer
5302,Wines - Frequent consumer
4687,Wines - Biggest consumer
1087,Wines - Low consumer
6859,Wines - Frequent consumer
9860,Wines - Frequent consumer
7129,Wines - Biggest consumer
5866,Wines - Frequent consumer
10521,Wines - Frequent consumer
7393,Wines - Frequent consumer
7849,Wines - Frequent consumer
332,Wines - Frequent consumer
9847,Wines - Frequent consumer
531,Wines - Biggest consumer
9576,Wines - Frequent consumer
6906,Wines - Frequent consumer
7419,Wines - Low consumer
3170,Wines - Frequent consumer
8527,Wines - Frequent consumer
7872,Wines - Frequent consumer
9931,Wines - Low consumer
10595,Wines - Low consumer
4609,Wines - Frequent consumer
5010,Wines - Low consumer
4427,Wines - Biggest consumer
11148,Wines - Low consumer
1168,Wines - Frequent consumer
9595,Wines - Biggest consumer
10163,Wines - Biggest consumer
2886,Wines - Biggest consumer
6710,Wines - Frequent consumer
5316,Wines - Frequent consumer
9029,Wines - Biggest consumer
521,Wines - Frequent consumer
1459,Wines - Biggest consumer
10241,Non consumer
1630,Wines - Frequent consumer
3254,Wines - Frequent consumer
9064,Wines - Biggest consumer
3678,Wines - Frequent consumer
4227,Wines - Frequent consumer
9467,Wines - Low consumer
8486,Wines - Frequent consumer
2186,Wines - Biggest consumer
3286,Wines - Low consumer
8602,Wines - Frequent consumer
3722,Wines - Frequent consumer
6715,Wines - Frequent consumer
4796,Wines - Low consumer
9612,Wines - Low consumer
3766,Wines - Frequent consumer
1399,Wines - Frequent consumer
1570,Wines - Biggest consumer
3426,Wines - Biggest consumer
3074,Wines - Biggest consumer
8341,Wines - Low consumer
5180,Wines - Frequent consumer
6461,Wines - Biggest consumer
7679,Wines - Low consumer
10702,Wines - Frequent consumer
7505,Wines - Low consumer
5113,Wines - Biggest consumer
10858,Wines - Frequent consumer
2961,Wines - Frequent consumer
2747,Wines - Biggest consumer
3010,Wines - Biggest consumer
5790,Wines - Frequent consumer
6892,Wines - Biggest consumer
1743,Wines - Frequent consumer
3578,Wines - Frequent consumer
8462,Wines - Low consumer
5558,Wines - Biggest consumer
4619,Wines - Low consumer
8780,Wines - Frequent consumer
10789,Wines - Frequent consumer
10779,Wines - Low consumer
5896,Wines - Frequent consumer
2337,Wines - Low consumer
10951,Wines - Frequent consumer
544,Wines - Frequent consumer
17,Wines - Biggest consumer
10680,Wines - Frequent consumer
3265,Wines - Low consumer
5623,Wines - Low consumer
5832,Wines - Frequent consumer
5544,Wines - Biggest consumer
6417,Wines - Biggest consumer
5831,Wines - Biggest consumer
7101,Wines - Biggest consumer
10176,Wines - Frequent consumer
2326,Wines - Frequent consumer
4385,Wines - Low consumer
2929,Wines - Low consumer
10686,Wines - Low consumer
2546,Wines - Low consumer
3283,Wines - Frequent consumer
3138,Wines - Biggest consumer
4994,Wines - Biggest consumer
7966,Wines - Frequent consumer
3112,Wines - Low consumer
10872,Wines - Biggest consumer
2181,Wines - Frequent consumer
1867,Wines - Biggest consumer
1518,Wines - Frequent consumer
5734,Wines - Frequent consumer
2878,Wines - Frequent consumer
1458,Wines - Low consumer
7007,Wines - Low consumer
6200,Wines - Frequent consumer
1403,Wines - Low consumer
4827,Wines - Frequent consumer
6250,Wines - Biggest consumer
9291,Wines - Low consumer
2478,Wines - Low consumer
1139,Wines - Biggest consumer
5138,Wines - Low consumer
5393,Wines - Low consumer
10413,Wines - Frequent consumer
5015,Wines - Frequent consumer
10868,Wines - Frequent consumer
10676,Wines - Frequent consumer
2495,Wines - Frequent consumer
7842,Wines - Low consumer
9955,Wines - Frequent consumer
6663,Wines - Frequent consumer
2162,Wines - Frequent consumer
3434,Wines - Frequent consumer
7919,Wines - Biggest consumer
5626,Wines - Frequent consumer
6428,Wines - Biggest consumer
8514,Wines - Low consumer
10448,Wines - Frequent consumer
2109,Wines - Frequent consumer
7530,Wines - Frequent consumer
8925,Wines - Biggest consumer
3009,Wines - Biggest consumer
6355,Wines - Low consumer
3517,Wines - Frequent consumer
1158,Wines - Frequent consumer
6203,Wines - Frequent consumer
7165,Wines - Frequent consumer
3595,Wines - Biggest consumer
8537,Wines - Biggest consumer
4331,Wines - Biggest consumer
6281,Wines - Biggest consumer
4338,Wines - Low consumer
2452,Wines - Frequent consumer
9507,Wines - Frequent consumer
8360,Wines - Frequent consumer
10311,Wines - Low consumer
5117,Wines - Frequent consumer
4867,Wines - Frequent consumer
9289,Wines - Frequent consumer
10913,Wines - Low consumer
3032,Wines - Frequent consumer
8524,Wines - Frequent consumer
3334,Wines - Biggest consumer
4470,Wines - Frequent consumer
1406,Wines - Frequent consumer
8619,Wines - Low consumer
10821,Wines - Frequent consumer
4552,Wines - Frequent consumer
898,Wines - Frequent consumer
9797,Wines - Frequent consumer
10949,Wines - Biggest consumer
8212,Wines - Frequent consumer
6248,Wines - Biggest consumer
10164,Wines - Biggest consumer
4547,Wines - Low consumer
6815,Wines - Frequent consumer
4122,Wines - Frequent consumer
10841,Wines - Frequent consumer
5370,Wines - Frequent consumer
176,Wines - Frequent consumer
4860,Wines - Low consumer
10757,Wines - Low consumer
4023,Wines - Low consumer
6679,Wines - Low consumer
9923,Wines - Frequent consumer
7181,Wines - Frequent consumer
3599,Wines - Biggest consumer
405,Wines - Frequent consumer
6870,Wines - Frequent consumer
832,Wines - Biggest consumer
2002,Wines - Biggest consumer
3657,Wines - Frequent consumer
500,Wines - Biggest consumer
1951,Wines - Frequent consumer
3262,Wines - Biggest consumer
4102,Wines - Low consumer
7042,Wines - Low consumer
10598,Wines - Low consumer
255,Wines - Low consumer
2375,Wines - Low consumer
9829,Wines - Low consumer
6214,Wines - Low consumer
4954,Wines - Frequent consumer
7861,Wines - Biggest consumer
4837,Wines - Biggest consumer
9423,Wines - Low consumer
4198,Wines - Low consumer
153,Wines - Low consumer
9323,Wines - Biggest consumer
10001,Wines - Low consumer
3945,Wines - Biggest consumer
3799,Wines - Frequent consumer
8625,Wines - Low consumer
3491,Wines - Frequent consumer
983,Wines - Frequent consumer
9119,Wines - Frequent consumer
4786,Wines - Biggest consumer
5872,Wines - Frequent consumer
6568,Wines - Low consumer
5628,Wines - Biggest consumer
5631,Wines - Frequent consumer
4974,Wines - Frequent consumer
8416,Wines - Low consumer
5454,Wines - Frequent consumer
4095,Wines - Frequent consumer
5474,Wines - Frequent consumer
4268,Wines - Frequent consumer
10701,Wines - Biggest consumer
3507,Wines - Biggest consumer
2079,Wines - Frequent consumer
626,Wines - Low consumer
4426,Wines - Frequent consumer
2591,Wines - Biggest consumer
10509,Wines - Frequent consumer
6382,Wines - Frequent consumer
6673,Wines - Frequent consumer
7441,Wines - Biggest consumer
1071,Wines - Biggest consumer
10061,Wines - Biggest consumer
8775,Wines - Frequent consumer
2345,Wines - Biggest consumer
322,Wines - Frequent consumer
10897,Wines - Biggest consumer
123,Wines - Biggest consumer
6103,Wines - Frequent consumer
7899,Wines - Biggest consumer
10500,Wines - Low consumer
1655,Wines - Low consumer
2406,Wines - Frequent consumer
2712,Wines - Frequent consumer
5517,Wines - Low consumer
10643,Wines - Frequent consumer
2254,Wines - Biggest consumer
10281,Wines - Frequent consumer
6958,Wines - Low consumer
954,Wines - Low consumer
4643,Wines - Low consumer
6497,Wines - Frequent consumer
5396,Wines - Biggest consumer
1052,Wines - Biggest consumer
2802,Wines - Frequent consumer
6343,Wines - Biggest consumer
6507,Wines - Low consumer
7901,Wines - Low consumer
4865,Wines - Frequent consumer
2686,Non consumer
3107,Wines - Frequent consumer
7734,Wines - Frequent consumer
1146,Wines - Biggest consumer
11031,Wines - Frequent consumer
7428,Wines - Frequent consumer
975,Wines - Frequent consumer
1103,Wines - Biggest consumer
3422,Wines - Biggest consumer
1055,Wines - Frequent consumer
6544,Wines - Biggest consumer
1241,Wines - Low consumer
2909,Wines - Biggest consumer
5802,Wines - Low consumer
1407,Wines - Low consumer
6183,Wines - Frequent consumer
340,Wines - Frequent consumer
5991,Wines - Frequent consumer
3104,Wines - Biggest consumer
9729,Wines - Frequent consumer
1008,Wines - Biggest consumer
11091,Wines - Low consumer
3969,Wines - Frequent consumer
1916,Wines - Frequent consumer
9907,Wines - Biggest consumer
87,Non consumer
8659,Wines - Biggest consumer
6262,Wines - Biggest consumer
6147,Wines - Low consumer
8832,Wines - Frequent consumer
10067,Wines - Low consumer
7532,Wines - Frequent consumer
4915,Wines - Frequent consumer
2115,Wines - Frequent consumer
2088,Wines - Biggest consumer
2493,Wines - Frequent consumer
6292,Wines - Biggest consumer
1631,Wines - Biggest consumer
10104,Wines - Low consumer
3006,Wines - Low consumer
3919,Wines - Biggest consumer
11181,Wines - Low consumer
642,Wines - Low consumer
4369,Wines - Frequent consumer
10127,Wines - Frequent consumer
271,Wines - Frequent consumer
4973,Wines - Low consumer
2948,Wines - Frequent consumer
2715,Wines - Frequent consumer
10432,Wines - Low consumer
9216,Wines - Low consumer
7124,Wines - Frequent consumer
9727,Wines - Low consumer
5136,Wines - Biggest consumer
9790,Wines - Biggest consumer
1818,Wines - Frequent consumer
1100,Wines - Low consumer
7873,Wines - Frequent consumer
10609,Wines - Frequent consumer
6950,Wines - Frequent consumer
7233,Wines - Frequent consumer
9481,Wines - Low consumer
7699,Wines - Frequent consumer
2711,Wines - Low consumer
8933,Wines - Frequent consumer
8726,Wines - Frequent consumer
1515,Wines - Low consumer
5186,Wines - Biggest consumer
10157,Wines - Frequent consumer
5667,Wines - Biggest consumer
902,Wines - Frequent consumer
977,Wines - Frequent consumer
7313,Wines - Biggest consumer
7600,Wines - Low consumer
9706,Wines - Frequent consumer
2429,Wines - Biggest consumer
3520,Wines - Frequent consumer
10394,Wines - Biggest consumer
4548,Wines - Low consumer
9362,Wines - Frequent consumer
3968,Wines - Biggest consumer
4084,Wines - Frequent consumer
6721,Wines - Biggest consumer
2829,Wines - Biggest consumer
1772,Wines - Biggest consumer
1544,Wines - Biggest consumer
492,Wines - Frequent consumer
4377,Wines - Frequent consumer
4541,Wines - Frequent consumer
1321,Wines - Low consumer
8858,Wines - Biggest consumer
3266,Wines - Low consumer
11187,Wines - Low consumer
8207,Wines - Frequent consumer
9723,Wines - Biggest consumer
2666,Wines - Biggest consumer
5721,Wines - Biggest consumer
10652,Wines - Frequent consumer
1646,Wines - Low consumer
4418,Wines - Biggest consumer
2656,Wines - Low consumer
7990,Wines - Low consumer
8722,Wines - Biggest consumer
7118,Wines - Biggest consumer
2980,Wines - Low consumer
1839,Wines - Frequent consumer
10722,Wines - Frequent consumer
2632,Wines - Frequent consumer
9014,Wines - Frequent consumer
7620,Wines - Low consumer
10968,Wines - Frequent consumer
11133,Wines - Frequent consumer
2736,Wines - Frequent consumer
1876,Wines - Frequent consumer
5959,Wines - Frequent consumer
1092,Wines - Frequent consumer
4333,Wines - Frequent consumer
3850,Wines - Low consumer
6168,Wines - Frequent consumer
607,Wines - Frequent consumer
10469,Wines - Biggest consumer
6983,Wines - Low consumer
3661,Wines - Biggest consumer
9303,Wines - Low consumer
692,Wines - Low consumer
736,Wines - Low consumer
9589,Wines - Frequent consumer
4838,Wines - Low consumer
9246,Wines - Frequent consumer
6261,Wines - Frequent consumer
7366,Wines - Biggest consumer
10659,Wines - Low consumer
1448,Wines - Low consumer
4286,Wines - Biggest consumer
4749,Wines - Frequent consumer
4478,Wines - Frequent consumer
4201,Wines - Frequent consumer
10084,Wines - Low consumer
7004,Wines - Low consumer
9817,Wines - Biggest consumer
8080,Wines - Low consumer
8372,Wines - Low consumer
10870,Wines - Biggest consumer
4001,Wines - Frequent consumer
7270,Wines - Biggest consumer
8235,Wines - Frequent consumer
9405,Wines - Frequent consumer
